-- MySQL dump 10.13  Distrib 5.6.41, for Linux (x86_64)
--
-- Host: localhost    Database: bms_backend
-- ------------------------------------------------------
-- Server version	5.6.41-log

/*!40101 SET @OLD_CHARACTER_SET_CLIENT=@@CHARACTER_SET_CLIENT */;
/*!40101 SET @OLD_CHARACTER_SET_RESULTS=@@CHARACTER_SET_RESULTS */;
/*!40101 SET @OLD_COLLATION_CONNECTION=@@COLLATION_CONNECTION */;
/*!40101 SET NAMES utf8 */;
/*!40103 SET @OLD_TIME_ZONE=@@TIME_ZONE */;
/*!40103 SET TIME_ZONE='+00:00' */;
/*!40014 SET @OLD_UNIQUE_CHECKS=@@UNIQUE_CHECKS, UNIQUE_CHECKS=0 */;
/*!40014 SET @OLD_FOREIGN_KEY_CHECKS=@@FOREIGN_KEY_CHECKS, FOREIGN_KEY_CHECKS=0 */;
/*!40101 SET @OLD_SQL_MODE=@@SQL_MODE, SQL_MODE='NO_AUTO_VALUE_ON_ZERO' */;
/*!40111 SET @OLD_SQL_NOTES=@@SQL_NOTES, SQL_NOTES=0 */;

--
-- Table structure for table `Partner`
--

DROP TABLE IF EXISTS `Partner`;
/*!40101 SET @saved_cs_client     = @@character_set_client */;
/*!40101 SET character_set_client = utf8 */;
CREATE TABLE `Partner` (
  `id` char(32) NOT NULL,
  `partner_number` int(11) NOT NULL,
  `name` varchar(150) NOT NULL,
  `abbr` varchar(150) NOT NULL,
  `phone` varchar(15) NOT NULL,
  `fax` varchar(15) NOT NULL,
  `postal_code` varchar(20) NOT NULL,
  `address` longtext NOT NULL,
  `note` longtext NOT NULL,
  `is_delivery_destination` tinyint(1) NOT NULL,
  `is_supplier` tinyint(1) NOT NULL,
  `is_manufacturer` tinyint(1) NOT NULL,
  `created_at` datetime(6) NOT NULL,
  `modified_at` datetime(6) NOT NULL,
  `company_id` char(32) NOT NULL,
  `created_by_id` char(32) NOT NULL,
  `modified_by_id` char(32) NOT NULL,
  `is_customer` tinyint(1) NOT NULL,
  PRIMARY KEY (`id`),
  UNIQUE KEY `Partner_company_id_partner_number_057159aa_uniq` (`company_id`,`partner_number`),
  KEY `Partner_created_by_id_0251f090_fk_user_id` (`created_by_id`),
  KEY `Partner_modified_by_id_37357de7_fk_user_id` (`modified_by_id`),
  CONSTRAINT `Partner_company_id_85152c75_fk_user_company_id` FOREIGN KEY (`company_id`) REFERENCES `user_company` (`id`),
  CONSTRAINT `Partner_created_by_id_0251f090_fk_user_id` FOREIGN KEY (`created_by_id`) REFERENCES `user` (`id`),
  CONSTRAINT `Partner_modified_by_id_37357de7_fk_user_id` FOREIGN KEY (`modified_by_id`) REFERENCES `user` (`id`)
) ENGINE=InnoDB DEFAULT CHARSET=utf8;
/*!40101 SET character_set_client = @saved_cs_client */;

--
-- Dumping data for table `Partner`
--

LOCK TABLES `Partner` WRITE;
/*!40000 ALTER TABLE `Partner` DISABLE KEYS */;
INSERT INTO `Partner` VALUES ('03af4eba8a1440248e032cbd7735bdf5',13,'YSK CORPORATION','YSK','','','45601-8819','1 Colomet Drive Chillicothe, OH USA','',1,0,0,'2019-03-08 05:24:10.941634','2019-03-08 05:24:53.265502','934b0f1c099b4c07a6df75c894659048','1f3cc4b7c2154011a379f6fa1a16f530','1f3cc4b7c2154011a379f6fa1a16f530',1),('06b3924c9f524810af6bd9690842df99',68,'Southco','Southco','','','','','',0,0,1,'2019-03-14 22:55:37.966365','2019-03-14 22:55:37.966432','934b0f1c099b4c07a6df75c894659048','1f3cc4b7c2154011a379f6fa1a16f530','1f3cc4b7c2154011a379f6fa1a16f530',0),('0c1486686d6841ec8abdae73f4443e56',17,'MISUMI USA','MISUMI','','','','','',0,1,1,'2019-03-14 22:54:29.820703','2019-03-31 02:10:59.840962','934b0f1c099b4c07a6df75c894659048','1f3cc4b7c2154011a379f6fa1a16f530','1f3cc4b7c2154011a379f6fa1a16f530',0),('0d2e027a57d041a18b0c5c57989595e1',61,'Musashi Seimitsu Industry Co., Ltd.','Musashi','','','','','',0,0,1,'2019-03-14 22:55:29.397059','2019-03-14 22:55:29.397156','934b0f1c099b4c07a6df75c894659048','1f3cc4b7c2154011a379f6fa1a16f530','1f3cc4b7c2154011a379f6fa1a16f530',0),('130ef76db753428ba5125c82b58bce62',1,'ADVICS MANUFACTURING OHIO, INC','ADSMO','','','45036','1650 Kingsview Drive Lebanon, OH USA','',1,0,0,'2019-03-08 05:23:55.354745','2019-03-08 05:25:37.149588','934b0f1c099b4c07a6df75c894659048','1f3cc4b7c2154011a379f6fa1a16f530','1f3cc4b7c2154011a379f6fa1a16f530',1),('18f5b85ba2714962b75612d1b68738e3',24,'OTP Industrial solutions','OTP','','','45044','Park 63, 400 Wright Drive Middletown, OH','',0,1,0,'2019-03-14 22:54:39.672257','2019-03-14 22:54:39.672467','934b0f1c099b4c07a6df75c894659048','1f3cc4b7c2154011a379f6fa1a16f530','1f3cc4b7c2154011a379f6fa1a16f530',0),('1a7c04158f9f4910933677c33c276855',74,'Dongan Electric','Dongan','','','','','',0,0,1,'2019-03-14 22:55:44.956617','2019-03-14 22:55:44.956685','934b0f1c099b4c07a6df75c894659048','1f3cc4b7c2154011a379f6fa1a16f530','1f3cc4b7c2154011a379f6fa1a16f530',0),('1fe897343c7e4f15acd1add8062f65d7',45,'Patelite Corporation','Patelite','','','','','',0,0,1,'2019-03-14 22:55:07.702860','2019-03-14 22:55:07.702972','934b0f1c099b4c07a6df75c894659048','1f3cc4b7c2154011a379f6fa1a16f530','1f3cc4b7c2154011a379f6fa1a16f530',0),('206bc4bfafe7444198b6662179639876',20,'Star Manufacturing','Star','','','45246','9818 Princeton-Glendale Road, Cincinnati, OH','',0,1,1,'2019-03-14 22:54:34.297277','2019-03-14 22:54:34.297343','934b0f1c099b4c07a6df75c894659048','1f3cc4b7c2154011a379f6fa1a16f530','1f3cc4b7c2154011a379f6fa1a16f530',0),('23c834f9745741df804a6aa7e7f4c8fc',32,'Empire','Empire','','','48309','2119 Austine Ave. Rochester Hills, MI','',0,1,0,'2019-03-14 22:54:50.508463','2019-03-14 22:54:50.508531','934b0f1c099b4c07a6df75c894659048','1f3cc4b7c2154011a379f6fa1a16f530','1f3cc4b7c2154011a379f6fa1a16f530',0),('2dbe794e67f34c28a2f5e934ee672ad2',42,'Wells Brothers Inc','Wells','','','45302','105 Shue Drive Anna, OH','',0,1,0,'2019-03-14 22:55:03.891339','2019-03-14 22:55:03.891404','934b0f1c099b4c07a6df75c894659048','1f3cc4b7c2154011a379f6fa1a16f530','1f3cc4b7c2154011a379f6fa1a16f530',0),('2feadac4a4394d13b937aeb8422781f9',27,'Grainger','','','','','','',0,1,1,'2019-03-14 22:54:43.432295','2019-03-14 22:54:43.432523','934b0f1c099b4c07a6df75c894659048','1f3cc4b7c2154011a379f6fa1a16f530','1f3cc4b7c2154011a379f6fa1a16f530',0),('324d042fe2b743d4a61c769cf1939e4d',67,'TOGI','TOGI','','','','','',0,0,1,'2019-03-14 22:55:36.833464','2019-03-14 22:55:36.833557','934b0f1c099b4c07a6df75c894659048','1f3cc4b7c2154011a379f6fa1a16f530','1f3cc4b7c2154011a379f6fa1a16f530',0),('33da1411a9514481947cdbda017fbc7d',38,'Cosmo Solutions Technology, Inc','Cosmo','','','48375','40000 Grand River Avenue, Suite 206 Novi, MI','',0,1,1,'2019-03-14 22:54:58.633652','2019-03-14 22:54:58.633719','934b0f1c099b4c07a6df75c894659048','1f3cc4b7c2154011a379f6fa1a16f530','1f3cc4b7c2154011a379f6fa1a16f530',0),('388521aa1f1b4458a2a55b3d4ce06066',76,'ツバキ山九チェーン','ツバキ山九チェーン','','','','','',0,0,1,'2019-03-31 02:17:38.990763','2019-03-31 02:23:47.216042','934b0f1c099b4c07a6df75c894659048','1f3cc4b7c2154011a379f6fa1a16f530','1f3cc4b7c2154011a379f6fa1a16f530',0),('3ac1375ff661433390a0e55e96b93a9e',39,'Mechanic Machining (Shenzhen) Co., Ltd','Shenzhen','','','','','',0,1,0,'2019-03-14 22:54:59.872198','2019-03-14 22:54:59.872282','934b0f1c099b4c07a6df75c894659048','1f3cc4b7c2154011a379f6fa1a16f530','1f3cc4b7c2154011a379f6fa1a16f530',0),('3df8d11091c54f5693901248f68b3f73',51,'HIROSE','HIROSE','','','','','',0,0,1,'2019-03-14 22:55:15.471147','2019-03-14 22:55:15.471214','934b0f1c099b4c07a6df75c894659048','1f3cc4b7c2154011a379f6fa1a16f530','1f3cc4b7c2154011a379f6fa1a16f530',0),('3e5e4d1105c4441cafe1ff86bf367acd',22,'Allied Electronics','Allied','','','43085-2374','250 E.Wilson Bridge Road, Suite 270 Worthington, OH','',0,1,0,'2019-03-14 22:54:36.966195','2019-03-14 22:54:36.966289','934b0f1c099b4c07a6df75c894659048','1f3cc4b7c2154011a379f6fa1a16f530','1f3cc4b7c2154011a379f6fa1a16f530',0),('3ed21d4329d44d819f9c6d0e86579fbf',11,'Tokyo Sangyo, Inc.','Tokyo Sangyo US','','','45040','7577 Central Parke Blvd. Suite 213 Mason, OH USA','',0,0,0,'2019-03-08 05:24:08.501743','2019-03-08 05:25:00.333444','934b0f1c099b4c07a6df75c894659048','1f3cc4b7c2154011a379f6fa1a16f530','1f3cc4b7c2154011a379f6fa1a16f530',1),('427d7c2a4dc040f6b9944e05d78e99d7',10,'Sumitomo Shoji Machinex Co., Ltd.','SMX','','','541-0041','12th Floor, Sumitomo Building 4-5-33 Kitahama Chuo-ku Osaka, Japan','',0,0,0,'2019-03-08 05:24:07.150864','2019-03-08 05:25:03.961730','934b0f1c099b4c07a6df75c894659048','1f3cc4b7c2154011a379f6fa1a16f530','1f3cc4b7c2154011a379f6fa1a16f530',1),('42d8810b54f64efe87856fd59aff9643',1,'test','test','','','','','',0,0,1,'2019-03-29 06:03:29.844805','2019-03-29 06:03:29.844878','000615fcecb94400974a6781b96eabc0','1ceeb8375ae443d5823be060d730bb6e','1ceeb8375ae443d5823be060d730bb6e',0),('4412f6bb9ab941baa48c5f64c61c9950',43,'TRIAD Technologies','Triad','','','45459','985 Fall Creek Drive, Vandalia, OH','',0,1,0,'2019-03-14 22:55:05.120837','2019-03-14 22:55:05.121147','934b0f1c099b4c07a6df75c894659048','1f3cc4b7c2154011a379f6fa1a16f530','1f3cc4b7c2154011a379f6fa1a16f530',0),('49a6166df6ce49cd94d432fdbb7ba4cf',40,'SEDECO USA','Sedeco','','','','','',0,1,0,'2019-03-14 22:55:01.206122','2019-03-14 22:55:01.206187','934b0f1c099b4c07a6df75c894659048','1f3cc4b7c2154011a379f6fa1a16f530','1f3cc4b7c2154011a379f6fa1a16f530',0),('521e21dd1f464254924d9ac10231e838',58,'UNIPULSE','UNIPULSE','','','','','',0,0,1,'2019-03-14 22:55:25.931379','2019-03-14 22:55:25.931448','934b0f1c099b4c07a6df75c894659048','1f3cc4b7c2154011a379f6fa1a16f530','1f3cc4b7c2154011a379f6fa1a16f530',0),('5e3771baf0a14b9c828c86a9a868b2dd',49,'NITTO DENKO CORPORATION','NITTO','','','','','',0,0,1,'2019-03-14 22:55:12.735660','2019-03-14 22:55:12.735730','934b0f1c099b4c07a6df75c894659048','1f3cc4b7c2154011a379f6fa1a16f530','1f3cc4b7c2154011a379f6fa1a16f530',0),('624f8a1462684e348806d3532d444b37',8,'Sanritsu America, Inc.','Sanritsu','','','45431','4200 Colonel Glenn Highway, Suite 300, Beavercreek, OH USA','',0,0,0,'2019-03-08 05:24:04.615107','2019-03-08 05:25:11.113961','934b0f1c099b4c07a6df75c894659048','1f3cc4b7c2154011a379f6fa1a16f530','1f3cc4b7c2154011a379f6fa1a16f530',1),('65e5a01ee13c40c7a58d394cc846f460',50,'APISTE  CORPORATION','APISTE','','','','','',0,0,1,'2019-03-14 22:55:14.136202','2019-03-14 22:55:14.136289','934b0f1c099b4c07a6df75c894659048','1f3cc4b7c2154011a379f6fa1a16f530','1f3cc4b7c2154011a379f6fa1a16f530',0),('67ef8fead67b443881e45ce3162214b4',63,'Panasonic','Panasonic','','','','','',0,0,1,'2019-03-14 22:55:31.909291','2019-03-14 22:55:31.909463','934b0f1c099b4c07a6df75c894659048','1f3cc4b7c2154011a379f6fa1a16f530','1f3cc4b7c2154011a379f6fa1a16f530',0),('68bfe991ded04e63b36544b44fc81bc1',12,'USUI International corporation OH','USUI','','','45241','88 Partnership Way Sharonville, OH USA','',1,0,0,'2019-03-08 05:24:09.732089','2019-03-08 05:24:57.071764','934b0f1c099b4c07a6df75c894659048','1f3cc4b7c2154011a379f6fa1a16f530','1f3cc4b7c2154011a379f6fa1a16f530',1),('69771aeb221b41f0aad2311ede460ce6',75,'Oriental Mortor','Oriental Mortor','','','','','',0,0,1,'2019-03-29 05:41:10.870262','2019-03-29 05:41:10.870330','934b0f1c099b4c07a6df75c894659048','1f3cc4b7c2154011a379f6fa1a16f530','1f3cc4b7c2154011a379f6fa1a16f530',0),('6a4b37492b354fe6b9980a132f80baf9',6,'MC MACHINERY SYSTEMS, INC.','MEAA','','','60007','85 Northwest Poing Blvd. Elk Grove Village, IL USA','',1,0,0,'2019-03-08 05:24:02.079284','2019-03-08 05:25:18.106684','934b0f1c099b4c07a6df75c894659048','1f3cc4b7c2154011a379f6fa1a16f530','1f3cc4b7c2154011a379f6fa1a16f530',1),('6da3e384786e499d962ba05fe5fed277',54,'BANNER','BANNER','','','','','',0,1,1,'2019-03-14 22:55:19.349797','2019-03-14 22:55:19.349891','934b0f1c099b4c07a6df75c894659048','1f3cc4b7c2154011a379f6fa1a16f530','1f3cc4b7c2154011a379f6fa1a16f530',0),('6e98801046104504aaa96929a1ddfbf3',64,'Glockner Oil Company','Glockner','','','43217','2144 John Glenn Avenue Columbus OH','',0,1,1,'2019-03-14 22:55:33.136691','2019-03-14 22:55:33.136788','934b0f1c099b4c07a6df75c894659048','1f3cc4b7c2154011a379f6fa1a16f530','1f3cc4b7c2154011a379f6fa1a16f530',0),('73b8c8366357446299b4ede87d81278f',57,'TSUBAKIMOTO','TSUBAKI','','','','','',0,0,1,'2019-03-14 22:55:24.390893','2019-03-14 22:55:24.390981','934b0f1c099b4c07a6df75c894659048','1f3cc4b7c2154011a379f6fa1a16f530','1f3cc4b7c2154011a379f6fa1a16f530',0),('7466e07a3a244ca7a1e676c81527cf1a',18,'IDEC CORPORATION','IDEC','','','45251','3078 Compton Road, Cincinnati, OH','',0,0,1,'2019-03-14 22:54:31.057160','2019-03-14 22:54:31.057236','934b0f1c099b4c07a6df75c894659048','1f3cc4b7c2154011a379f6fa1a16f530','1f3cc4b7c2154011a379f6fa1a16f530',0),('769bb44b81c044e288e206cc7dbbfc26',9,'Sumitomo Corporation of Americas','Sumitomo','','','48393','30260 Oak Creek Drive Wixom, MI USA','',0,0,0,'2019-03-08 05:24:05.981092','2019-03-08 05:25:07.161174','934b0f1c099b4c07a6df75c894659048','1f3cc4b7c2154011a379f6fa1a16f530','1f3cc4b7c2154011a379f6fa1a16f530',1),('7fce2a8b28a6454ab6d7af18627bf012',37,'Queen City Polymers','Queen City','','','45069','6101 Schumacher Park Dr. Cincinnati, OH','',0,1,1,'2019-03-14 22:54:57.097457','2019-03-14 22:54:57.097550','934b0f1c099b4c07a6df75c894659048','1f3cc4b7c2154011a379f6fa1a16f530','1f3cc4b7c2154011a379f6fa1a16f530',0),('8207ed771b544ca4b07c3a4bb2b623b6',26,'C&E sales, inc.','C & E','','','45459','677 Congress Park Dayton, OH','',0,1,0,'2019-03-14 22:54:42.065419','2019-03-14 22:54:42.065525','934b0f1c099b4c07a6df75c894659048','1f3cc4b7c2154011a379f6fa1a16f530','1f3cc4b7c2154011a379f6fa1a16f530',0),('8267c910302f439d9db3c68b4bb81836',60,'Schuster Electronics','Schuster','','','','','',0,1,1,'2019-03-14 22:55:28.238870','2019-03-14 22:55:28.238952','934b0f1c099b4c07a6df75c894659048','1f3cc4b7c2154011a379f6fa1a16f530','1f3cc4b7c2154011a379f6fa1a16f530',0),('82e92f9259944050a80f67f8154aa633',41,'Accu-Tool','Accutool','','','45371','9765 Julie Court, Tipp City, OH','',0,1,0,'2019-03-14 22:55:02.575507','2019-03-14 22:55:02.575574','934b0f1c099b4c07a6df75c894659048','1f3cc4b7c2154011a379f6fa1a16f530','1f3cc4b7c2154011a379f6fa1a16f530',0),('8e4158d459914592ab3d519c886285a1',44,'Fuji Electric','FUJI','','','','','',0,0,1,'2019-03-14 22:55:06.452598','2019-03-31 02:30:42.686309','934b0f1c099b4c07a6df75c894659048','1f3cc4b7c2154011a379f6fa1a16f530','1f3cc4b7c2154011a379f6fa1a16f530',0),('91f8d94515634b1ebf16c10c41c05864',65,'Fujikin','Fujikin','','','','','',0,0,1,'2019-03-14 22:55:34.309411','2019-03-14 22:55:34.309523','934b0f1c099b4c07a6df75c894659048','1f3cc4b7c2154011a379f6fa1a16f530','1f3cc4b7c2154011a379f6fa1a16f530',0),('9401deb173b04474b09bcb1f72b34696',15,'OMRON AUTOMATION AMERICAS','Omron','','','43017','5860 Venture Drive, Suite D Dublin, OH','',0,0,1,'2019-03-14 22:53:30.916033','2019-03-14 22:53:30.916289','934b0f1c099b4c07a6df75c894659048','1f3cc4b7c2154011a379f6fa1a16f530','1f3cc4b7c2154011a379f6fa1a16f530',0),('968d1e380a9a447883a38e3cd2857a27',5,'MARUKA U.S.A. INC.','MARUKA','','','41042','7453 Empire Drive Suite 140 Florence, KY USA','',0,0,0,'2019-03-08 05:24:00.991367','2019-03-08 05:25:21.297844','934b0f1c099b4c07a6df75c894659048','1f3cc4b7c2154011a379f6fa1a16f530','1f3cc4b7c2154011a379f6fa1a16f530',1),('99c3ad7a8ee849898dc0860c63702b29',3,'Kyotoseiko co., ltd.','KSJ','','','611-0041','19-8, SENZOKU MAKISHIMA-CHO, UJI, KYOTO, JAPAN','',1,1,1,'2019-03-08 05:23:58.720552','2019-03-08 05:25:29.030033','934b0f1c099b4c07a6df75c894659048','1f3cc4b7c2154011a379f6fa1a16f530','1f3cc4b7c2154011a379f6fa1a16f530',1),('a082f8e06a024e0395585692e70cd5bf',33,'Tooling Zone Inc.','Tooling Zone','','','45066','285 S. Pioneer Blvd. Springboro, OH','',0,1,0,'2019-03-14 22:54:51.766072','2019-03-14 22:54:51.766180','934b0f1c099b4c07a6df75c894659048','1f3cc4b7c2154011a379f6fa1a16f530','1f3cc4b7c2154011a379f6fa1a16f530',0),('a194ee454899457d9584ff8bb80dafc6',36,'Precision Tools Service, Inc.','PTS','','','43064','8305 Estates Parkway Plain City, OH','',0,1,0,'2019-03-14 22:54:55.936520','2019-03-14 22:54:55.936606','934b0f1c099b4c07a6df75c894659048','1f3cc4b7c2154011a379f6fa1a16f530','1f3cc4b7c2154011a379f6fa1a16f530',0),('a293a2de724044de8ad32752a356f557',62,'NBK','NBK','','','','','',0,0,1,'2019-03-14 22:55:30.457414','2019-03-14 22:55:30.457481','934b0f1c099b4c07a6df75c894659048','1f3cc4b7c2154011a379f6fa1a16f530','1f3cc4b7c2154011a379f6fa1a16f530',0),('a4cc2ac4eb534f4e9e5988b23b72bac5',23,'MQ Automation','MQ','','','45237','1859 Section road Cincinnati. OH','',0,1,0,'2019-03-14 22:54:38.343971','2019-03-14 22:54:38.344038','934b0f1c099b4c07a6df75c894659048','1f3cc4b7c2154011a379f6fa1a16f530','1f3cc4b7c2154011a379f6fa1a16f530',0),('a4fb1cd8834c452ab879dfb4f14427ef',16,'IAI America, Inc.','IAI','','','60173/45434','110 E. State {arlwau. Schaumburg, IL/2964 Patsie Dr. Beavercreek, OH','',0,0,1,'2019-03-14 22:53:32.495430','2019-03-14 22:53:32.495530','934b0f1c099b4c07a6df75c894659048','1f3cc4b7c2154011a379f6fa1a16f530','1f3cc4b7c2154011a379f6fa1a16f530',0),('a7a7ad17364c4207b1c6b2a5bf4b4bb5',34,'Brehob Corporation','Brehob','','','','','',0,1,1,'2019-03-14 22:54:52.968082','2019-03-14 22:54:52.968147','934b0f1c099b4c07a6df75c894659048','1f3cc4b7c2154011a379f6fa1a16f530','1f3cc4b7c2154011a379f6fa1a16f530',0),('a826845e556040afa5a8c4c5668ab2f8',21,'Palmer Bolt & Supply Co.','Palmer','','','45356','250 First Street PO Box 401 Piqua, OH','',0,1,0,'2019-03-14 22:54:35.561154','2019-03-14 22:54:35.561233','934b0f1c099b4c07a6df75c894659048','1f3cc4b7c2154011a379f6fa1a16f530','1f3cc4b7c2154011a379f6fa1a16f530',0),('a8920239e6b64733971a1f1dba9b703b',48,'COSEL CO., LTD.','COSEL','','','','','',0,0,1,'2019-03-14 22:55:11.453750','2019-03-14 22:55:11.453817','934b0f1c099b4c07a6df75c894659048','1f3cc4b7c2154011a379f6fa1a16f530','1f3cc4b7c2154011a379f6fa1a16f530',0),('aa2c6cbd0b0a4b0c94fd68d5ffd73d6a',53,'NACHI AMERICA, Inc.','Nachi','','','','','',0,1,1,'2019-03-14 22:55:18.110264','2019-03-14 22:55:18.110334','934b0f1c099b4c07a6df75c894659048','1f3cc4b7c2154011a379f6fa1a16f530','1f3cc4b7c2154011a379f6fa1a16f530',0),('ac06443e80bc4a87a0ac3af79330d0ad',66,'Hirose Valves','Hirose Valve','','','','','',0,0,1,'2019-03-14 22:55:35.466588','2019-03-14 22:55:35.466690','934b0f1c099b4c07a6df75c894659048','1f3cc4b7c2154011a379f6fa1a16f530','1f3cc4b7c2154011a379f6fa1a16f530',0),('aff6f84322684910ab7813e3db8ae044',70,'YAMAHA Mortor Co., Ltd.','YAMAHA','','','','','',0,0,1,'2019-03-14 22:55:40.428178','2019-03-14 22:55:40.428519','934b0f1c099b4c07a6df75c894659048','1f3cc4b7c2154011a379f6fa1a16f530','1f3cc4b7c2154011a379f6fa1a16f530',0),('b82374dbcafe41c4b3abee52aa4bacea',25,'Towers Fastners Co., Inc.','Towers','','','11742','1690 North Ocean Ave, Holtsville, NY','',0,1,0,'2019-03-14 22:54:40.817599','2019-03-14 22:54:40.817664','934b0f1c099b4c07a6df75c894659048','1f3cc4b7c2154011a379f6fa1a16f530','1f3cc4b7c2154011a379f6fa1a16f530',0),('b9247e501bdf44b6912e8013891709ba',19,'KEYENCE CORP. OF AMERICA','KEYENCE','','','45242','4555 Lake Forest Drive, Suite 375, Cincinnati, OH','',0,1,1,'2019-03-14 22:54:33.013031','2019-03-31 02:18:13.517964','934b0f1c099b4c07a6df75c894659048','1f3cc4b7c2154011a379f6fa1a16f530','1f3cc4b7c2154011a379f6fa1a16f530',0),('b94340923e8e4438b7e9ccfa8221d154',55,'NOK','NOK','','','','','',0,0,1,'2019-03-14 22:55:20.561943','2019-03-14 22:55:20.562086','934b0f1c099b4c07a6df75c894659048','1f3cc4b7c2154011a379f6fa1a16f530','1f3cc4b7c2154011a379f6fa1a16f530',0),('bc2be84310824efcae40871f0e7ed422',29,'Centerline Tool & Machine','Centerline','','','45403','1330 E. Second St. Dayton OH','',0,1,0,'2019-03-14 22:54:46.193879','2019-03-14 22:54:46.193952','934b0f1c099b4c07a6df75c894659048','1f3cc4b7c2154011a379f6fa1a16f530','1f3cc4b7c2154011a379f6fa1a16f530',0),('bc71c50fff4e4f78a6a3115989533fd4',71,'Swagelok','Swagelok','','','','','',0,0,1,'2019-03-14 22:55:41.602941','2019-03-14 22:55:41.603044','934b0f1c099b4c07a6df75c894659048','1f3cc4b7c2154011a379f6fa1a16f530','1f3cc4b7c2154011a379f6fa1a16f530',0),('bd96f7ac9615450596666a07296e58b1',56,'TAIYOTEKKO','TAIYOTEKKO','','','','','',0,0,1,'2019-03-14 22:55:22.486419','2019-03-14 22:55:22.486506','934b0f1c099b4c07a6df75c894659048','1f3cc4b7c2154011a379f6fa1a16f530','1f3cc4b7c2154011a379f6fa1a16f530',0),('c408612883e341a9a88d9519891afd5b',31,'Beaver Valley Supply Company Inc.','Beaver','','','45434','781 Factory Road Beavercreek, OH 45434','',0,1,0,'2019-03-14 22:54:48.959030','2019-03-14 22:54:48.959096','934b0f1c099b4c07a6df75c894659048','1f3cc4b7c2154011a379f6fa1a16f530','1f3cc4b7c2154011a379f6fa1a16f530',0),('c47db7d115c34c389fe5059ebe8afce4',52,'CKD USA','CKD','','','','','',0,1,1,'2019-03-14 22:55:16.670592','2019-03-14 22:55:16.670661','934b0f1c099b4c07a6df75c894659048','1f3cc4b7c2154011a379f6fa1a16f530','1f3cc4b7c2154011a379f6fa1a16f530',0),('c931b8ae66084d7bbd4551d5082aef02',73,'WON','Won','','','','','',0,0,1,'2019-03-14 22:55:43.753200','2019-03-14 22:55:43.753278','934b0f1c099b4c07a6df75c894659048','1f3cc4b7c2154011a379f6fa1a16f530','1f3cc4b7c2154011a379f6fa1a16f530',0),('d2f38615a52741d393dbfee297b911f7',35,'Cincinnati Hose & Fittings/Kentucky Fluid Air','Cincinnati hose','','','45241','11632 Rockfield court Cincinnati OH','',0,1,0,'2019-03-14 22:54:54.436545','2019-03-14 22:54:54.436644','934b0f1c099b4c07a6df75c894659048','1f3cc4b7c2154011a379f6fa1a16f530','1f3cc4b7c2154011a379f6fa1a16f530',0),('d709fa36b26f4828b637887c27285e77',72,'Parker','Parker','','','','','',0,1,1,'2019-03-14 22:55:42.687870','2019-03-14 22:55:42.687967','934b0f1c099b4c07a6df75c894659048','1f3cc4b7c2154011a379f6fa1a16f530','1f3cc4b7c2154011a379f6fa1a16f530',0),('dc3c5a67dc634700922d065584bc23ca',69,'JIS','JIS','','','','','',0,0,1,'2019-03-14 22:55:39.093412','2019-03-14 22:55:39.093560','934b0f1c099b4c07a6df75c894659048','1f3cc4b7c2154011a379f6fa1a16f530','1f3cc4b7c2154011a379f6fa1a16f530',0),('e339fe6f57334caf97653a37c201b067',14,'SMC Corporation of America','SMC','','','41018','4598 Olympic Boulevard, Erlanger, KY','',0,0,1,'2019-03-14 22:53:29.628877','2019-03-29 05:42:32.221946','934b0f1c099b4c07a6df75c894659048','1f3cc4b7c2154011a379f6fa1a16f530','1f3cc4b7c2154011a379f6fa1a16f530',0),('e4c0aaf4771b43b5924b0c5acda376b5',59,'THK','THK','','','','','',0,0,1,'2019-03-14 22:55:27.114857','2019-03-14 22:55:27.115205','934b0f1c099b4c07a6df75c894659048','1f3cc4b7c2154011a379f6fa1a16f530','1f3cc4b7c2154011a379f6fa1a16f530',0),('e513285a6234405dbfe821a88493bd69',46,'Mitsubishi Electric','Mitsubishi','','','','','',0,0,1,'2019-03-14 22:55:08.884528','2019-03-14 22:55:08.884595','934b0f1c099b4c07a6df75c894659048','1f3cc4b7c2154011a379f6fa1a16f530','1f3cc4b7c2154011a379f6fa1a16f530',0),('e6cd49b1a2d94e8f83e830f36a5c51e4',2,'Hitachi Powdered Metals(USA), Inc.','HPMA','','','47240','1024 Barachel Lane P.O. Box 588 Greensburg, IN USA','',1,0,0,'2019-03-08 05:23:57.239798','2019-03-08 05:25:32.840139','934b0f1c099b4c07a6df75c894659048','1f3cc4b7c2154011a379f6fa1a16f530','1f3cc4b7c2154011a379f6fa1a16f530',1),('e7960139014b4710bf51480797e6629f',28,'McMaster-Carr','McMaster','','','','','',0,1,1,'2019-03-14 22:54:44.987510','2019-03-14 22:54:44.987581','934b0f1c099b4c07a6df75c894659048','1f3cc4b7c2154011a379f6fa1a16f530','1f3cc4b7c2154011a379f6fa1a16f530',0),('f47679821b8545a8a873fb451f6b162d',4,'MAHLE Filter Systems, North America, Inc.','MAHLE','','','37127','906 Butler Drive Murfreesboro, TN USA','',1,0,0,'2019-03-08 05:23:59.791666','2019-03-08 05:25:24.928155','934b0f1c099b4c07a6df75c894659048','1f3cc4b7c2154011a379f6fa1a16f530','1f3cc4b7c2154011a379f6fa1a16f530',1),('f75707919ea645ee8b725431e30a3a52',7,'SANKYU U.S.A. INCORPORATED','Sankyu','','','60143','555 Pierce Road, #125 Itasca, IL USA','',0,0,0,'2019-03-08 05:24:03.442898','2019-03-08 05:33:15.736723','934b0f1c099b4c07a6df75c894659048','1f3cc4b7c2154011a379f6fa1a16f530','1f3cc4b7c2154011a379f6fa1a16f530',1),('fb9fa86a9bac4c86b845b0e4fad3b8c2',30,'Fries Machine & Tool, LLC','Fries','','','45414','5729 Webster Street Dayton OH','',0,1,0,'2019-03-14 22:54:47.285926','2019-03-14 22:54:47.286018','934b0f1c099b4c07a6df75c894659048','1f3cc4b7c2154011a379f6fa1a16f530','1f3cc4b7c2154011a379f6fa1a16f530',0),('fea3bc9d34d348afb1755234f15ebb2e',47,'KASUGA SEIKI Ltd','KASUGA','','','','','',0,0,1,'2019-03-14 22:55:10.181450','2019-03-14 22:55:10.181521','934b0f1c099b4c07a6df75c894659048','1f3cc4b7c2154011a379f6fa1a16f530','1f3cc4b7c2154011a379f6fa1a16f530',0);
/*!40000 ALTER TABLE `Partner` ENABLE KEYS */;
UNLOCK TABLES;

--
-- Table structure for table `auth_group`
--

DROP TABLE IF EXISTS `auth_group`;
/*!40101 SET @saved_cs_client     = @@character_set_client */;
/*!40101 SET character_set_client = utf8 */;
CREATE TABLE `auth_group` (
  `id` int(11) NOT NULL AUTO_INCREMENT,
  `name` varchar(80) NOT NULL,
  PRIMARY KEY (`id`),
  UNIQUE KEY `name` (`name`)
) ENGINE=InnoDB DEFAULT CHARSET=utf8;
/*!40101 SET character_set_client = @saved_cs_client */;

--
-- Dumping data for table `auth_group`
--

LOCK TABLES `auth_group` WRITE;
/*!40000 ALTER TABLE `auth_group` DISABLE KEYS */;
/*!40000 ALTER TABLE `auth_group` ENABLE KEYS */;
UNLOCK TABLES;

--
-- Table structure for table `auth_group_permissions`
--

DROP TABLE IF EXISTS `auth_group_permissions`;
/*!40101 SET @saved_cs_client     = @@character_set_client */;
/*!40101 SET character_set_client = utf8 */;
CREATE TABLE `auth_group_permissions` (
  `id` int(11) NOT NULL AUTO_INCREMENT,
  `group_id` int(11) NOT NULL,
  `permission_id` int(11) NOT NULL,
  PRIMARY KEY (`id`),
  UNIQUE KEY `auth_group_permissions_group_id_permission_id_0cd325b0_uniq` (`group_id`,`permission_id`),
  KEY `auth_group_permissio_permission_id_84c5c92e_fk_auth_perm` (`permission_id`),
  CONSTRAINT `auth_group_permissio_permission_id_84c5c92e_fk_auth_perm` FOREIGN KEY (`permission_id`) REFERENCES `auth_permission` (`id`),
  CONSTRAINT `auth_group_permissions_group_id_b120cbf9_fk_auth_group_id` FOREIGN KEY (`group_id`) REFERENCES `auth_group` (`id`)
) ENGINE=InnoDB DEFAULT CHARSET=utf8;
/*!40101 SET character_set_client = @saved_cs_client */;

--
-- Dumping data for table `auth_group_permissions`
--

LOCK TABLES `auth_group_permissions` WRITE;
/*!40000 ALTER TABLE `auth_group_permissions` DISABLE KEYS */;
/*!40000 ALTER TABLE `auth_group_permissions` ENABLE KEYS */;
UNLOCK TABLES;

--
-- Table structure for table `auth_permission`
--

DROP TABLE IF EXISTS `auth_permission`;
/*!40101 SET @saved_cs_client     = @@character_set_client */;
/*!40101 SET character_set_client = utf8 */;
CREATE TABLE `auth_permission` (
  `id` int(11) NOT NULL AUTO_INCREMENT,
  `name` varchar(255) NOT NULL,
  `content_type_id` int(11) NOT NULL,
  `codename` varchar(100) NOT NULL,
  PRIMARY KEY (`id`),
  UNIQUE KEY `auth_permission_content_type_id_codename_01ab375a_uniq` (`content_type_id`,`codename`),
  CONSTRAINT `auth_permission_content_type_id_2f476e4b_fk_django_co` FOREIGN KEY (`content_type_id`) REFERENCES `django_content_type` (`id`)
) ENGINE=InnoDB AUTO_INCREMENT=81 DEFAULT CHARSET=utf8;
/*!40101 SET character_set_client = @saved_cs_client */;

--
-- Dumping data for table `auth_permission`
--

LOCK TABLES `auth_permission` WRITE;
/*!40000 ALTER TABLE `auth_permission` DISABLE KEYS */;
INSERT INTO `auth_permission` VALUES (1,'Can add log entry',1,'add_logentry'),(2,'Can change log entry',1,'change_logentry'),(3,'Can delete log entry',1,'delete_logentry'),(4,'Can view log entry',1,'view_logentry'),(5,'Can add permission',2,'add_permission'),(6,'Can change permission',2,'change_permission'),(7,'Can delete permission',2,'delete_permission'),(8,'Can view permission',2,'view_permission'),(9,'Can add group',3,'add_group'),(10,'Can change group',3,'change_group'),(11,'Can delete group',3,'delete_group'),(12,'Can view group',3,'view_group'),(13,'Can add content type',4,'add_contenttype'),(14,'Can change content type',4,'change_contenttype'),(15,'Can delete content type',4,'delete_contenttype'),(16,'Can view content type',4,'view_contenttype'),(17,'Can add session',5,'add_session'),(18,'Can change session',5,'change_session'),(19,'Can delete session',5,'delete_session'),(20,'Can view session',5,'view_session'),(21,'Can add system country',6,'add_systemcountry'),(22,'Can change system country',6,'change_systemcountry'),(23,'Can delete system country',6,'delete_systemcountry'),(24,'Can view system country',6,'view_systemcountry'),(25,'Can add system currency',7,'add_systemcurrency'),(26,'Can change system currency',7,'change_systemcurrency'),(27,'Can delete system currency',7,'delete_systemcurrency'),(28,'Can view system currency',7,'view_systemcurrency'),(29,'Can add system unit type',8,'add_systemunittype'),(30,'Can change system unit type',8,'change_systemunittype'),(31,'Can delete system unit type',8,'delete_systemunittype'),(32,'Can view system unit type',8,'view_systemunittype'),(33,'Can add user',9,'add_user'),(34,'Can change user',9,'change_user'),(35,'Can delete user',9,'delete_user'),(36,'Can view user',9,'view_user'),(37,'Can add User Company',10,'add_usercompany'),(38,'Can change User Company',10,'change_usercompany'),(39,'Can delete User Company',10,'delete_usercompany'),(40,'Can view User Company',10,'view_usercompany'),(41,'Can add staff',11,'add_userstaff'),(42,'Can change staff',11,'change_userstaff'),(43,'Can delete staff',11,'delete_userstaff'),(44,'Can view staff',11,'view_userstaff'),(45,'Can add Partner',12,'add_userpartner'),(46,'Can change Partner',12,'change_userpartner'),(47,'Can delete Partner',12,'delete_userpartner'),(48,'Can view Partner',12,'view_userpartner'),(49,'Can add Expense Category',13,'add_userexpensecategory'),(50,'Can change Expense Category',13,'change_userexpensecategory'),(51,'Can delete Expense Category',13,'delete_userexpensecategory'),(52,'Can view Expense Category',13,'view_userexpensecategory'),(53,'Can add Job Order',14,'add_joborder'),(54,'Can change Job Order',14,'change_joborder'),(55,'Can delete Job Order',14,'delete_joborder'),(56,'Can view Job Order',14,'view_joborder'),(57,'Can add Failure Category',15,'add_userfailurecategory'),(58,'Can change Failure Category',15,'change_userfailurecategory'),(59,'Can delete Failure Category',15,'delete_userfailurecategory'),(60,'Can view Failure Category',15,'view_userfailurecategory'),(61,'Can add Bill of Material',16,'add_billofmaterial'),(62,'Can change Bill of Material',16,'change_billofmaterial'),(63,'Can delete Bill of Material',16,'delete_billofmaterial'),(64,'Can view Bill of Material',16,'view_billofmaterial'),(65,'Can add System Expense Category',17,'add_systemexpensecategory'),(66,'Can change System Expense Category',17,'change_systemexpensecategory'),(67,'Can delete System Expense Category',17,'delete_systemexpensecategory'),(68,'Can view System Expense Category',17,'view_systemexpensecategory'),(69,'Can add System Failure Category',18,'add_systemfailurecategory'),(70,'Can change System Failure Category',18,'change_systemfailurecategory'),(71,'Can delete System Failure Category',18,'delete_systemfailurecategory'),(72,'Can view System Failure Category',18,'view_systemfailurecategory'),(73,'Can add Making Order',19,'add_makingorder'),(74,'Can change Making Order',19,'change_makingorder'),(75,'Can delete Making Order',19,'delete_makingorder'),(76,'Can view Making Order',19,'view_makingorder'),(77,'Can add Receiving Process',20,'add_receivingprocess'),(78,'Can change Receiving Process',20,'change_receivingprocess'),(79,'Can delete Receiving Process',20,'delete_receivingprocess'),(80,'Can view Receiving Process',20,'view_receivingprocess');
/*!40000 ALTER TABLE `auth_permission` ENABLE KEYS */;
UNLOCK TABLES;

--
-- Table structure for table `bill_of_material`
--

DROP TABLE IF EXISTS `bill_of_material`;
/*!40101 SET @saved_cs_client     = @@character_set_client */;
/*!40101 SET character_set_client = utf8 */;
CREATE TABLE `bill_of_material` (
  `id` char(32) NOT NULL,
  `name` varchar(255) NOT NULL,
  `standard` varchar(255) NOT NULL,
  `drawing_number` varchar(255) NOT NULL,
  `material` varchar(255) NOT NULL,
  `surface_treatment` varchar(255) NOT NULL,
  `unit_number` varchar(255) NOT NULL,
  `stock_appropriation` decimal(17,2) NOT NULL,
  `rate` double NOT NULL,
  `unit_price` decimal(17,2) NOT NULL,
  `desired_delivery_date` date DEFAULT NULL,
  `is_customer_supplied` tinyint(1) NOT NULL,
  `is_printed` tinyint(1) NOT NULL,
  `created_at` datetime(6) NOT NULL,
  `modified_at` datetime(6) NOT NULL,
  `company_id` char(32) NOT NULL,
  `created_by_id` char(32) NOT NULL,
  `currency_id` char(32) NOT NULL,
  `failure_id` char(32) DEFAULT NULL,
  `manufacturer_id` char(32) DEFAULT NULL,
  `modified_by_id` char(32) NOT NULL,
  `type_id` char(32) NOT NULL,
  `unit_id` char(32) NOT NULL,
  `job_order_id` char(32) NOT NULL,
  `amount` decimal(17,2) NOT NULL,
  PRIMARY KEY (`id`),
  KEY `bill_of_material_company_id_fb4bf0cc_fk_user_company_id` (`company_id`),
  KEY `bill_of_material_created_by_id_6790202e_fk_user_id` (`created_by_id`),
  KEY `bill_of_material_currency_id_1cc0ab84_fk_system_currency_id` (`currency_id`),
  KEY `bill_of_material_failure_id_eccce6cd_fk_system_fa` (`failure_id`),
  KEY `bill_of_material_manufacturer_id_6e9c2cba_fk_Partner_id` (`manufacturer_id`),
  KEY `bill_of_material_modified_by_id_ec500ed5_fk_user_id` (`modified_by_id`),
  KEY `bill_of_material_type_id_4e47e3ff_fk_system_ex` (`type_id`),
  KEY `bill_of_material_unit_id_c41ddb28_fk_system_unit_type_id` (`unit_id`),
  KEY `bill_of_material_job_order_id_227d4618_fk_job_order_id` (`job_order_id`),
  CONSTRAINT `bill_of_material_company_id_fb4bf0cc_fk_user_company_id` FOREIGN KEY (`company_id`) REFERENCES `user_company` (`id`),
  CONSTRAINT `bill_of_material_created_by_id_6790202e_fk_user_id` FOREIGN KEY (`created_by_id`) REFERENCES `user` (`id`),
  CONSTRAINT `bill_of_material_currency_id_1cc0ab84_fk_system_currency_id` FOREIGN KEY (`currency_id`) REFERENCES `system_currency` (`id`),
  CONSTRAINT `bill_of_material_failure_id_eccce6cd_fk_system_fa` FOREIGN KEY (`failure_id`) REFERENCES `system_failure_category` (`id`),
  CONSTRAINT `bill_of_material_job_order_id_227d4618_fk_job_order_id` FOREIGN KEY (`job_order_id`) REFERENCES `job_order` (`id`),
  CONSTRAINT `bill_of_material_manufacturer_id_6e9c2cba_fk_Partner_id` FOREIGN KEY (`manufacturer_id`) REFERENCES `Partner` (`id`),
  CONSTRAINT `bill_of_material_modified_by_id_ec500ed5_fk_user_id` FOREIGN KEY (`modified_by_id`) REFERENCES `user` (`id`),
  CONSTRAINT `bill_of_material_type_id_4e47e3ff_fk_system_ex` FOREIGN KEY (`type_id`) REFERENCES `system_expense_categories` (`id`),
  CONSTRAINT `bill_of_material_unit_id_c41ddb28_fk_system_unit_type_id` FOREIGN KEY (`unit_id`) REFERENCES `system_unit_type` (`id`)
) ENGINE=InnoDB DEFAULT CHARSET=utf8;
/*!40101 SET character_set_client = @saved_cs_client */;

--
-- Dumping data for table `bill_of_material`
--

LOCK TABLES `bill_of_material` WRITE;
/*!40000 ALTER TABLE `bill_of_material` DISABLE KEYS */;
INSERT INTO `bill_of_material` VALUES ('00a9efcd0ca0414bb8c1fdb0c80c7bc5','CHAIN (プラチェーン)','RSP35 (250リンク)','','','','7646-007A-K1',0.00,0.0090909,23210.00,NULL,0,1,'2019-03-31 02:24:54.881839','2019-04-06 04:04:25.628413','934b0f1c099b4c07a6df75c894659048','1f3cc4b7c2154011a379f6fa1a16f530','d897d6292a83448b98a1d0c723b59e54',NULL,'388521aa1f1b4458a2a55b3d4ce06066','1f3cc4b7c2154011a379f6fa1a16f530','19d0566f4dbc4b4a93ab2ebf417c63d9','466f895b13b144d4b1be868bd6cc7674','9750227b0342499d80d491fba7a81bda',1.00),('014eb99293384021b3ba9a08d5395c1e','BRACKET (ブラケット)','HBKTS6','','','','',0.00,0.0090909,180.00,NULL,0,0,'2019-03-30 02:53:06.507838','2019-03-30 02:53:06.507902','934b0f1c099b4c07a6df75c894659048','1f3cc4b7c2154011a379f6fa1a16f530','d897d6292a83448b98a1d0c723b59e54',NULL,NULL,'1f3cc4b7c2154011a379f6fa1a16f530','19d0566f4dbc4b4a93ab2ebf417c63d9','466f895b13b144d4b1be868bd6cc7674','c59cd8558f614f9590e03847c2628675',2.00),('01a4bd1329bb42d59a1ab8f0de194cdf','SHUTTER PLATE','','7646-006-K-002','SKS3','黒染焼入れ　HRC60以上','',0.00,0.0090909,12210.00,NULL,0,1,'2019-03-31 02:28:24.289694','2019-04-06 04:04:21.011956','934b0f1c099b4c07a6df75c894659048','1f3cc4b7c2154011a379f6fa1a16f530','d897d6292a83448b98a1d0c723b59e54',NULL,NULL,'1f3cc4b7c2154011a379f6fa1a16f530','2035b69318344939a06ac9558e935ef5','466f895b13b144d4b1be868bd6cc7674','9750227b0342499d80d491fba7a81bda',6.00),('02b7fd965db7411cb9ddbcea3eb23d8d','CHUTE COVER UPPER','','7645-004-K-018','SUS T=2.0','***','',0.00,0.0090909,770.00,NULL,0,0,'2019-03-30 03:41:31.637237','2019-03-30 03:41:31.637303','934b0f1c099b4c07a6df75c894659048','1f3cc4b7c2154011a379f6fa1a16f530','d897d6292a83448b98a1d0c723b59e54',NULL,NULL,'1f3cc4b7c2154011a379f6fa1a16f530','2035b69318344939a06ac9558e935ef5','466f895b13b144d4b1be868bd6cc7674','c59cd8558f614f9590e03847c2628675',1.00),('041156a34960429bbf0e4b361530151f','STICK (マグネットキャッチ)','HMEN6-6','','','','7646-000-K5',0.00,0.0090909,860.00,NULL,0,1,'2019-03-31 02:24:24.515698','2019-04-06 04:04:28.602252','934b0f1c099b4c07a6df75c894659048','1f3cc4b7c2154011a379f6fa1a16f530','d897d6292a83448b98a1d0c723b59e54',NULL,'0c1486686d6841ec8abdae73f4443e56','1f3cc4b7c2154011a379f6fa1a16f530','19d0566f4dbc4b4a93ab2ebf417c63d9','466f895b13b144d4b1be868bd6cc7674','9750227b0342499d80d491fba7a81bda',6.00),('0532430d9e954321a340aed9dbcdff73','CV BASE PLATE','','7645-007A-K-017','SS440','黒染 (現地追加工)','',0.00,0.0090909,0.00,NULL,0,0,'2019-03-30 03:41:41.683672','2019-03-30 03:41:41.683734','934b0f1c099b4c07a6df75c894659048','1f3cc4b7c2154011a379f6fa1a16f530','d897d6292a83448b98a1d0c723b59e54',NULL,NULL,'1f3cc4b7c2154011a379f6fa1a16f530','2035b69318344939a06ac9558e935ef5','466f895b13b144d4b1be868bd6cc7674','c59cd8558f614f9590e03847c2628675',1.00),('058134d8cf664392bf50a6292da02248','KEY (キー)','KES3-10','','','','7646-004-K25',0.00,0.0090909,330.00,NULL,0,1,'2019-03-31 02:24:35.273453','2019-04-06 04:04:27.409706','934b0f1c099b4c07a6df75c894659048','1f3cc4b7c2154011a379f6fa1a16f530','d897d6292a83448b98a1d0c723b59e54',NULL,'0c1486686d6841ec8abdae73f4443e56','1f3cc4b7c2154011a379f6fa1a16f530','19d0566f4dbc4b4a93ab2ebf417c63d9','466f895b13b144d4b1be868bd6cc7674','9750227b0342499d80d491fba7a81bda',1.00),('0817ab81b4244c7893a4523b390dbcf0','STICK (マグネットキャッチ)','HMGNA6','','','','7646-000-K6',0.00,0.0090909,490.00,NULL,0,1,'2019-03-31 02:24:23.226268','2019-04-06 04:04:28.738134','934b0f1c099b4c07a6df75c894659048','1f3cc4b7c2154011a379f6fa1a16f530','d897d6292a83448b98a1d0c723b59e54',NULL,'0c1486686d6841ec8abdae73f4443e56','1f3cc4b7c2154011a379f6fa1a16f530','19d0566f4dbc4b4a93ab2ebf417c63d9','466f895b13b144d4b1be868bd6cc7674','9750227b0342499d80d491fba7a81bda',8.00),('0d5b9c9597bd44048123ce012665ade9','CHAIN (プラチェーン)','RSP35 (75リンク)','','','','7646-012-K3',0.00,0.0090909,6970.00,NULL,0,1,'2019-03-31 02:25:11.703011','2019-04-06 04:04:23.591310','934b0f1c099b4c07a6df75c894659048','1f3cc4b7c2154011a379f6fa1a16f530','d897d6292a83448b98a1d0c723b59e54',NULL,'388521aa1f1b4458a2a55b3d4ce06066','1f3cc4b7c2154011a379f6fa1a16f530','19d0566f4dbc4b4a93ab2ebf417c63d9','466f895b13b144d4b1be868bd6cc7674','9750227b0342499d80d491fba7a81bda',1.00),('0faa724368c64eccaa56bbc362388c6b','CHUTE COVER UPPER','','7646-004-K-012','SUS T=2.0','***','',0.00,0.0090909,1100.00,NULL,0,1,'2019-03-31 02:28:18.768389','2019-04-06 04:04:21.915779','934b0f1c099b4c07a6df75c894659048','1f3cc4b7c2154011a379f6fa1a16f530','d897d6292a83448b98a1d0c723b59e54',NULL,NULL,'1f3cc4b7c2154011a379f6fa1a16f530','2035b69318344939a06ac9558e935ef5','466f895b13b144d4b1be868bd6cc7674','9750227b0342499d80d491fba7a81bda',1.00),('10b0fc44a5134ebd8ddcf8a8619a6abe','CV COVER','','7646-008-K-002','SS400','黒染め（現地追加工）','',0.00,0.0090909,0.00,NULL,0,1,'2019-03-31 02:28:27.190228','2019-04-06 04:04:20.272808','934b0f1c099b4c07a6df75c894659048','1f3cc4b7c2154011a379f6fa1a16f530','d897d6292a83448b98a1d0c723b59e54',NULL,NULL,'1f3cc4b7c2154011a379f6fa1a16f530','2035b69318344939a06ac9558e935ef5','466f895b13b144d4b1be868bd6cc7674','9750227b0342499d80d491fba7a81bda',1.00),('11375374b415490090b09596af4526dc','SENSOR (ファイバーセンサー)','F-5','','','','7646-004-K',0.00,0.0090909,7700.00,NULL,0,1,'2019-03-31 02:24:38.247159','2019-04-06 04:04:27.164208','934b0f1c099b4c07a6df75c894659048','1f3cc4b7c2154011a379f6fa1a16f530','d897d6292a83448b98a1d0c723b59e54',NULL,'b9247e501bdf44b6912e8013891709ba','1f3cc4b7c2154011a379f6fa1a16f530','19d0566f4dbc4b4a93ab2ebf417c63d9','466f895b13b144d4b1be868bd6cc7674','9750227b0342499d80d491fba7a81bda',1.00),('122aa0e75e51421fb93fd5305a3e31a0','CHUTE COVER UPPER','','7646-004-K-018','SUS T=2.0','***','',0.00,0.0090909,770.00,NULL,0,1,'2019-03-31 02:28:16.954775','2019-04-06 04:04:22.154221','934b0f1c099b4c07a6df75c894659048','1f3cc4b7c2154011a379f6fa1a16f530','d897d6292a83448b98a1d0c723b59e54',NULL,NULL,'1f3cc4b7c2154011a379f6fa1a16f530','2035b69318344939a06ac9558e935ef5','466f895b13b144d4b1be868bd6cc7674','9750227b0342499d80d491fba7a81bda',1.00),('153ebc0e328f4533955264e1e7600b0e','CLAMP (HAND 1)','','7645-004-K-004','SKA3','黒染 焼入れ　HRC60以上','',0.00,0.0090909,4070.00,NULL,0,0,'2019-03-30 03:41:39.684364','2019-03-30 03:41:39.684538','934b0f1c099b4c07a6df75c894659048','1f3cc4b7c2154011a379f6fa1a16f530','d897d6292a83448b98a1d0c723b59e54',NULL,NULL,'1f3cc4b7c2154011a379f6fa1a16f530','2035b69318344939a06ac9558e935ef5','466f895b13b144d4b1be868bd6cc7674','c59cd8558f614f9590e03847c2628675',2.00),('1573a12a76c24d1e9153845749a9e7d4','BASE SEAL','5528-P0200-004 (50゜)','','','','',0.00,0.0090909,8390.00,NULL,0,0,'2019-03-29 05:30:11.912419','2019-03-29 05:30:11.912497','934b0f1c099b4c07a6df75c894659048','1f3cc4b7c2154011a379f6fa1a16f530','d897d6292a83448b98a1d0c723b59e54',NULL,NULL,'1f3cc4b7c2154011a379f6fa1a16f530','19d0566f4dbc4b4a93ab2ebf417c63d9','466f895b13b144d4b1be868bd6cc7674','ee7a0a88442c469dad6195a477ecd6fb',10.00),('16775f2560c84404b2e3ec4571f687b4','ELECTROMAGNETIC CONTACTOR','SK06L-E01','','','','',0.00,0.0090909,1500.00,NULL,0,0,'2019-03-29 05:20:47.373428','2019-03-29 05:21:05.176686','934b0f1c099b4c07a6df75c894659048','1f3cc4b7c2154011a379f6fa1a16f530','d897d6292a83448b98a1d0c723b59e54',NULL,'8e4158d459914592ab3d519c886285a1','1f3cc4b7c2154011a379f6fa1a16f530','19d0566f4dbc4b4a93ab2ebf417c63d9','466f895b13b144d4b1be868bd6cc7674','e83c9460dd0145d5a6837b958e1b2fab',1.00),('174d7b2368eb45b9a516ff0073a23295','NOBB (ローレットノブ)','NKOS4-10','','','','7646-004-K23',0.00,0.0090909,500.00,NULL,0,1,'2019-03-31 02:24:37.274081','2019-04-06 04:04:27.244159','934b0f1c099b4c07a6df75c894659048','1f3cc4b7c2154011a379f6fa1a16f530','d897d6292a83448b98a1d0c723b59e54',NULL,'0c1486686d6841ec8abdae73f4443e56','1f3cc4b7c2154011a379f6fa1a16f530','19d0566f4dbc4b4a93ab2ebf417c63d9','466f895b13b144d4b1be868bd6cc7674','9750227b0342499d80d491fba7a81bda',6.00),('17c200de5893423c87e19bf99df466c6','CONTROLLER (スピードコントローラー)','AS1201F-M5-04A','','','','',0.00,0.0090909,350.00,NULL,0,0,'2019-03-30 02:56:18.232559','2019-03-30 02:56:18.232621','934b0f1c099b4c07a6df75c894659048','1f3cc4b7c2154011a379f6fa1a16f530','d897d6292a83448b98a1d0c723b59e54',NULL,NULL,'1f3cc4b7c2154011a379f6fa1a16f530','19d0566f4dbc4b4a93ab2ebf417c63d9','466f895b13b144d4b1be868bd6cc7674','c59cd8558f614f9590e03847c2628675',2.00),('18b66595937f4070aea96ee724237bcf','CYLINDER (エアシリンダ)','CMA2-E-LS-20-50-TOH3-D','','','','7646-004-K16',0.00,0.0090909,8140.00,NULL,0,1,'2019-03-31 02:24:51.151113','2019-04-06 04:04:26.101810','934b0f1c099b4c07a6df75c894659048','1f3cc4b7c2154011a379f6fa1a16f530','d897d6292a83448b98a1d0c723b59e54',NULL,'c47db7d115c34c389fe5059ebe8afce4','1f3cc4b7c2154011a379f6fa1a16f530','19d0566f4dbc4b4a93ab2ebf417c63d9','466f895b13b144d4b1be868bd6cc7674','9750227b0342499d80d491fba7a81bda',1.00),('1a0d33fecd6f4b14bc359bcc7c5f88bd','STEP BLOCK','','7645-012-K-017','A45C','表面焼入れ HRC50以上黒染','',0.00,0.0090909,1100.00,NULL,0,0,'2019-03-30 03:42:00.320423','2019-03-30 03:42:00.320524','934b0f1c099b4c07a6df75c894659048','1f3cc4b7c2154011a379f6fa1a16f530','d897d6292a83448b98a1d0c723b59e54',NULL,NULL,'1f3cc4b7c2154011a379f6fa1a16f530','2035b69318344939a06ac9558e935ef5','466f895b13b144d4b1be868bd6cc7674','c59cd8558f614f9590e03847c2628675',1.00),('1a80a564688946ba965c8f226ed8ad4d','COUPLING (カップリング)','CPOCG20-5-7','','','','7645-012-K1',0.00,0.0090909,2170.00,NULL,0,0,'2019-03-30 03:00:07.516176','2019-03-30 03:00:07.516230','934b0f1c099b4c07a6df75c894659048','1f3cc4b7c2154011a379f6fa1a16f530','d897d6292a83448b98a1d0c723b59e54',NULL,NULL,'1f3cc4b7c2154011a379f6fa1a16f530','19d0566f4dbc4b4a93ab2ebf417c63d9','466f895b13b144d4b1be868bd6cc7674','c59cd8558f614f9590e03847c2628675',1.00),('1a95b8aae9fb42f68d42813971a3eaed','PARTS STOPPER','','7646-012-K-001','SKS93','表面焼入れHRC60以上　黒染め','',0.00,0.0090909,1650.00,NULL,0,1,'2019-03-31 02:28:47.719658','2019-04-06 04:04:16.465423','934b0f1c099b4c07a6df75c894659048','1f3cc4b7c2154011a379f6fa1a16f530','d897d6292a83448b98a1d0c723b59e54',NULL,NULL,'1f3cc4b7c2154011a379f6fa1a16f530','2035b69318344939a06ac9558e935ef5','466f895b13b144d4b1be868bd6cc7674','9750227b0342499d80d491fba7a81bda',1.00),('1afc8f0018ef452fafe545eaed2edeed','JOINT (継手)','KQ2S04-M5A','','','','7646-003-K',0.00,0.0090909,160.00,NULL,0,1,'2019-03-31 02:24:33.024126','2019-04-06 04:04:27.579183','934b0f1c099b4c07a6df75c894659048','1f3cc4b7c2154011a379f6fa1a16f530','d897d6292a83448b98a1d0c723b59e54',NULL,'e339fe6f57334caf97653a37c201b067','1f3cc4b7c2154011a379f6fa1a16f530','19d0566f4dbc4b4a93ab2ebf417c63d9','466f895b13b144d4b1be868bd6cc7674','9750227b0342499d80d491fba7a81bda',2.00),('1bce4eebb2ec4d4d8d33ca1b240bad53','CONTROLLER (スピードコントローラー)','AS1201F-M5-04A','','','','7645-009-K1',0.00,0.0090909,350.00,NULL,0,0,'2019-03-30 02:59:57.428624','2019-03-30 02:59:57.428696','934b0f1c099b4c07a6df75c894659048','1f3cc4b7c2154011a379f6fa1a16f530','d897d6292a83448b98a1d0c723b59e54',NULL,NULL,'1f3cc4b7c2154011a379f6fa1a16f530','19d0566f4dbc4b4a93ab2ebf417c63d9','466f895b13b144d4b1be868bd6cc7674','c59cd8558f614f9590e03847c2628675',2.00),('1c924405d61f4310bb5cca7d36ed0b90','CONTROLLER (スピードコントローラー)','AS2201F-02-06A','','','','7645-007-K1',0.00,0.0090909,530.00,NULL,0,0,'2019-03-30 02:59:50.525305','2019-03-30 02:59:50.525411','934b0f1c099b4c07a6df75c894659048','1f3cc4b7c2154011a379f6fa1a16f530','d897d6292a83448b98a1d0c723b59e54',NULL,NULL,'1f3cc4b7c2154011a379f6fa1a16f530','19d0566f4dbc4b4a93ab2ebf417c63d9','466f895b13b144d4b1be868bd6cc7674','c59cd8558f614f9590e03847c2628675',2.00),('1dac2cefd92d4791b8da7988f9a81c41','NG CATCH','','7645-012-K019','SUS304','黒染','',0.00,0.0090909,1650.00,NULL,0,0,'2019-03-30 03:41:59.381753','2019-03-30 03:41:59.381819','934b0f1c099b4c07a6df75c894659048','1f3cc4b7c2154011a379f6fa1a16f530','d897d6292a83448b98a1d0c723b59e54',NULL,NULL,'1f3cc4b7c2154011a379f6fa1a16f530','2035b69318344939a06ac9558e935ef5','466f895b13b144d4b1be868bd6cc7674','c59cd8558f614f9590e03847c2628675',1.00),('1f51f34bfc15414096be41cee9df308a','CLAMP (HAND 2)','','7645-003-K-003','SKA3','焼入れ　HRC45以上　黒染','',0.00,0.0090909,3960.00,NULL,0,0,'2019-03-30 03:41:28.487308','2019-03-30 03:41:28.487431','934b0f1c099b4c07a6df75c894659048','1f3cc4b7c2154011a379f6fa1a16f530','d897d6292a83448b98a1d0c723b59e54',NULL,NULL,'1f3cc4b7c2154011a379f6fa1a16f530','2035b69318344939a06ac9558e935ef5','466f895b13b144d4b1be868bd6cc7674','c59cd8558f614f9590e03847c2628675',2.00),('20e261b1cf564d25ae62adba7fe4e3ae','PARTS STOPPER','','7645-012-K-001','SKS93','黒染 焼入れ　HRC60以上','',0.00,0.0090909,1650.00,NULL,0,0,'2019-03-30 03:42:09.083068','2019-03-30 03:42:09.083164','934b0f1c099b4c07a6df75c894659048','1f3cc4b7c2154011a379f6fa1a16f530','d897d6292a83448b98a1d0c723b59e54',NULL,NULL,'1f3cc4b7c2154011a379f6fa1a16f530','2035b69318344939a06ac9558e935ef5','466f895b13b144d4b1be868bd6cc7674','c59cd8558f614f9590e03847c2628675',1.00),('221b539268c54405940efc752e19ca69','CONTROLLER (スピードコントローラー)','AS1201F-M5-04A','','','','7645-009-K2',0.00,0.0090909,350.00,NULL,0,0,'2019-03-30 02:59:56.136317','2019-03-30 02:59:56.136467','934b0f1c099b4c07a6df75c894659048','1f3cc4b7c2154011a379f6fa1a16f530','d897d6292a83448b98a1d0c723b59e54',NULL,NULL,'1f3cc4b7c2154011a379f6fa1a16f530','19d0566f4dbc4b4a93ab2ebf417c63d9','466f895b13b144d4b1be868bd6cc7674','c59cd8558f614f9590e03847c2628675',2.00),('222dd1a1a6c34eb8a43d463dd4a838ed','JOINT (継手)','KQ2S04-M5A','','','','',0.00,0.0090909,160.00,NULL,0,0,'2019-03-30 02:54:28.313115','2019-03-30 02:54:28.313236','934b0f1c099b4c07a6df75c894659048','1f3cc4b7c2154011a379f6fa1a16f530','d897d6292a83448b98a1d0c723b59e54',NULL,NULL,'1f3cc4b7c2154011a379f6fa1a16f530','19d0566f4dbc4b4a93ab2ebf417c63d9','466f895b13b144d4b1be868bd6cc7674','c59cd8558f614f9590e03847c2628675',2.00),('23f0f74a80544552a5ef49474f14a185','INSERT HEAD 6MM','5603-P-550-032T2','','','','',0.00,0.0090909,58500.00,NULL,0,0,'2019-03-29 05:26:50.871730','2019-03-29 05:26:50.871796','934b0f1c099b4c07a6df75c894659048','1f3cc4b7c2154011a379f6fa1a16f530','d897d6292a83448b98a1d0c723b59e54',NULL,NULL,'1f3cc4b7c2154011a379f6fa1a16f530','19d0566f4dbc4b4a93ab2ebf417c63d9','466f895b13b144d4b1be868bd6cc7674','02c1dc1ccf78410cb0914941944a4545',10.00),('252391ef04564773a1067bd8e9217738','REGULATOR','AR20-02BG-B','','','','7646-013-K12',0.00,0.0090909,2220.00,NULL,0,1,'2019-03-31 02:25:16.834996','2019-04-06 04:04:23.190742','934b0f1c099b4c07a6df75c894659048','1f3cc4b7c2154011a379f6fa1a16f530','d897d6292a83448b98a1d0c723b59e54',NULL,'e339fe6f57334caf97653a37c201b067','1f3cc4b7c2154011a379f6fa1a16f530','19d0566f4dbc4b4a93ab2ebf417c63d9','466f895b13b144d4b1be868bd6cc7674','9750227b0342499d80d491fba7a81bda',2.00),('28146270122d4be3aa414855c830ac0f','BEARING (スライドペアリング)','NKX10Z+1R7X10X16','','','','7646-012-K2',0.00,0.0090909,2420.00,NULL,0,1,'2019-03-31 02:25:13.078175','2019-04-06 04:04:23.469098','934b0f1c099b4c07a6df75c894659048','1f3cc4b7c2154011a379f6fa1a16f530','d897d6292a83448b98a1d0c723b59e54',NULL,'0c1486686d6841ec8abdae73f4443e56','1f3cc4b7c2154011a379f6fa1a16f530','19d0566f4dbc4b4a93ab2ebf417c63d9','466f895b13b144d4b1be868bd6cc7674','9750227b0342499d80d491fba7a81bda',2.00),('2d33d8cc137840a6b235d80e22939434','CONTROLLER (スピードコントローラー)','AS1201F-M5-04A','','','','7645-004-K-18',0.00,0.0090909,350.00,NULL,0,0,'2019-03-30 02:59:41.567238','2019-03-30 02:59:41.567310','934b0f1c099b4c07a6df75c894659048','1f3cc4b7c2154011a379f6fa1a16f530','d897d6292a83448b98a1d0c723b59e54',NULL,NULL,'1f3cc4b7c2154011a379f6fa1a16f530','19d0566f4dbc4b4a93ab2ebf417c63d9','466f895b13b144d4b1be868bd6cc7674','c59cd8558f614f9590e03847c2628675',2.00),('2fbeef8d398d41829994b4808d7a0aaa','AIR CHUCK (フェザーハンド)','FH116-D','','','','7645-003-K1',0.00,0.0090909,13590.00,NULL,0,0,'2019-03-30 02:54:29.700212','2019-03-30 02:54:29.700302','934b0f1c099b4c07a6df75c894659048','1f3cc4b7c2154011a379f6fa1a16f530','d897d6292a83448b98a1d0c723b59e54',NULL,NULL,'1f3cc4b7c2154011a379f6fa1a16f530','19d0566f4dbc4b4a93ab2ebf417c63d9','466f895b13b144d4b1be868bd6cc7674','c59cd8558f614f9590e03847c2628675',1.00),('3009ce8a1f54423b9353b6c6df81adac','CONTROLLER (スピードコントローラー)','AS1201F-M5-04A','','','','7645-012-K5',0.00,0.0090909,350.00,NULL,0,0,'2019-03-30 03:00:02.472479','2019-03-30 03:00:02.472569','934b0f1c099b4c07a6df75c894659048','1f3cc4b7c2154011a379f6fa1a16f530','d897d6292a83448b98a1d0c723b59e54',NULL,NULL,'1f3cc4b7c2154011a379f6fa1a16f530','19d0566f4dbc4b4a93ab2ebf417c63d9','466f895b13b144d4b1be868bd6cc7674','c59cd8558f614f9590e03847c2628675',2.00),('301a9dd0b0754efeb7448d5e101075c4','PLATE','','7645-004-K-019','SS40D','黒染','',0.00,0.0090909,1100.00,NULL,0,0,'2019-03-30 03:41:30.373169','2019-03-30 03:41:30.373364','934b0f1c099b4c07a6df75c894659048','1f3cc4b7c2154011a379f6fa1a16f530','d897d6292a83448b98a1d0c723b59e54',NULL,NULL,'1f3cc4b7c2154011a379f6fa1a16f530','2035b69318344939a06ac9558e935ef5','466f895b13b144d4b1be868bd6cc7674','c59cd8558f614f9590e03847c2628675',1.00),('30348d075b5d43808132c90611bea9d1','CONTROLLER (スピードコントローラー)','AS1201F-M5-04A','','','','7646-001-K2',0.00,0.0090909,350.00,NULL,0,1,'2019-03-31 02:24:28.436010','2019-04-06 04:04:28.119217','934b0f1c099b4c07a6df75c894659048','1f3cc4b7c2154011a379f6fa1a16f530','d897d6292a83448b98a1d0c723b59e54',NULL,'e339fe6f57334caf97653a37c201b067','1f3cc4b7c2154011a379f6fa1a16f530','19d0566f4dbc4b4a93ab2ebf417c63d9','466f895b13b144d4b1be868bd6cc7674','9750227b0342499d80d491fba7a81bda',2.00),('326fc6a4c0df4e5dac8bd938b963d0a9','CHAIN (プラチェーン)','RSP35 (175リンク)','','','','7646-008-K1',0.00,0.0090909,16230.00,NULL,0,1,'2019-03-31 02:24:59.542393','2019-04-06 04:04:25.173199','934b0f1c099b4c07a6df75c894659048','1f3cc4b7c2154011a379f6fa1a16f530','d897d6292a83448b98a1d0c723b59e54',NULL,'388521aa1f1b4458a2a55b3d4ce06066','1f3cc4b7c2154011a379f6fa1a16f530','19d0566f4dbc4b4a93ab2ebf417c63d9','466f895b13b144d4b1be868bd6cc7674','9750227b0342499d80d491fba7a81bda',1.00),('33279876eb8d412a91e4d95a5989a23b','STEP BLOCK','','7646-012-K-017','S45C','黒染め','',0.00,0.0090909,1100.00,NULL,0,1,'2019-03-31 02:28:41.714601','2019-04-06 04:04:17.564006','934b0f1c099b4c07a6df75c894659048','1f3cc4b7c2154011a379f6fa1a16f530','d897d6292a83448b98a1d0c723b59e54',NULL,NULL,'1f3cc4b7c2154011a379f6fa1a16f530','2035b69318344939a06ac9558e935ef5','466f895b13b144d4b1be868bd6cc7674','9750227b0342499d80d491fba7a81bda',1.00),('33a9d859dead48069e4566a4fcb1e701','TURNING HEAD','','7646-012-K-011','SCM435','表面焼入れHRC50以上　黒染め','',0.00,0.0090909,6600.00,NULL,0,1,'2019-03-31 02:28:42.563568','2019-04-06 04:04:17.322999','934b0f1c099b4c07a6df75c894659048','1f3cc4b7c2154011a379f6fa1a16f530','d897d6292a83448b98a1d0c723b59e54',NULL,NULL,'1f3cc4b7c2154011a379f6fa1a16f530','2035b69318344939a06ac9558e935ef5','466f895b13b144d4b1be868bd6cc7674','9750227b0342499d80d491fba7a81bda',2.00),('361548bb1bcc4e67adc3b0a7e6e72851','NG SEPARATOR','','7645-012-K-020','HPM1 (NAK55)','***','',0.00,0.0090909,2150.00,NULL,0,0,'2019-03-30 03:41:58.094645','2019-03-30 03:41:58.094735','934b0f1c099b4c07a6df75c894659048','1f3cc4b7c2154011a379f6fa1a16f530','d897d6292a83448b98a1d0c723b59e54',NULL,NULL,'1f3cc4b7c2154011a379f6fa1a16f530','2035b69318344939a06ac9558e935ef5','466f895b13b144d4b1be868bd6cc7674','c59cd8558f614f9590e03847c2628675',1.00),('36f7d3fdc49e45688d9f08e3cf486206','PIN (ピン)','MSHT10-15','','','','7645-000-K3',0.00,0.0090909,230.00,NULL,0,0,'2019-03-30 02:53:03.569154','2019-03-30 02:53:03.569227','934b0f1c099b4c07a6df75c894659048','1f3cc4b7c2154011a379f6fa1a16f530','d897d6292a83448b98a1d0c723b59e54',NULL,NULL,'1f3cc4b7c2154011a379f6fa1a16f530','19d0566f4dbc4b4a93ab2ebf417c63d9','466f895b13b144d4b1be868bd6cc7674','c59cd8558f614f9590e03847c2628675',1.00),('3a84c9eb46f94c23b7eb20a6c1a54ff3','AIR CHUCK (フェザーハンド)','CKD FH116-D-T2V-R','','','','7645-004-K-20',0.00,0.0090909,15380.00,NULL,0,0,'2019-03-30 02:56:22.866703','2019-03-30 02:56:22.866859','934b0f1c099b4c07a6df75c894659048','1f3cc4b7c2154011a379f6fa1a16f530','d897d6292a83448b98a1d0c723b59e54',NULL,NULL,'1f3cc4b7c2154011a379f6fa1a16f530','19d0566f4dbc4b4a93ab2ebf417c63d9','466f895b13b144d4b1be868bd6cc7674','c59cd8558f614f9590e03847c2628675',1.00),('3e42993d2ea649a597e281f45d6f900c','CONTROLLER (スピードコントローラー)','AS1201F-M5-04A','','','','7646-012-K4',0.00,0.0090909,350.00,NULL,0,1,'2019-03-31 02:25:10.370396','2019-04-06 04:04:23.712211','934b0f1c099b4c07a6df75c894659048','1f3cc4b7c2154011a379f6fa1a16f530','d897d6292a83448b98a1d0c723b59e54',NULL,'e339fe6f57334caf97653a37c201b067','1f3cc4b7c2154011a379f6fa1a16f530','19d0566f4dbc4b4a93ab2ebf417c63d9','466f895b13b144d4b1be868bd6cc7674','9750227b0342499d80d491fba7a81bda',2.00),('3e5a9d4290854de9bba9a71b34c0a340','CHAIN (プラチェーン)','RSP35 (75リンク)','','','','7645-012-K3',0.00,0.0090909,6970.00,NULL,0,0,'2019-03-30 03:00:05.011722','2019-03-30 03:00:05.011791','934b0f1c099b4c07a6df75c894659048','1f3cc4b7c2154011a379f6fa1a16f530','d897d6292a83448b98a1d0c723b59e54',NULL,NULL,'1f3cc4b7c2154011a379f6fa1a16f530','19d0566f4dbc4b4a93ab2ebf417c63d9','466f895b13b144d4b1be868bd6cc7674','c59cd8558f614f9590e03847c2628675',1.00),('3e8042e2d58f4872b9aa2af35a05cf7e','GUIDE HAND (Φ14)','','7645-004-K-006','SS400','黒染','',0.00,0.0090909,4290.00,NULL,0,0,'2019-03-30 03:41:38.728273','2019-03-30 03:41:38.728364','934b0f1c099b4c07a6df75c894659048','1f3cc4b7c2154011a379f6fa1a16f530','d897d6292a83448b98a1d0c723b59e54',NULL,NULL,'1f3cc4b7c2154011a379f6fa1a16f530','2035b69318344939a06ac9558e935ef5','466f895b13b144d4b1be868bd6cc7674','c59cd8558f614f9590e03847c2628675',2.00),('4476834955c84da4958031db7ca120ac','STICK (セットビス)','MSSK3-3','','','','7645-004-K-24',0.00,0.0090909,10.00,NULL,0,0,'2019-03-30 02:54:33.006675','2019-03-30 02:54:33.006747','934b0f1c099b4c07a6df75c894659048','1f3cc4b7c2154011a379f6fa1a16f530','d897d6292a83448b98a1d0c723b59e54',NULL,NULL,'1f3cc4b7c2154011a379f6fa1a16f530','19d0566f4dbc4b4a93ab2ebf417c63d9','466f895b13b144d4b1be868bd6cc7674','c59cd8558f614f9590e03847c2628675',2.00),('4684459a31f143999af329a50afac30a','ORIENTATE CHUTE','','7645-004-K-007','NAK55','黒染','',0.00,0.0090909,10780.00,NULL,0,0,'2019-03-30 03:41:37.587571','2019-03-30 03:41:37.587681','934b0f1c099b4c07a6df75c894659048','1f3cc4b7c2154011a379f6fa1a16f530','d897d6292a83448b98a1d0c723b59e54',NULL,NULL,'1f3cc4b7c2154011a379f6fa1a16f530','2035b69318344939a06ac9558e935ef5','466f895b13b144d4b1be868bd6cc7674','c59cd8558f614f9590e03847c2628675',1.00),('479cb3191335417c9d90d58f7479d0a4','CONTROLLER (スピードコントローラー)','AS1201F-M5-04A','','','','7645-009-K3',0.00,0.0090909,350.00,NULL,0,0,'2019-03-30 02:59:54.861499','2019-03-30 02:59:54.861605','934b0f1c099b4c07a6df75c894659048','1f3cc4b7c2154011a379f6fa1a16f530','d897d6292a83448b98a1d0c723b59e54',NULL,NULL,'1f3cc4b7c2154011a379f6fa1a16f530','19d0566f4dbc4b4a93ab2ebf417c63d9','466f895b13b144d4b1be868bd6cc7674','c59cd8558f614f9590e03847c2628675',2.00),('47b6dda46b634be18a50cca228ee2e78','BRACKET (ブラケット)','','7645-000-K-017','','黒染','',0.00,0.0090909,3300.00,NULL,0,0,'2019-03-30 03:41:22.955061','2019-03-30 03:41:22.955134','934b0f1c099b4c07a6df75c894659048','1f3cc4b7c2154011a379f6fa1a16f530','d897d6292a83448b98a1d0c723b59e54',NULL,NULL,'1f3cc4b7c2154011a379f6fa1a16f530','2035b69318344939a06ac9558e935ef5','466f895b13b144d4b1be868bd6cc7674','c59cd8558f614f9590e03847c2628675',1.00),('47d5066e0af14812939886149be81ad5','LEFT SEAL','5528-P0400-005 (90゜)','','','','',0.00,0.0090909,6830.00,NULL,0,0,'2019-03-29 05:30:16.692160','2019-03-29 05:30:16.692268','934b0f1c099b4c07a6df75c894659048','1f3cc4b7c2154011a379f6fa1a16f530','d897d6292a83448b98a1d0c723b59e54',NULL,NULL,'1f3cc4b7c2154011a379f6fa1a16f530','19d0566f4dbc4b4a93ab2ebf417c63d9','466f895b13b144d4b1be868bd6cc7674','ee7a0a88442c469dad6195a477ecd6fb',10.00),('4aa51d71d59345ca8262b4d040c6f579','EXIT GUIDE','','7645-007A-K-027','S45C','黒染','',0.00,0.0090909,1210.00,NULL,0,0,'2019-03-30 03:41:42.700402','2019-03-30 03:41:42.700466','934b0f1c099b4c07a6df75c894659048','1f3cc4b7c2154011a379f6fa1a16f530','d897d6292a83448b98a1d0c723b59e54',NULL,NULL,'1f3cc4b7c2154011a379f6fa1a16f530','2035b69318344939a06ac9558e935ef5','466f895b13b144d4b1be868bd6cc7674','c59cd8558f614f9590e03847c2628675',1.00),('4ad45408f63f423aa101cae21a403b15','CONTROLLER (スピードコントローラー)','AS1201F-M5-04A','','','','7645-009-K4',0.00,0.0090909,350.00,NULL,0,0,'2019-03-30 02:59:53.411382','2019-03-30 02:59:53.411622','934b0f1c099b4c07a6df75c894659048','1f3cc4b7c2154011a379f6fa1a16f530','d897d6292a83448b98a1d0c723b59e54',NULL,NULL,'1f3cc4b7c2154011a379f6fa1a16f530','19d0566f4dbc4b4a93ab2ebf417c63d9','466f895b13b144d4b1be868bd6cc7674','c59cd8558f614f9590e03847c2628675',2.00),('4b1c07c53d4c4003b51585fdf50b19c5','REGULATOR','AR20-02BG-B','','','','7645-013-k12',0.00,0.0090909,2220.00,NULL,0,0,'2019-03-30 03:00:09.898522','2019-03-30 03:00:09.898592','934b0f1c099b4c07a6df75c894659048','1f3cc4b7c2154011a379f6fa1a16f530','d897d6292a83448b98a1d0c723b59e54',NULL,NULL,'1f3cc4b7c2154011a379f6fa1a16f530','19d0566f4dbc4b4a93ab2ebf417c63d9','466f895b13b144d4b1be868bd6cc7674','c59cd8558f614f9590e03847c2628675',2.00),('4dd92ea85f554f75baaa48b4da358f5e','EXIT GUIDE','','7646-007A-K-027','S45C','黒染','',0.00,0.0090909,1210.00,NULL,0,1,'2019-03-31 02:28:26.179349','2019-04-06 04:04:20.485224','934b0f1c099b4c07a6df75c894659048','1f3cc4b7c2154011a379f6fa1a16f530','d897d6292a83448b98a1d0c723b59e54',NULL,NULL,'1f3cc4b7c2154011a379f6fa1a16f530','2035b69318344939a06ac9558e935ef5','466f895b13b144d4b1be868bd6cc7674','9750227b0342499d80d491fba7a81bda',1.00),('4f0c11f8bdc54fe8baba75b246aaf700','AIR CHUCK (フェザーハンド)','FH116-D','','','','7645-001-K1',0.00,0.0090909,13590.00,NULL,0,0,'2019-03-30 02:54:22.566942','2019-03-30 02:54:22.567014','934b0f1c099b4c07a6df75c894659048','1f3cc4b7c2154011a379f6fa1a16f530','d897d6292a83448b98a1d0c723b59e54',NULL,NULL,'1f3cc4b7c2154011a379f6fa1a16f530','19d0566f4dbc4b4a93ab2ebf417c63d9','466f895b13b144d4b1be868bd6cc7674','c59cd8558f614f9590e03847c2628675',1.00),('4fd8e64bf75442ac8926e52d8b03d08e','SWITCH (オートスイッチ)','D-A93','','','','7645-012-K7',0.00,0.0090909,1160.00,NULL,0,0,'2019-03-30 02:59:59.970899','2019-03-30 02:59:59.970964','934b0f1c099b4c07a6df75c894659048','1f3cc4b7c2154011a379f6fa1a16f530','d897d6292a83448b98a1d0c723b59e54',NULL,NULL,'1f3cc4b7c2154011a379f6fa1a16f530','19d0566f4dbc4b4a93ab2ebf417c63d9','466f895b13b144d4b1be868bd6cc7674','c59cd8558f614f9590e03847c2628675',2.00),('50e69edbddb04e77bf3f25fbd97d094c','SV fee Yoke Line Cap Check','','','','','',0.00,1,2100.00,NULL,0,0,'2019-03-14 23:52:11.796339','2019-03-28 22:05:48.816366','934b0f1c099b4c07a6df75c894659048','1f3cc4b7c2154011a379f6fa1a16f530','3e412209c1d84a728f346d0e590498ad',NULL,NULL,'1f3cc4b7c2154011a379f6fa1a16f530','2035b69318344939a06ac9558e935ef5','466f895b13b144d4b1be868bd6cc7674','e6fe81eff2a845ac9dfb6e282737343f',1.00),('524ba7808a5c47c381470b8646f61a22','CONTROLLER (スピードコントローラー)','AS2201F-01-06A','','','','7646-007-K2',0.00,0.0090909,470.00,NULL,0,1,'2019-03-31 02:24:57.467499','2019-04-06 04:04:25.400701','934b0f1c099b4c07a6df75c894659048','1f3cc4b7c2154011a379f6fa1a16f530','d897d6292a83448b98a1d0c723b59e54',NULL,'e339fe6f57334caf97653a37c201b067','1f3cc4b7c2154011a379f6fa1a16f530','19d0566f4dbc4b4a93ab2ebf417c63d9','466f895b13b144d4b1be868bd6cc7674','9750227b0342499d80d491fba7a81bda',2.00),('53b5f0219f2346c7ae0b3d2885de2ab1','CONTROLLER (スピードコントローラー)','AS1201F-M5-04A','','','','7646-012-K6',0.00,0.0090909,350.00,NULL,0,1,'2019-03-31 02:25:07.783784','2019-04-06 04:04:24.116345','934b0f1c099b4c07a6df75c894659048','1f3cc4b7c2154011a379f6fa1a16f530','d897d6292a83448b98a1d0c723b59e54',NULL,'e339fe6f57334caf97653a37c201b067','1f3cc4b7c2154011a379f6fa1a16f530','19d0566f4dbc4b4a93ab2ebf417c63d9','466f895b13b144d4b1be868bd6cc7674','9750227b0342499d80d491fba7a81bda',2.00),('55161028bb7d410997bef1381f4fba02','ENTRANCE BLOCK','','7645-009-K-005','S45C','黒染 焼入れ　HRC60以上','',0.00,0.0090909,3140.00,NULL,0,0,'2019-03-30 03:41:52.045186','2019-03-30 03:41:52.045250','934b0f1c099b4c07a6df75c894659048','1f3cc4b7c2154011a379f6fa1a16f530','d897d6292a83448b98a1d0c723b59e54',NULL,NULL,'1f3cc4b7c2154011a379f6fa1a16f530','2035b69318344939a06ac9558e935ef5','466f895b13b144d4b1be868bd6cc7674','c59cd8558f614f9590e03847c2628675',1.00),('57c26f25f8e34d73a1997939f7734790','CONTROLLER (スピードコントローラー)','AS2201F-02-06A','','','','7646-007-K1',0.00,0.0090909,530.00,NULL,0,1,'2019-03-31 02:24:58.511776','2019-04-06 04:04:25.273490','934b0f1c099b4c07a6df75c894659048','1f3cc4b7c2154011a379f6fa1a16f530','d897d6292a83448b98a1d0c723b59e54',NULL,'e339fe6f57334caf97653a37c201b067','1f3cc4b7c2154011a379f6fa1a16f530','19d0566f4dbc4b4a93ab2ebf417c63d9','466f895b13b144d4b1be868bd6cc7674','9750227b0342499d80d491fba7a81bda',2.00),('590d1b5719c14679973564fb50300288','FLIPPER','','7645-012-K-034','S45C','***','',0.00,0.0090909,1320.00,NULL,0,0,'2019-03-30 03:41:54.785692','2019-03-30 03:41:54.785857','934b0f1c099b4c07a6df75c894659048','1f3cc4b7c2154011a379f6fa1a16f530','d897d6292a83448b98a1d0c723b59e54',NULL,NULL,'1f3cc4b7c2154011a379f6fa1a16f530','2035b69318344939a06ac9558e935ef5','466f895b13b144d4b1be868bd6cc7674','c59cd8558f614f9590e03847c2628675',1.00),('5bef2ddf11e74ced96dd680c880fd302','Bush','4474-P-564','','','','',0.00,0.0090909,2080.00,NULL,0,1,'2019-03-29 04:33:45.269808','2019-04-05 03:47:40.415780','934b0f1c099b4c07a6df75c894659048','1f3cc4b7c2154011a379f6fa1a16f530','d897d6292a83448b98a1d0c723b59e54',NULL,NULL,'1f3cc4b7c2154011a379f6fa1a16f530','19d0566f4dbc4b4a93ab2ebf417c63d9','466f895b13b144d4b1be868bd6cc7674','6694101bad7d4e72bb9a19ea82b12715',4.00),('5de39d69d82b43698fde1c5c09eaacf9','CONTROLLER (スピードコントローラー)','AS2201F-01-06A','','','','7645-007-K3',0.00,0.0090909,470.00,NULL,0,0,'2019-03-30 02:59:48.229039','2019-03-30 02:59:48.229102','934b0f1c099b4c07a6df75c894659048','1f3cc4b7c2154011a379f6fa1a16f530','d897d6292a83448b98a1d0c723b59e54',NULL,NULL,'1f3cc4b7c2154011a379f6fa1a16f530','19d0566f4dbc4b4a93ab2ebf417c63d9','466f895b13b144d4b1be868bd6cc7674','c59cd8558f614f9590e03847c2628675',2.00),('5f5b9d929055400fb18ad55a340c1271','SHUTTER PLATE','','7645-009-K-013','S45C','黒染','',0.00,0.0090909,2040.00,NULL,0,0,'2019-03-30 03:41:47.480634','2019-03-30 03:41:47.480698','934b0f1c099b4c07a6df75c894659048','1f3cc4b7c2154011a379f6fa1a16f530','d897d6292a83448b98a1d0c723b59e54',NULL,NULL,'1f3cc4b7c2154011a379f6fa1a16f530','2035b69318344939a06ac9558e935ef5','466f895b13b144d4b1be868bd6cc7674','c59cd8558f614f9590e03847c2628675',1.00),('5f5e3af4bb124d50853f6763cd14ebde','PUSHER HEAD','','7646-012-K-003','S50C','表面焼入れHRC60以上　黒染め','',0.00,0.0090909,3250.00,NULL,0,1,'2019-03-31 02:28:46.786898','2019-04-06 04:04:16.599185','934b0f1c099b4c07a6df75c894659048','1f3cc4b7c2154011a379f6fa1a16f530','d897d6292a83448b98a1d0c723b59e54',NULL,NULL,'1f3cc4b7c2154011a379f6fa1a16f530','2035b69318344939a06ac9558e935ef5','466f895b13b144d4b1be868bd6cc7674','9750227b0342499d80d491fba7a81bda',1.00),('5ff33abc75b04e9685393703c278d991','FRAME (アルミフレーム)','EFS6-3030-210-ZZZ1','','','','7645-000-K2',0.00,0.0090909,400.00,NULL,0,0,'2019-03-30 02:53:08.126203','2019-03-30 02:53:08.126266','934b0f1c099b4c07a6df75c894659048','1f3cc4b7c2154011a379f6fa1a16f530','d897d6292a83448b98a1d0c723b59e54',NULL,NULL,'1f3cc4b7c2154011a379f6fa1a16f530','19d0566f4dbc4b4a93ab2ebf417c63d9','466f895b13b144d4b1be868bd6cc7674','c59cd8558f614f9590e03847c2628675',1.00),('609c6cf00ba94125867b2af6aed35627','CONTROLLER (スピードコントローラー)','AS2201F-01-06A','','','','7645-007-K2',0.00,0.0090909,470.00,NULL,0,0,'2019-03-30 02:59:49.465574','2019-03-30 02:59:49.465664','934b0f1c099b4c07a6df75c894659048','1f3cc4b7c2154011a379f6fa1a16f530','d897d6292a83448b98a1d0c723b59e54',NULL,NULL,'1f3cc4b7c2154011a379f6fa1a16f530','19d0566f4dbc4b4a93ab2ebf417c63d9','466f895b13b144d4b1be868bd6cc7674','c59cd8558f614f9590e03847c2628675',2.00),('6284608b0a1c4e929b309e9dd722057b','CONTROLLER (スピードコントローラー)','AS1201F-M5-04A','','','','7646-004-K17',0.00,0.0090909,350.00,NULL,0,1,'2019-03-31 02:24:48.770481','2019-04-06 04:04:26.314732','934b0f1c099b4c07a6df75c894659048','1f3cc4b7c2154011a379f6fa1a16f530','d897d6292a83448b98a1d0c723b59e54',NULL,'e339fe6f57334caf97653a37c201b067','1f3cc4b7c2154011a379f6fa1a16f530','19d0566f4dbc4b4a93ab2ebf417c63d9','466f895b13b144d4b1be868bd6cc7674','9750227b0342499d80d491fba7a81bda',2.00),('62ba4237fb024bf18d0a315d36844e08','CHAIN (プラチェーン)','RSP35 (175リンク)','','','','7645-008-K1',0.00,0.0090909,16230.00,NULL,0,0,'2019-03-30 02:59:52.108633','2019-03-30 02:59:52.108692','934b0f1c099b4c07a6df75c894659048','1f3cc4b7c2154011a379f6fa1a16f530','d897d6292a83448b98a1d0c723b59e54',NULL,NULL,'1f3cc4b7c2154011a379f6fa1a16f530','19d0566f4dbc4b4a93ab2ebf417c63d9','466f895b13b144d4b1be868bd6cc7674','c59cd8558f614f9590e03847c2628675',1.00),('62eb48bb49aa4703b13c69a8a438359d','CYLINDER (ガイド付きシリンダー)','MGPM16-50Z-A93','','','','7645-003-K2',0.00,0.0090909,13750.00,NULL,0,0,'2019-03-30 02:54:26.153561','2019-03-30 02:54:26.153627','934b0f1c099b4c07a6df75c894659048','1f3cc4b7c2154011a379f6fa1a16f530','d897d6292a83448b98a1d0c723b59e54',NULL,NULL,'1f3cc4b7c2154011a379f6fa1a16f530','19d0566f4dbc4b4a93ab2ebf417c63d9','466f895b13b144d4b1be868bd6cc7674','c59cd8558f614f9590e03847c2628675',1.00),('64580ef86e2a47ce8109795899f6b6f7','FLIPPER','','7646-012-K-034','S45C','黒染め','',0.00,0.0090909,1320.00,NULL,0,1,'2019-03-31 02:28:36.299234','2019-04-06 04:04:18.442600','934b0f1c099b4c07a6df75c894659048','1f3cc4b7c2154011a379f6fa1a16f530','d897d6292a83448b98a1d0c723b59e54',NULL,NULL,'1f3cc4b7c2154011a379f6fa1a16f530','2035b69318344939a06ac9558e935ef5','466f895b13b144d4b1be868bd6cc7674','9750227b0342499d80d491fba7a81bda',1.00),('64ff110704974356bcb98af12cf6681b','CONTROLLER (スピードコントローラー)','AS1201F-M5-04A','','','','7646-0009-K4',0.00,0.0090909,350.00,NULL,0,1,'2019-03-31 02:25:00.751078','2019-04-06 04:04:25.086398','934b0f1c099b4c07a6df75c894659048','1f3cc4b7c2154011a379f6fa1a16f530','d897d6292a83448b98a1d0c723b59e54',NULL,'e339fe6f57334caf97653a37c201b067','1f3cc4b7c2154011a379f6fa1a16f530','19d0566f4dbc4b4a93ab2ebf417c63d9','466f895b13b144d4b1be868bd6cc7674','9750227b0342499d80d491fba7a81bda',2.00),('65693cda2438480f88a63a0ddab26bb3','JOINT (継手)','KQ2S04-M5A','','','','',0.00,0.0090909,160.00,NULL,0,0,'2019-03-30 02:54:21.052520','2019-03-30 02:54:21.052583','934b0f1c099b4c07a6df75c894659048','1f3cc4b7c2154011a379f6fa1a16f530','d897d6292a83448b98a1d0c723b59e54',NULL,NULL,'1f3cc4b7c2154011a379f6fa1a16f530','19d0566f4dbc4b4a93ab2ebf417c63d9','466f895b13b144d4b1be868bd6cc7674','c59cd8558f614f9590e03847c2628675',2.00),('65b4c76456ad4c57bf3548589551f3b5','CONTROLLER (スピードコントローラー)','AS2201F-01-06A','','','','7646-007-K3',0.00,0.0090909,470.00,NULL,0,1,'2019-03-31 02:24:56.133280','2019-04-06 04:04:25.497523','934b0f1c099b4c07a6df75c894659048','1f3cc4b7c2154011a379f6fa1a16f530','d897d6292a83448b98a1d0c723b59e54',NULL,'e339fe6f57334caf97653a37c201b067','1f3cc4b7c2154011a379f6fa1a16f530','19d0566f4dbc4b4a93ab2ebf417c63d9','466f895b13b144d4b1be868bd6cc7674','9750227b0342499d80d491fba7a81bda',2.00),('6ad67a160e7e446fbc075d662404c746','ENTRANCE GUIDE','','7646-0009-K-006','S45C','黒染','',0.00,0.0090909,1820.00,NULL,0,1,'2019-03-31 02:28:32.870040','2019-04-06 04:04:18.972670','934b0f1c099b4c07a6df75c894659048','1f3cc4b7c2154011a379f6fa1a16f530','d897d6292a83448b98a1d0c723b59e54',NULL,NULL,'1f3cc4b7c2154011a379f6fa1a16f530','2035b69318344939a06ac9558e935ef5','466f895b13b144d4b1be868bd6cc7674','9750227b0342499d80d491fba7a81bda',1.00),('6b1d4b46c9f8402cb25f1984f7f5acca','FLIPPER','','7645-004-K-008','NAK55','黒染','',0.00,0.0090909,3250.00,NULL,0,0,'2019-03-30 03:41:36.556342','2019-03-30 03:41:36.556473','934b0f1c099b4c07a6df75c894659048','1f3cc4b7c2154011a379f6fa1a16f530','d897d6292a83448b98a1d0c723b59e54',NULL,NULL,'1f3cc4b7c2154011a379f6fa1a16f530','2035b69318344939a06ac9558e935ef5','466f895b13b144d4b1be868bd6cc7674','c59cd8558f614f9590e03847c2628675',1.00),('6b20a19bd13d4bd9bd0eb551c39d9bb0','SERVO DRIVER MITSUBISHI','MR-J3-20A','','','','',0.00,0.0090909,53950.00,NULL,0,1,'2019-03-29 04:33:48.794143','2019-04-05 03:37:21.385645','934b0f1c099b4c07a6df75c894659048','1f3cc4b7c2154011a379f6fa1a16f530','d897d6292a83448b98a1d0c723b59e54',NULL,NULL,'1f3cc4b7c2154011a379f6fa1a16f530','19d0566f4dbc4b4a93ab2ebf417c63d9','466f895b13b144d4b1be868bd6cc7674','6694101bad7d4e72bb9a19ea82b12715',1.00),('6eb37b3efbf3410883fca60ff9a3bb22','CONTROLLER (スピードコントローラー)','AS1201F-M5-04A','','','','7646-003-K',0.00,0.0090909,350.00,NULL,0,1,'2019-03-31 02:24:30.980014','2019-04-06 04:04:27.787906','934b0f1c099b4c07a6df75c894659048','1f3cc4b7c2154011a379f6fa1a16f530','d897d6292a83448b98a1d0c723b59e54',NULL,'e339fe6f57334caf97653a37c201b067','1f3cc4b7c2154011a379f6fa1a16f530','19d0566f4dbc4b4a93ab2ebf417c63d9','466f895b13b144d4b1be868bd6cc7674','9750227b0342499d80d491fba7a81bda',2.00),('7145ba3e9d054218ae4b9e9d89c9dd9b','PIN GUIDE 6.5','','7645-009-K-003','SKS3','黒染','',0.00,0.0090909,1760.00,NULL,0,0,'2019-03-30 03:41:53.476259','2019-03-30 03:41:53.476322','934b0f1c099b4c07a6df75c894659048','1f3cc4b7c2154011a379f6fa1a16f530','d897d6292a83448b98a1d0c723b59e54',NULL,NULL,'1f3cc4b7c2154011a379f6fa1a16f530','2035b69318344939a06ac9558e935ef5','466f895b13b144d4b1be868bd6cc7674','c59cd8558f614f9590e03847c2628675',1.00),('719c8f45fcbe489691275e5c45c50cab','SENSOR (ファイバーセンサー)','FU-77','','','','7645-004-K-22',0.00,0.0090909,4290.00,NULL,0,0,'2019-03-30 02:56:17.376769','2019-03-30 02:56:17.376836','934b0f1c099b4c07a6df75c894659048','1f3cc4b7c2154011a379f6fa1a16f530','d897d6292a83448b98a1d0c723b59e54',NULL,NULL,'1f3cc4b7c2154011a379f6fa1a16f530','19d0566f4dbc4b4a93ab2ebf417c63d9','466f895b13b144d4b1be868bd6cc7674','c59cd8558f614f9590e03847c2628675',2.00),('74b2e72abaf741158a50588094018ba3','MOTOR MOUNT','','7646-012-K-008','SS400','黒染め','',0.00,0.0090909,2590.00,NULL,0,1,'2019-03-31 02:28:44.215230','2019-04-06 04:04:17.051192','934b0f1c099b4c07a6df75c894659048','1f3cc4b7c2154011a379f6fa1a16f530','d897d6292a83448b98a1d0c723b59e54',NULL,NULL,'1f3cc4b7c2154011a379f6fa1a16f530','2035b69318344939a06ac9558e935ef5','466f895b13b144d4b1be868bd6cc7674','9750227b0342499d80d491fba7a81bda',1.00),('753365a1706c4edc84bfa80b0f013790','STOPPER','','7645-009-K-010','S55C','真空焼入れHRC40～黒染','',0.00,0.0090909,1980.00,NULL,0,0,'2019-03-30 03:41:48.607246','2019-03-30 03:41:48.607314','934b0f1c099b4c07a6df75c894659048','1f3cc4b7c2154011a379f6fa1a16f530','d897d6292a83448b98a1d0c723b59e54',NULL,NULL,'1f3cc4b7c2154011a379f6fa1a16f530','2035b69318344939a06ac9558e935ef5','466f895b13b144d4b1be868bd6cc7674','c59cd8558f614f9590e03847c2628675',1.00),('75da37bef7d4417aac970c0651468390','CLAMP (INVT HAND)','','7645-001-K-004','S55C','真空焼入れHRC40～黒染','',0.00,0.0090909,4070.00,NULL,0,0,'2019-03-30 03:41:25.764082','2019-03-30 03:41:25.764192','934b0f1c099b4c07a6df75c894659048','1f3cc4b7c2154011a379f6fa1a16f530','d897d6292a83448b98a1d0c723b59e54',NULL,NULL,'1f3cc4b7c2154011a379f6fa1a16f530','2035b69318344939a06ac9558e935ef5','466f895b13b144d4b1be868bd6cc7674','c59cd8558f614f9590e03847c2628675',2.00),('77532ad02e064a7b9220250b83647b9b','FITTING','KQ2L04-02AS','','','','7646-013-K',0.00,0.0090909,130.00,NULL,0,1,'2019-03-31 02:25:15.629627','2019-04-06 04:04:23.277081','934b0f1c099b4c07a6df75c894659048','1f3cc4b7c2154011a379f6fa1a16f530','d897d6292a83448b98a1d0c723b59e54',NULL,'e339fe6f57334caf97653a37c201b067','1f3cc4b7c2154011a379f6fa1a16f530','19d0566f4dbc4b4a93ab2ebf417c63d9','466f895b13b144d4b1be868bd6cc7674','9750227b0342499d80d491fba7a81bda',4.00),('7a925e4c4ed8458d96b92c5077d83c9b','CONTROLLER (スピードコントローラー)','AS1201F-M5-04A','','','','7646-0011-K1',0.00,0.0090909,350.00,NULL,0,1,'2019-03-31 02:25:05.346184','2019-04-06 04:04:24.362509','934b0f1c099b4c07a6df75c894659048','1f3cc4b7c2154011a379f6fa1a16f530','d897d6292a83448b98a1d0c723b59e54',NULL,'e339fe6f57334caf97653a37c201b067','1f3cc4b7c2154011a379f6fa1a16f530','19d0566f4dbc4b4a93ab2ebf417c63d9','466f895b13b144d4b1be868bd6cc7674','9750227b0342499d80d491fba7a81bda',2.00),('7c65ea392253495e99fbab420ce177ae','PLATE','','7646-004-K-019','SS400D','黒染','',0.00,0.0090909,1100.00,NULL,0,1,'2019-03-31 02:28:16.292185','2019-04-06 04:04:22.232544','934b0f1c099b4c07a6df75c894659048','1f3cc4b7c2154011a379f6fa1a16f530','d897d6292a83448b98a1d0c723b59e54',NULL,NULL,'1f3cc4b7c2154011a379f6fa1a16f530','2035b69318344939a06ac9558e935ef5','466f895b13b144d4b1be868bd6cc7674','9750227b0342499d80d491fba7a81bda',1.00),('7e3c7b87829848a0afc66b2931c963dc','NG CATCH','','7646-012-K-019','SUS304','***','',0.00,0.0090909,1650.00,NULL,0,1,'2019-03-31 02:28:40.563484','2019-04-06 04:04:17.736504','934b0f1c099b4c07a6df75c894659048','1f3cc4b7c2154011a379f6fa1a16f530','d897d6292a83448b98a1d0c723b59e54',NULL,NULL,'1f3cc4b7c2154011a379f6fa1a16f530','2035b69318344939a06ac9558e935ef5','466f895b13b144d4b1be868bd6cc7674','9750227b0342499d80d491fba7a81bda',1.00),('7e605b42cec943129e677e170ab20435','CV BASE PLATE','','7646-007A-K-017','SS400','黒染め（現地追加工）','',0.00,0.0090909,0.00,NULL,0,1,'2019-03-31 02:28:25.257928','2019-04-06 04:04:20.757895','934b0f1c099b4c07a6df75c894659048','1f3cc4b7c2154011a379f6fa1a16f530','d897d6292a83448b98a1d0c723b59e54',NULL,NULL,'1f3cc4b7c2154011a379f6fa1a16f530','2035b69318344939a06ac9558e935ef5','466f895b13b144d4b1be868bd6cc7674','9750227b0342499d80d491fba7a81bda',1.00),('7eb059dc4f7d4516bc364ac2ef74e9f2','Spped Controller','MSM003-403','','','','',0.00,0.0090909,95.64,NULL,0,0,'2019-03-30 03:00:11.310047','2019-03-30 03:00:11.310140','934b0f1c099b4c07a6df75c894659048','1f3cc4b7c2154011a379f6fa1a16f530','d897d6292a83448b98a1d0c723b59e54',NULL,NULL,'1f3cc4b7c2154011a379f6fa1a16f530','19d0566f4dbc4b4a93ab2ebf417c63d9','466f895b13b144d4b1be868bd6cc7674','c59cd8558f614f9590e03847c2628675',1.00),('7f57af0f595244839ff3502729df5581','STICK (マグネットキャッチ)','HMGNA6','','','','7645-000-K6',0.00,0.0090909,490.00,NULL,0,0,'2019-03-30 02:52:58.900079','2019-03-30 02:52:58.900153','934b0f1c099b4c07a6df75c894659048','1f3cc4b7c2154011a379f6fa1a16f530','d897d6292a83448b98a1d0c723b59e54',NULL,NULL,'1f3cc4b7c2154011a379f6fa1a16f530','19d0566f4dbc4b4a93ab2ebf417c63d9','466f895b13b144d4b1be868bd6cc7674','c59cd8558f614f9590e03847c2628675',8.00),('7fc7c7e8cf6c42758dd201b6ef6104e3','PUSHER BASE','','7646-012-K-004','S45C','黒染め','',0.00,0.0090909,3250.00,NULL,0,1,'2019-03-31 02:28:45.917954','2019-04-06 04:04:16.727288','934b0f1c099b4c07a6df75c894659048','1f3cc4b7c2154011a379f6fa1a16f530','d897d6292a83448b98a1d0c723b59e54',NULL,NULL,'1f3cc4b7c2154011a379f6fa1a16f530','2035b69318344939a06ac9558e935ef5','466f895b13b144d4b1be868bd6cc7674','9750227b0342499d80d491fba7a81bda',1.00),('80de9a8c75d74ba0a0783c9cd25dbb0e','BRACKET (コンベアブラケット)','','7645-008-K-009','SS400','黒染','',0.00,0.0090909,4240.00,NULL,0,0,'2019-03-30 03:41:45.369494','2019-03-30 03:41:45.369559','934b0f1c099b4c07a6df75c894659048','1f3cc4b7c2154011a379f6fa1a16f530','d897d6292a83448b98a1d0c723b59e54',NULL,NULL,'1f3cc4b7c2154011a379f6fa1a16f530','2035b69318344939a06ac9558e935ef5','466f895b13b144d4b1be868bd6cc7674','c59cd8558f614f9590e03847c2628675',1.00),('81fd343bd92b4cbcb1380094fef6c31c','KEY (キー)','KES3-10','','','','7645-004-K-25',0.00,0.0090909,330.00,NULL,0,0,'2019-03-30 02:54:31.421194','2019-03-30 02:54:31.421285','934b0f1c099b4c07a6df75c894659048','1f3cc4b7c2154011a379f6fa1a16f530','d897d6292a83448b98a1d0c723b59e54',NULL,NULL,'1f3cc4b7c2154011a379f6fa1a16f530','19d0566f4dbc4b4a93ab2ebf417c63d9','466f895b13b144d4b1be868bd6cc7674','c59cd8558f614f9590e03847c2628675',1.00),('83bc582fbe294e268d960a8552374f30','SHUTTER PLATE','','7645-006-K-002','SKS3','黒染 焼入れ　HRC60以上','',0.00,0.0090909,12210.00,NULL,0,0,'2019-03-30 03:41:40.725482','2019-03-30 03:41:40.725607','934b0f1c099b4c07a6df75c894659048','1f3cc4b7c2154011a379f6fa1a16f530','d897d6292a83448b98a1d0c723b59e54',NULL,NULL,'1f3cc4b7c2154011a379f6fa1a16f530','2035b69318344939a06ac9558e935ef5','466f895b13b144d4b1be868bd6cc7674','c59cd8558f614f9590e03847c2628675',6.00),('84b84d53373e4beb8d0c309011439a76','SIDE PUSHER','','7645-009-K-007','S55C','真空焼入れHRC40～黒染','',0.00,0.0090909,2750.00,NULL,0,0,'2019-03-30 03:41:49.754779','2019-03-30 03:41:49.754845','934b0f1c099b4c07a6df75c894659048','1f3cc4b7c2154011a379f6fa1a16f530','d897d6292a83448b98a1d0c723b59e54',NULL,NULL,'1f3cc4b7c2154011a379f6fa1a16f530','2035b69318344939a06ac9558e935ef5','466f895b13b144d4b1be868bd6cc7674','c59cd8558f614f9590e03847c2628675',1.00),('86c8b2d4eb954decae72677c1de3d460','CONTROLLER (スピードコントローラー)','AS1201F-M5-04A','','','','7646-004-K',0.00,0.0090909,350.00,NULL,0,1,'2019-03-31 02:24:44.892591','2019-04-06 04:04:26.626491','934b0f1c099b4c07a6df75c894659048','1f3cc4b7c2154011a379f6fa1a16f530','d897d6292a83448b98a1d0c723b59e54',NULL,'e339fe6f57334caf97653a37c201b067','1f3cc4b7c2154011a379f6fa1a16f530','19d0566f4dbc4b4a93ab2ebf417c63d9','466f895b13b144d4b1be868bd6cc7674','9750227b0342499d80d491fba7a81bda',2.00),('87d6bbe0d44948acaedaf8bf32122480','PUSHER GUIDE','','7646-012-K-032','SUS304','***','',0.00,0.0090909,660.00,NULL,0,1,'2019-03-31 02:28:37.118701','2019-04-06 04:04:18.273711','934b0f1c099b4c07a6df75c894659048','1f3cc4b7c2154011a379f6fa1a16f530','d897d6292a83448b98a1d0c723b59e54',NULL,NULL,'1f3cc4b7c2154011a379f6fa1a16f530','2035b69318344939a06ac9558e935ef5','466f895b13b144d4b1be868bd6cc7674','9750227b0342499d80d491fba7a81bda',1.00),('8e43f539d8264ed4b2147837fe34b37e','JOINT (継手)','KQ2S04-M5A','','','','7646-001-K',0.00,0.0090909,160.00,NULL,0,1,'2019-03-31 02:24:29.192792','2019-04-06 04:04:28.002618','934b0f1c099b4c07a6df75c894659048','1f3cc4b7c2154011a379f6fa1a16f530','d897d6292a83448b98a1d0c723b59e54',NULL,'e339fe6f57334caf97653a37c201b067','1f3cc4b7c2154011a379f6fa1a16f530','19d0566f4dbc4b4a93ab2ebf417c63d9','466f895b13b144d4b1be868bd6cc7674','9750227b0342499d80d491fba7a81bda',2.00),('8e990cb05686455ab81c22ecae20f5b9','STOPPER','','7646-0009-K-010','S55C','焼入れHRC40~黒染','',0.00,0.0090909,1980.00,NULL,0,1,'2019-03-31 02:28:30.806850','2019-04-06 04:04:19.309768','934b0f1c099b4c07a6df75c894659048','1f3cc4b7c2154011a379f6fa1a16f530','d897d6292a83448b98a1d0c723b59e54',NULL,NULL,'1f3cc4b7c2154011a379f6fa1a16f530','2035b69318344939a06ac9558e935ef5','466f895b13b144d4b1be868bd6cc7674','9750227b0342499d80d491fba7a81bda',1.00),('8ebbfed878ed44a6ac748ce4b0ffe450','ORIENTATE CHUTE','','7646-004-K-007','NAK55','黒染','',0.00,0.0090909,10780.00,NULL,0,1,'2019-03-31 02:28:21.476205','2019-04-06 04:04:21.555421','934b0f1c099b4c07a6df75c894659048','1f3cc4b7c2154011a379f6fa1a16f530','d897d6292a83448b98a1d0c723b59e54',NULL,NULL,'1f3cc4b7c2154011a379f6fa1a16f530','2035b69318344939a06ac9558e935ef5','466f895b13b144d4b1be868bd6cc7674','9750227b0342499d80d491fba7a81bda',1.00),('8f06603823c545279151ca866eb08441','CONTOROLLER (スピードコントローラー)','AS2201F-01-04SA','','','','7645-004-K',0.00,0.0090909,470.00,NULL,0,0,'2019-03-30 02:59:43.695044','2019-03-30 02:59:43.695143','934b0f1c099b4c07a6df75c894659048','1f3cc4b7c2154011a379f6fa1a16f530','d897d6292a83448b98a1d0c723b59e54',NULL,NULL,'1f3cc4b7c2154011a379f6fa1a16f530','19d0566f4dbc4b4a93ab2ebf417c63d9','466f895b13b144d4b1be868bd6cc7674','c59cd8558f614f9590e03847c2628675',2.00),('8f1f403084ed4704baffa8a3f96ca41b','AIR CHUCK (180度開閉型エアチャック)','MHW2-20D1-Y69B','','','','7645-004-K-19',0.00,0.0090909,33500.00,NULL,0,0,'2019-03-30 02:56:27.286366','2019-03-30 02:56:27.286446','934b0f1c099b4c07a6df75c894659048','1f3cc4b7c2154011a379f6fa1a16f530','d897d6292a83448b98a1d0c723b59e54',NULL,NULL,'1f3cc4b7c2154011a379f6fa1a16f530','19d0566f4dbc4b4a93ab2ebf417c63d9','466f895b13b144d4b1be868bd6cc7674','c59cd8558f614f9590e03847c2628675',1.00),('8f7006c6d25c4bc4855652d9c035c497','FITTING','KQ2L04-02AS','','','','7645-013-K',0.00,0.0090909,130.00,NULL,0,0,'2019-03-30 03:00:08.698665','2019-03-30 03:00:08.698728','934b0f1c099b4c07a6df75c894659048','1f3cc4b7c2154011a379f6fa1a16f530','d897d6292a83448b98a1d0c723b59e54',NULL,NULL,'1f3cc4b7c2154011a379f6fa1a16f530','19d0566f4dbc4b4a93ab2ebf417c63d9','466f895b13b144d4b1be868bd6cc7674','c59cd8558f614f9590e03847c2628675',4.00),('910d44cc0dd4400fa7e178445cc68a13','CONTROLLER (スピードコントローラー)','AS1201F-M5-04A','','','','7645-006-K-1',0.00,0.0090909,350.00,NULL,0,0,'2019-03-30 02:59:45.555894','2019-03-30 02:59:45.556002','934b0f1c099b4c07a6df75c894659048','1f3cc4b7c2154011a379f6fa1a16f530','d897d6292a83448b98a1d0c723b59e54',NULL,NULL,'1f3cc4b7c2154011a379f6fa1a16f530','19d0566f4dbc4b4a93ab2ebf417c63d9','466f895b13b144d4b1be868bd6cc7674','c59cd8558f614f9590e03847c2628675',12.00),('923ed9d3e46040638fbd93afe1fbb73e','CONTROLLER (スピードコントローラー)','AS1201F-M5-04A','','','','7646-0009-K2',0.00,0.0090909,350.00,NULL,0,1,'2019-03-31 02:25:03.053283','2019-04-06 04:04:24.836702','934b0f1c099b4c07a6df75c894659048','1f3cc4b7c2154011a379f6fa1a16f530','d897d6292a83448b98a1d0c723b59e54',NULL,'e339fe6f57334caf97653a37c201b067','1f3cc4b7c2154011a379f6fa1a16f530','19d0566f4dbc4b4a93ab2ebf417c63d9','466f895b13b144d4b1be868bd6cc7674','9750227b0342499d80d491fba7a81bda',2.00),('92cf7c0263f146b8b8d75c3ac716d1fc','CHUTE HOLDER','','7645-004-K-009','SS400','黒染 (現地追加工)','',0.00,0.0090909,0.00,NULL,0,0,'2019-03-30 03:41:35.342680','2019-03-30 03:41:35.342745','934b0f1c099b4c07a6df75c894659048','1f3cc4b7c2154011a379f6fa1a16f530','d897d6292a83448b98a1d0c723b59e54',NULL,NULL,'1f3cc4b7c2154011a379f6fa1a16f530','2035b69318344939a06ac9558e935ef5','466f895b13b144d4b1be868bd6cc7674','c59cd8558f614f9590e03847c2628675',1.00),('92db5ed3c6ef466abb9942e67183d91e','SWITCH (オートスイッチ)','D-A93','','','','7646-012-K7',0.00,0.0090909,1160.00,NULL,0,1,'2019-03-31 02:25:06.579636','2019-04-06 04:04:24.223681','934b0f1c099b4c07a6df75c894659048','1f3cc4b7c2154011a379f6fa1a16f530','d897d6292a83448b98a1d0c723b59e54',NULL,'e339fe6f57334caf97653a37c201b067','1f3cc4b7c2154011a379f6fa1a16f530','19d0566f4dbc4b4a93ab2ebf417c63d9','466f895b13b144d4b1be868bd6cc7674','9750227b0342499d80d491fba7a81bda',2.00),('967404df05974b60a34a27139beff870','LEFT SEAL','5528-P0400-005 (70゜)','','','','',0.00,0.0090909,6830.00,NULL,0,0,'2019-03-29 05:30:13.101345','2019-03-29 05:30:13.101410','934b0f1c099b4c07a6df75c894659048','1f3cc4b7c2154011a379f6fa1a16f530','d897d6292a83448b98a1d0c723b59e54',NULL,NULL,'1f3cc4b7c2154011a379f6fa1a16f530','19d0566f4dbc4b4a93ab2ebf417c63d9','466f895b13b144d4b1be868bd6cc7674','ee7a0a88442c469dad6195a477ecd6fb',10.00),('97b70c3414f8412eb0ee99f4afabff29','BEARING HOLDER A','','7645-012-K-006','AA400','黒染','',0.00,0.0090909,1760.00,NULL,0,0,'2019-03-30 03:42:04.251159','2019-03-30 03:42:04.251473','934b0f1c099b4c07a6df75c894659048','1f3cc4b7c2154011a379f6fa1a16f530','d897d6292a83448b98a1d0c723b59e54',NULL,NULL,'1f3cc4b7c2154011a379f6fa1a16f530','2035b69318344939a06ac9558e935ef5','466f895b13b144d4b1be868bd6cc7674','c59cd8558f614f9590e03847c2628675',1.00),('988611af39984c8da4599cc24d7a53e1','NG SEPARATOR','','7646-012-K-020','HPMI(NAK55)','黒染め','',0.00,0.0090909,2150.00,NULL,0,1,'2019-03-31 02:28:39.167072','2019-04-06 04:04:17.920703','934b0f1c099b4c07a6df75c894659048','1f3cc4b7c2154011a379f6fa1a16f530','d897d6292a83448b98a1d0c723b59e54',NULL,NULL,'1f3cc4b7c2154011a379f6fa1a16f530','2035b69318344939a06ac9558e935ef5','466f895b13b144d4b1be868bd6cc7674','9750227b0342499d80d491fba7a81bda',1.00),('99c1197df0d64082a04f239a721b8265','CONTROLLER (スピードコントローラー)','AS1201F-M5-04A','','','','7646-0009-K3',0.00,0.0090909,350.00,NULL,0,1,'2019-03-31 02:25:01.900973','2019-04-06 04:04:24.971145','934b0f1c099b4c07a6df75c894659048','1f3cc4b7c2154011a379f6fa1a16f530','d897d6292a83448b98a1d0c723b59e54',NULL,'e339fe6f57334caf97653a37c201b067','1f3cc4b7c2154011a379f6fa1a16f530','19d0566f4dbc4b4a93ab2ebf417c63d9','466f895b13b144d4b1be868bd6cc7674','9750227b0342499d80d491fba7a81bda',2.00),('9a4d24c5a00a4b17b57174399a75dd70','CONTROLLER (スピードコントローラー)','AS1201F-M5-04A','','','','7645-001-K3',0.00,0.0090909,350.00,NULL,0,0,'2019-03-30 02:54:16.613902','2019-03-30 02:54:16.614005','934b0f1c099b4c07a6df75c894659048','1f3cc4b7c2154011a379f6fa1a16f530','d897d6292a83448b98a1d0c723b59e54',NULL,NULL,'1f3cc4b7c2154011a379f6fa1a16f530','19d0566f4dbc4b4a93ab2ebf417c63d9','466f895b13b144d4b1be868bd6cc7674','c59cd8558f614f9590e03847c2628675',2.00),('9cbe38ad79354a269e3f7bb05c60a519','CLAMP (HAND 2)','','7646-003-K-003','SKS3','焼入れHRC45以上　黒染','',0.00,0.0090909,3960.00,NULL,0,1,'2019-03-31 02:28:15.250928','2019-04-06 04:04:22.432214','934b0f1c099b4c07a6df75c894659048','1f3cc4b7c2154011a379f6fa1a16f530','d897d6292a83448b98a1d0c723b59e54',NULL,NULL,'1f3cc4b7c2154011a379f6fa1a16f530','2035b69318344939a06ac9558e935ef5','466f895b13b144d4b1be868bd6cc7674','9750227b0342499d80d491fba7a81bda',2.00),('9ee76f43cbad414a97263abb0f8ab3f9','BRACKET (ブラケット)','HBKTS6','','','','',0.00,0.0090909,180.00,NULL,0,0,'2019-03-30 02:53:11.194716','2019-03-30 02:53:11.194783','934b0f1c099b4c07a6df75c894659048','1f3cc4b7c2154011a379f6fa1a16f530','d897d6292a83448b98a1d0c723b59e54',NULL,NULL,'1f3cc4b7c2154011a379f6fa1a16f530','19d0566f4dbc4b4a93ab2ebf417c63d9','466f895b13b144d4b1be868bd6cc7674','c59cd8558f614f9590e03847c2628675',4.00),('9f05a19f24c7484b95db14f7cc4767ab','BEARING HOLDER A','','7646-012-K-006','SS400','黒染め','',0.00,0.0090909,1760.00,NULL,0,1,'2019-03-31 02:28:45.154813','2019-04-06 04:04:16.897735','934b0f1c099b4c07a6df75c894659048','1f3cc4b7c2154011a379f6fa1a16f530','d897d6292a83448b98a1d0c723b59e54',NULL,NULL,'1f3cc4b7c2154011a379f6fa1a16f530','2035b69318344939a06ac9558e935ef5','466f895b13b144d4b1be868bd6cc7674','9750227b0342499d80d491fba7a81bda',1.00),('a17977fe3f6345f59f7dc58cf8c78a36','CONTROLLER (スピードコントローラー)','AS1201F-M5-04A','','','','7645-001-K2',0.00,0.0090909,350.00,NULL,0,0,'2019-03-30 02:54:19.500612','2019-03-30 02:54:19.500675','934b0f1c099b4c07a6df75c894659048','1f3cc4b7c2154011a379f6fa1a16f530','d897d6292a83448b98a1d0c723b59e54',NULL,NULL,'1f3cc4b7c2154011a379f6fa1a16f530','19d0566f4dbc4b4a93ab2ebf417c63d9','466f895b13b144d4b1be868bd6cc7674','c59cd8558f614f9590e03847c2628675',2.00),('a44810a3ad11450788f390caa9143865','COUPLING (カップリング)','CPOCG20-5-7','','','','7646-012-K1',0.00,0.0090909,2170.00,NULL,0,1,'2019-03-31 02:25:14.548969','2019-04-06 04:04:23.365503','934b0f1c099b4c07a6df75c894659048','1f3cc4b7c2154011a379f6fa1a16f530','d897d6292a83448b98a1d0c723b59e54',NULL,'0c1486686d6841ec8abdae73f4443e56','1f3cc4b7c2154011a379f6fa1a16f530','19d0566f4dbc4b4a93ab2ebf417c63d9','466f895b13b144d4b1be868bd6cc7674','9750227b0342499d80d491fba7a81bda',1.00),('a679fbed98b34f498d4321d8efddfe44','EXSIT GUIDE','','7646-008-K-005','S45C','黒染','',0.00,0.0090909,1210.00,NULL,0,1,'2019-03-31 02:28:29.087648','2019-04-06 04:04:19.794582','934b0f1c099b4c07a6df75c894659048','1f3cc4b7c2154011a379f6fa1a16f530','d897d6292a83448b98a1d0c723b59e54',NULL,NULL,'1f3cc4b7c2154011a379f6fa1a16f530','2035b69318344939a06ac9558e935ef5','466f895b13b144d4b1be868bd6cc7674','9750227b0342499d80d491fba7a81bda',1.00),('aa463682ada64908a3e94480efc21744','FLIPPER','','7646-004-K-008','NAK55','黒染','',0.00,0.0090909,3250.00,NULL,0,1,'2019-03-31 02:28:20.609122','2019-04-06 04:04:21.668708','934b0f1c099b4c07a6df75c894659048','1f3cc4b7c2154011a379f6fa1a16f530','d897d6292a83448b98a1d0c723b59e54',NULL,NULL,'1f3cc4b7c2154011a379f6fa1a16f530','2035b69318344939a06ac9558e935ef5','466f895b13b144d4b1be868bd6cc7674','9750227b0342499d80d491fba7a81bda',1.00),('aaa579c3d3c1477a8741cbec6d7f706f','RIGHT SEAL','5528-P0500-005 (90゜)','','','','',0.00,0.0090909,6830.00,NULL,0,0,'2019-03-29 05:30:18.114241','2019-03-29 05:30:18.114306','934b0f1c099b4c07a6df75c894659048','1f3cc4b7c2154011a379f6fa1a16f530','d897d6292a83448b98a1d0c723b59e54',NULL,NULL,'1f3cc4b7c2154011a379f6fa1a16f530','19d0566f4dbc4b4a93ab2ebf417c63d9','466f895b13b144d4b1be868bd6cc7674','ee7a0a88442c469dad6195a477ecd6fb',10.00),('ab83199f07bd4c35a9c861923ac37aa5','CYLINDER (エアシリンダ)','CMAZ-E-LS-20-50-TOH3-D','','','','7645-004-K-16',0.00,0.0090909,8140.00,NULL,0,0,'2019-03-30 02:59:44.762603','2019-03-30 02:59:44.762689','934b0f1c099b4c07a6df75c894659048','1f3cc4b7c2154011a379f6fa1a16f530','d897d6292a83448b98a1d0c723b59e54',NULL,NULL,'1f3cc4b7c2154011a379f6fa1a16f530','19d0566f4dbc4b4a93ab2ebf417c63d9','466f895b13b144d4b1be868bd6cc7674','c59cd8558f614f9590e03847c2628675',1.00),('affd76feb91f48b6a6dc54c101060fb7','CONTROLLER (スピードコントローラー)','AS1201F-M5-04A','','','','',0.00,0.0090909,350.00,NULL,0,0,'2019-03-30 02:56:25.362920','2019-03-30 02:56:25.362990','934b0f1c099b4c07a6df75c894659048','1f3cc4b7c2154011a379f6fa1a16f530','d897d6292a83448b98a1d0c723b59e54',NULL,NULL,'1f3cc4b7c2154011a379f6fa1a16f530','19d0566f4dbc4b4a93ab2ebf417c63d9','466f895b13b144d4b1be868bd6cc7674','c59cd8558f614f9590e03847c2628675',2.00),('b3d3fa1dab8146f1aded5b462f743901','Bolt','4474-P-577T','','','','',0.00,0.0090909,14300.00,NULL,0,0,'2019-03-29 05:20:52.768784','2019-03-29 05:20:52.769077','934b0f1c099b4c07a6df75c894659048','1f3cc4b7c2154011a379f6fa1a16f530','d897d6292a83448b98a1d0c723b59e54',NULL,NULL,'1f3cc4b7c2154011a379f6fa1a16f530','19d0566f4dbc4b4a93ab2ebf417c63d9','466f895b13b144d4b1be868bd6cc7674','e83c9460dd0145d5a6837b958e1b2fab',10.00),('b3f82852b2f34de99153129a03dd2c38','CHUTE COVER UPPER','','7645-004-K-012','SUS T=2.0','***','',0.00,0.0090909,1100.00,NULL,0,0,'2019-03-30 03:41:34.204806','2019-03-30 03:41:34.204870','934b0f1c099b4c07a6df75c894659048','1f3cc4b7c2154011a379f6fa1a16f530','d897d6292a83448b98a1d0c723b59e54',NULL,NULL,'1f3cc4b7c2154011a379f6fa1a16f530','2035b69318344939a06ac9558e935ef5','466f895b13b144d4b1be868bd6cc7674','c59cd8558f614f9590e03847c2628675',1.00),('b535eb9a7c024784b1400866a8ebbab5','CLAMP (INVT HAND)','','7646-001-K-004','S55C','真空焼入れHRC40~黒染','',0.00,0.0090909,4070.00,NULL,0,1,'2019-03-31 02:28:14.701340','2019-04-06 04:04:22.886556','934b0f1c099b4c07a6df75c894659048','1f3cc4b7c2154011a379f6fa1a16f530','d897d6292a83448b98a1d0c723b59e54',NULL,NULL,'1f3cc4b7c2154011a379f6fa1a16f530','2035b69318344939a06ac9558e935ef5','466f895b13b144d4b1be868bd6cc7674','9750227b0342499d80d491fba7a81bda',0.00),('b59a03d340834016ba5cc98fd0e768a6','TURNING HEAD','','7645-012-K-011','SCM435','黒染','',0.00,0.0090909,6600.00,NULL,0,0,'2019-03-30 03:42:01.406730','2019-03-30 03:42:01.406823','934b0f1c099b4c07a6df75c894659048','1f3cc4b7c2154011a379f6fa1a16f530','d897d6292a83448b98a1d0c723b59e54',NULL,NULL,'1f3cc4b7c2154011a379f6fa1a16f530','2035b69318344939a06ac9558e935ef5','466f895b13b144d4b1be868bd6cc7674','c59cd8558f614f9590e03847c2628675',2.00),('b6552b62eb56414c9030e48b0359b0df','PIN GUIDE 6.5','','7646-0009-K-003','SKS3','黒染焼入れ　HRC60以上','',0.00,0.0090909,1760.00,NULL,0,1,'2019-03-31 02:28:35.131917','2019-04-06 04:04:18.567875','934b0f1c099b4c07a6df75c894659048','1f3cc4b7c2154011a379f6fa1a16f530','d897d6292a83448b98a1d0c723b59e54',NULL,NULL,'1f3cc4b7c2154011a379f6fa1a16f530','2035b69318344939a06ac9558e935ef5','466f895b13b144d4b1be868bd6cc7674','9750227b0342499d80d491fba7a81bda',1.00),('b7e39bac63964dc2b7c95481037b47c7','CYLINDER (ロッドレスシリンダ)','MY1C-16-10OL-A93','','','','7645-004-K-21',0.00,0.0090909,48950.00,NULL,0,0,'2019-03-30 02:56:20.261380','2019-03-30 02:56:20.261447','934b0f1c099b4c07a6df75c894659048','1f3cc4b7c2154011a379f6fa1a16f530','d897d6292a83448b98a1d0c723b59e54',NULL,NULL,'1f3cc4b7c2154011a379f6fa1a16f530','19d0566f4dbc4b4a93ab2ebf417c63d9','466f895b13b144d4b1be868bd6cc7674','c59cd8558f614f9590e03847c2628675',1.00),('bb11558094784a6a828570b3a633a0b3','ENTRANCE BLOCK','','7646-0009-K-005','S45C','黒染','',0.00,0.0090909,3140.00,NULL,0,1,'2019-03-31 02:28:34.223282','2019-04-06 04:04:18.815377','934b0f1c099b4c07a6df75c894659048','1f3cc4b7c2154011a379f6fa1a16f530','d897d6292a83448b98a1d0c723b59e54',NULL,NULL,'1f3cc4b7c2154011a379f6fa1a16f530','2035b69318344939a06ac9558e935ef5','466f895b13b144d4b1be868bd6cc7674','9750227b0342499d80d491fba7a81bda',1.00),('bb51a6ad2e8c4bf0bbbf260477149274','CONTROLLER (スピードコントローラー)','AS1201F-M5-04A','','','','7646-0009-K1',0.00,0.0090909,350.00,NULL,0,1,'2019-03-31 02:25:04.309104','2019-04-06 04:04:24.620143','934b0f1c099b4c07a6df75c894659048','1f3cc4b7c2154011a379f6fa1a16f530','d897d6292a83448b98a1d0c723b59e54',NULL,'e339fe6f57334caf97653a37c201b067','1f3cc4b7c2154011a379f6fa1a16f530','19d0566f4dbc4b4a93ab2ebf417c63d9','466f895b13b144d4b1be868bd6cc7674','9750227b0342499d80d491fba7a81bda',2.00),('bb7a9034113e4425a6bc049b451e9182','CONTROLLER (スピードコントローラー)','AS1201F-M5-04A','','','','7645-012-K4',0.00,0.0090909,350.00,NULL,0,0,'2019-03-30 03:00:03.680796','2019-03-30 03:00:03.680853','934b0f1c099b4c07a6df75c894659048','1f3cc4b7c2154011a379f6fa1a16f530','d897d6292a83448b98a1d0c723b59e54',NULL,NULL,'1f3cc4b7c2154011a379f6fa1a16f530','19d0566f4dbc4b4a93ab2ebf417c63d9','466f895b13b144d4b1be868bd6cc7674','c59cd8558f614f9590e03847c2628675',2.00),('bc6b914a5b5a4c84a861e18f133e81d3','CYLINDER (ロッドレスシリンダ)','MY1C-16-100L-A93','','','','7646-004-K21',0.00,0.0090909,48950.00,NULL,0,1,'2019-03-31 02:24:41.557205','2019-04-06 04:04:26.915920','934b0f1c099b4c07a6df75c894659048','1f3cc4b7c2154011a379f6fa1a16f530','d897d6292a83448b98a1d0c723b59e54',NULL,'e339fe6f57334caf97653a37c201b067','1f3cc4b7c2154011a379f6fa1a16f530','19d0566f4dbc4b4a93ab2ebf417c63d9','466f895b13b144d4b1be868bd6cc7674','9750227b0342499d80d491fba7a81bda',1.00),('bc6e750597ae4686ac83a77502570b5e','BASE PLATE','','7645-012-K-024','A2017','黒染','',0.00,0.0090909,36850.00,NULL,0,0,'2019-03-30 03:41:56.877791','2019-03-30 03:41:56.877854','934b0f1c099b4c07a6df75c894659048','1f3cc4b7c2154011a379f6fa1a16f530','d897d6292a83448b98a1d0c723b59e54',NULL,NULL,'1f3cc4b7c2154011a379f6fa1a16f530','2035b69318344939a06ac9558e935ef5','466f895b13b144d4b1be868bd6cc7674','c59cd8558f614f9590e03847c2628675',1.00),('be7f10ca8ca6454e95a7ff2ea9db428f','AIR CHUCK (フェザーハンド)','FH116-D','','','','7646-001-K1',0.00,0.0090909,13590.00,NULL,0,1,'2019-03-31 02:24:30.205191','2019-04-06 04:04:27.887194','934b0f1c099b4c07a6df75c894659048','1f3cc4b7c2154011a379f6fa1a16f530','d897d6292a83448b98a1d0c723b59e54',NULL,'c47db7d115c34c389fe5059ebe8afce4','1f3cc4b7c2154011a379f6fa1a16f530','19d0566f4dbc4b4a93ab2ebf417c63d9','466f895b13b144d4b1be868bd6cc7674','9750227b0342499d80d491fba7a81bda',1.00),('c05b9cc1853d48839a7055e2ff16bcb3','CLAMP (HAND 1)','','7646-004-K-004','SKS3','黒染焼入れ　HRC60以上','',0.00,0.0090909,4070.00,NULL,0,1,'2019-03-31 02:28:23.369139','2019-04-06 04:04:21.329396','934b0f1c099b4c07a6df75c894659048','1f3cc4b7c2154011a379f6fa1a16f530','d897d6292a83448b98a1d0c723b59e54',NULL,NULL,'1f3cc4b7c2154011a379f6fa1a16f530','2035b69318344939a06ac9558e935ef5','466f895b13b144d4b1be868bd6cc7674','9750227b0342499d80d491fba7a81bda',2.00),('c06c91e156e647e29625a59f88010897','SIDE PUSHER','','7646-0009-K-007','S55C','焼入れHRC40~黒染','',0.00,0.0090909,2750.00,NULL,0,1,'2019-03-31 02:28:31.818180','2019-04-06 04:04:19.156039','934b0f1c099b4c07a6df75c894659048','1f3cc4b7c2154011a379f6fa1a16f530','d897d6292a83448b98a1d0c723b59e54',NULL,NULL,'1f3cc4b7c2154011a379f6fa1a16f530','2035b69318344939a06ac9558e935ef5','466f895b13b144d4b1be868bd6cc7674','9750227b0342499d80d491fba7a81bda',1.00),('c07b30036d2c4e659ba1bee3cb719680','BRACKET','','7645-004-K-017','SS400','黒染','',0.00,0.0090909,880.00,NULL,0,0,'2019-03-30 03:41:32.925671','2019-03-30 03:41:32.925781','934b0f1c099b4c07a6df75c894659048','1f3cc4b7c2154011a379f6fa1a16f530','d897d6292a83448b98a1d0c723b59e54',NULL,NULL,'1f3cc4b7c2154011a379f6fa1a16f530','2035b69318344939a06ac9558e935ef5','466f895b13b144d4b1be868bd6cc7674','c59cd8558f614f9590e03847c2628675',1.00),('c1ac5e09c70340bbb851ff9239468ade','BRACKET (コンベアブラケット)','','7646-008-K-009','SS400','黒染','',0.00,0.0090909,4240.00,NULL,0,1,'2019-03-31 02:28:28.090133','2019-04-06 04:04:20.090285','934b0f1c099b4c07a6df75c894659048','1f3cc4b7c2154011a379f6fa1a16f530','d897d6292a83448b98a1d0c723b59e54',NULL,NULL,'1f3cc4b7c2154011a379f6fa1a16f530','2035b69318344939a06ac9558e935ef5','466f895b13b144d4b1be868bd6cc7674','9750227b0342499d80d491fba7a81bda',1.00),('c313641a7fca4d8da15f4a3be6e74793','BRACKET','','7646-004-K-017','SS400D','黒染','',0.00,0.0090909,880.00,NULL,0,1,'2019-03-31 02:28:18.041482','2019-04-06 04:04:21.991366','934b0f1c099b4c07a6df75c894659048','1f3cc4b7c2154011a379f6fa1a16f530','d897d6292a83448b98a1d0c723b59e54',NULL,NULL,'1f3cc4b7c2154011a379f6fa1a16f530','2035b69318344939a06ac9558e935ef5','466f895b13b144d4b1be868bd6cc7674','9750227b0342499d80d491fba7a81bda',1.00),('c3bb6d3e6d604a988f1db69ff96679aa','BEARING (スライドペアリング)','NKX10Z+1R7X10X16','','','','7645-012-K2',0.00,0.0090909,2420.00,NULL,0,0,'2019-03-30 03:00:06.112978','2019-03-30 03:00:06.113131','934b0f1c099b4c07a6df75c894659048','1f3cc4b7c2154011a379f6fa1a16f530','d897d6292a83448b98a1d0c723b59e54',NULL,NULL,'1f3cc4b7c2154011a379f6fa1a16f530','19d0566f4dbc4b4a93ab2ebf417c63d9','466f895b13b144d4b1be868bd6cc7674','c59cd8558f614f9590e03847c2628675',2.00),('c497365338b64805a4794c98043157a9','CONTROLLER (スピードコントローラー)','AS1201F-M5-04A','','','','7646-001-K3',0.00,0.0090909,350.00,NULL,0,1,'2019-03-31 02:24:27.586702','2019-04-06 04:04:28.279511','934b0f1c099b4c07a6df75c894659048','1f3cc4b7c2154011a379f6fa1a16f530','d897d6292a83448b98a1d0c723b59e54',NULL,'e339fe6f57334caf97653a37c201b067','1f3cc4b7c2154011a379f6fa1a16f530','19d0566f4dbc4b4a93ab2ebf417c63d9','466f895b13b144d4b1be868bd6cc7674','9750227b0342499d80d491fba7a81bda',2.00),('c7d36906c5184310bb40f020dfee0a7b','JOINT (継手)','KQ2S04-M5A','','','','',0.00,0.0090909,160.00,NULL,0,0,'2019-03-30 02:56:21.410742','2019-03-30 02:56:21.410807','934b0f1c099b4c07a6df75c894659048','1f3cc4b7c2154011a379f6fa1a16f530','d897d6292a83448b98a1d0c723b59e54',NULL,NULL,'1f3cc4b7c2154011a379f6fa1a16f530','19d0566f4dbc4b4a93ab2ebf417c63d9','466f895b13b144d4b1be868bd6cc7674','c59cd8558f614f9590e03847c2628675',2.00),('c8a7ced811624fe39867b7f42d658d5d','Housing','4474-P-566T2','','','','',0.00,0.0090909,101400.00,NULL,0,0,'2019-03-29 05:20:31.957503','2019-03-29 05:20:31.957581','934b0f1c099b4c07a6df75c894659048','1f3cc4b7c2154011a379f6fa1a16f530','d897d6292a83448b98a1d0c723b59e54',NULL,NULL,'1f3cc4b7c2154011a379f6fa1a16f530','19d0566f4dbc4b4a93ab2ebf417c63d9','466f895b13b144d4b1be868bd6cc7674','e83c9460dd0145d5a6837b958e1b2fab',4.00),('c908c61eef714571ae98c31f182003cf','SHAFT','6586P0550-032','','','','',0.00,0.0090909,23400.00,NULL,0,0,'2019-03-29 05:20:50.077087','2019-03-29 05:20:50.077149','934b0f1c099b4c07a6df75c894659048','1f3cc4b7c2154011a379f6fa1a16f530','d897d6292a83448b98a1d0c723b59e54',NULL,NULL,'1f3cc4b7c2154011a379f6fa1a16f530','19d0566f4dbc4b4a93ab2ebf417c63d9','466f895b13b144d4b1be868bd6cc7674','e83c9460dd0145d5a6837b958e1b2fab',4.00),('ca1958f5d4b4482babfda27c9c583946','CV COVER','','7645-008-K-002','SS400','黒染 (現地追加工)','',0.00,0.0090909,0.00,NULL,0,0,'2019-03-30 03:41:43.899090','2019-03-30 03:41:43.899152','934b0f1c099b4c07a6df75c894659048','1f3cc4b7c2154011a379f6fa1a16f530','d897d6292a83448b98a1d0c723b59e54',NULL,NULL,'1f3cc4b7c2154011a379f6fa1a16f530','2035b69318344939a06ac9558e935ef5','466f895b13b144d4b1be868bd6cc7674','c59cd8558f614f9590e03847c2628675',1.00),('ca62e245b01f46f19327eb6013b94ace','CONTROLLER (スピードコントローラー)','AS1201F-M5-04A','','','','7645-012-K6',0.00,0.0090909,350.00,NULL,0,0,'2019-03-30 03:00:01.213261','2019-03-30 03:00:01.213328','934b0f1c099b4c07a6df75c894659048','1f3cc4b7c2154011a379f6fa1a16f530','d897d6292a83448b98a1d0c723b59e54',NULL,NULL,'1f3cc4b7c2154011a379f6fa1a16f530','19d0566f4dbc4b4a93ab2ebf417c63d9','466f895b13b144d4b1be868bd6cc7674','c59cd8558f614f9590e03847c2628675',2.00),('cb60b660da4f403aaa7df0770a553c82','CONTROLLER (スピードコントローラー)','AS1201F-M5-04A','','','','',0.00,0.0090909,350.00,NULL,0,0,'2019-03-30 02:54:24.093825','2019-03-30 02:54:24.093903','934b0f1c099b4c07a6df75c894659048','1f3cc4b7c2154011a379f6fa1a16f530','d897d6292a83448b98a1d0c723b59e54',NULL,NULL,'1f3cc4b7c2154011a379f6fa1a16f530','19d0566f4dbc4b4a93ab2ebf417c63d9','466f895b13b144d4b1be868bd6cc7674','c59cd8558f614f9590e03847c2628675',2.00),('cf3d644450e24296b3b71b11b83d561d','STICK (マグネットキャッチ)','HMEN6-6','','','','7645-000-K5',0.00,0.0090909,860.00,NULL,0,0,'2019-03-30 02:53:00.730649','2019-03-30 02:53:00.730721','934b0f1c099b4c07a6df75c894659048','1f3cc4b7c2154011a379f6fa1a16f530','d897d6292a83448b98a1d0c723b59e54',NULL,NULL,'1f3cc4b7c2154011a379f6fa1a16f530','19d0566f4dbc4b4a93ab2ebf417c63d9','466f895b13b144d4b1be868bd6cc7674','c59cd8558f614f9590e03847c2628675',6.00),('cf5acd463842425eaf554ed63935776b','NOBB (ローレットノブ)','NKOS4-10','','','','7645-004-K-23',0.00,0.0090909,500.00,NULL,0,0,'2019-03-30 02:54:35.650902','2019-03-30 02:54:35.650967','934b0f1c099b4c07a6df75c894659048','1f3cc4b7c2154011a379f6fa1a16f530','d897d6292a83448b98a1d0c723b59e54',NULL,NULL,'1f3cc4b7c2154011a379f6fa1a16f530','19d0566f4dbc4b4a93ab2ebf417c63d9','466f895b13b144d4b1be868bd6cc7674','c59cd8558f614f9590e03847c2628675',6.00),('d0d03ba10e594c9ea4769efaf814365f','AIR CHUCK (フェザーハンド)','FH116-D','','','','7646-003-K1',0.00,0.0090909,13590.00,NULL,0,1,'2019-03-31 02:24:34.287524','2019-04-06 04:04:27.496334','934b0f1c099b4c07a6df75c894659048','1f3cc4b7c2154011a379f6fa1a16f530','d897d6292a83448b98a1d0c723b59e54',NULL,'c47db7d115c34c389fe5059ebe8afce4','1f3cc4b7c2154011a379f6fa1a16f530','19d0566f4dbc4b4a93ab2ebf417c63d9','466f895b13b144d4b1be868bd6cc7674','9750227b0342499d80d491fba7a81bda',1.00),('d219b593128246368778ba8656437a3f','EXIT GUIDE','','7645-008-K-005','S45C','黒染','',0.00,0.0090909,1210.00,NULL,0,0,'2019-03-30 03:41:46.466083','2019-03-30 03:41:46.466146','934b0f1c099b4c07a6df75c894659048','1f3cc4b7c2154011a379f6fa1a16f530','d897d6292a83448b98a1d0c723b59e54',NULL,NULL,'1f3cc4b7c2154011a379f6fa1a16f530','2035b69318344939a06ac9558e935ef5','466f895b13b144d4b1be868bd6cc7674','c59cd8558f614f9590e03847c2628675',1.00),('d5b10412039947f7b5cbe0f071271798','STICK (セットビス)','MSSK3-3','','','','7646-004-K24',0.00,0.0090909,10.00,NULL,0,1,'2019-03-31 02:24:36.301064','2019-04-06 04:04:27.322108','934b0f1c099b4c07a6df75c894659048','1f3cc4b7c2154011a379f6fa1a16f530','d897d6292a83448b98a1d0c723b59e54',NULL,'0c1486686d6841ec8abdae73f4443e56','1f3cc4b7c2154011a379f6fa1a16f530','19d0566f4dbc4b4a93ab2ebf417c63d9','466f895b13b144d4b1be868bd6cc7674','9750227b0342499d80d491fba7a81bda',2.00),('d6e2dde96c2b4d148bb14c1b0280c5bf','CONTROLLER (スピードコントローラー)','AS1201F-M5-04A','','','','7645-004-K-17',0.00,0.0090909,350.00,NULL,0,0,'2019-03-30 02:59:42.400818','2019-03-30 02:59:42.400882','934b0f1c099b4c07a6df75c894659048','1f3cc4b7c2154011a379f6fa1a16f530','d897d6292a83448b98a1d0c723b59e54',NULL,NULL,'1f3cc4b7c2154011a379f6fa1a16f530','19d0566f4dbc4b4a93ab2ebf417c63d9','466f895b13b144d4b1be868bd6cc7674','c59cd8558f614f9590e03847c2628675',2.00),('d83cefcc39a94a0dae8f195ac65309cd','AIR CHUCK (180度開閉型エアチャック)','MHW2-20D1-Y69B','','','','7646-004-K19',0.00,0.0090909,33500.00,NULL,0,1,'2019-03-31 02:24:46.464127','2019-04-06 04:04:26.518295','934b0f1c099b4c07a6df75c894659048','1f3cc4b7c2154011a379f6fa1a16f530','d897d6292a83448b98a1d0c723b59e54',NULL,'e339fe6f57334caf97653a37c201b067','1f3cc4b7c2154011a379f6fa1a16f530','19d0566f4dbc4b4a93ab2ebf417c63d9','466f895b13b144d4b1be868bd6cc7674','9750227b0342499d80d491fba7a81bda',1.00),('d97bb8be47394c83b8bf74e015872c13','ELECTROMAGNETIC CONTACTOR','SK06L-E01','','','','',0.00,0.0090909,1500.00,NULL,0,0,'2019-03-31 02:31:59.651658','2019-03-31 02:31:59.651750','934b0f1c099b4c07a6df75c894659048','1f3cc4b7c2154011a379f6fa1a16f530','d897d6292a83448b98a1d0c723b59e54',NULL,'8e4158d459914592ab3d519c886285a1','1f3cc4b7c2154011a379f6fa1a16f530','19d0566f4dbc4b4a93ab2ebf417c63d9','466f895b13b144d4b1be868bd6cc7674','d0fd10cf1b3c4ed6ad09e5fda433dc4a',1.00),('d9bdf2d156c34bb1a75b15b27cb94925','PLATE (プレート)','','7645-000-K-018','','黒染','',0.00,0.0090909,1760.00,NULL,0,0,'2019-03-30 03:32:34.766173','2019-03-30 03:32:34.766288','934b0f1c099b4c07a6df75c894659048','1f3cc4b7c2154011a379f6fa1a16f530','d897d6292a83448b98a1d0c723b59e54',NULL,NULL,'1f3cc4b7c2154011a379f6fa1a16f530','2035b69318344939a06ac9558e935ef5','466f895b13b144d4b1be868bd6cc7674','c59cd8558f614f9590e03847c2628675',1.00),('db5fe202d2644dd8af9ef0ba70b119b3','PUSHER GUIDE','','7645-012-K-032','SUS304','白アルマイト','',0.00,0.0090909,660.00,NULL,0,0,'2019-03-30 03:41:55.773921','2019-03-30 03:41:55.774012','934b0f1c099b4c07a6df75c894659048','1f3cc4b7c2154011a379f6fa1a16f530','d897d6292a83448b98a1d0c723b59e54',NULL,NULL,'1f3cc4b7c2154011a379f6fa1a16f530','2035b69318344939a06ac9558e935ef5','466f895b13b144d4b1be868bd6cc7674','c59cd8558f614f9590e03847c2628675',1.00),('dbb7768a6e0b4283b99476b491e8f578','ENTRANCE GUIDE','','7645-009-K-006','S45C','黒染','',0.00,0.0090909,1820.00,NULL,0,0,'2019-03-30 03:41:50.928124','2019-03-30 03:41:50.928191','934b0f1c099b4c07a6df75c894659048','1f3cc4b7c2154011a379f6fa1a16f530','d897d6292a83448b98a1d0c723b59e54',NULL,NULL,'1f3cc4b7c2154011a379f6fa1a16f530','2035b69318344939a06ac9558e935ef5','466f895b13b144d4b1be868bd6cc7674','c59cd8558f614f9590e03847c2628675',1.00),('dd9e8dc34f7a4594b2568646b62084c0','CONTROLLER (スピードコントローラー)','AS1201F-M5-04A','','','','7646-012-K4',0.00,0.0090909,0.00,NULL,0,1,'2019-03-31 02:25:18.050377','2019-04-06 04:04:23.057410','934b0f1c099b4c07a6df75c894659048','1f3cc4b7c2154011a379f6fa1a16f530','d897d6292a83448b98a1d0c723b59e54',NULL,'e339fe6f57334caf97653a37c201b067','1f3cc4b7c2154011a379f6fa1a16f530','19d0566f4dbc4b4a93ab2ebf417c63d9','466f895b13b144d4b1be868bd6cc7674','9750227b0342499d80d491fba7a81bda',4.00),('de70c28d83134fa1bd64684ae142a764','MOTOR MOUNT','','7645-012-K-008','AA400','黒染','',0.00,0.0090909,2590.00,NULL,0,0,'2019-03-30 03:42:03.406187','2019-03-30 03:42:03.406253','934b0f1c099b4c07a6df75c894659048','1f3cc4b7c2154011a379f6fa1a16f530','d897d6292a83448b98a1d0c723b59e54',NULL,NULL,'1f3cc4b7c2154011a379f6fa1a16f530','2035b69318344939a06ac9558e935ef5','466f895b13b144d4b1be868bd6cc7674','c59cd8558f614f9590e03847c2628675',1.00),('dfdc7616d7b64fd8b8618fc22d84c336','BASE PLATE','','7646-012-K-024','A2017','白アルマイト','',0.00,0.0090909,36850.00,NULL,0,1,'2019-03-31 02:28:38.145604','2019-04-06 04:04:18.089449','934b0f1c099b4c07a6df75c894659048','1f3cc4b7c2154011a379f6fa1a16f530','d897d6292a83448b98a1d0c723b59e54',NULL,NULL,'1f3cc4b7c2154011a379f6fa1a16f530','2035b69318344939a06ac9558e935ef5','466f895b13b144d4b1be868bd6cc7674','9750227b0342499d80d491fba7a81bda',1.00),('e0a1312083d4456fb2c37d15a573d58e','SHUTTER PLATE','','7646-0009-K-013','S45C','黒染','',0.00,0.0090909,2040.00,NULL,0,1,'2019-03-31 02:28:29.989618','2019-04-06 04:04:19.472671','934b0f1c099b4c07a6df75c894659048','1f3cc4b7c2154011a379f6fa1a16f530','d897d6292a83448b98a1d0c723b59e54',NULL,NULL,'1f3cc4b7c2154011a379f6fa1a16f530','2035b69318344939a06ac9558e935ef5','466f895b13b144d4b1be868bd6cc7674','9750227b0342499d80d491fba7a81bda',1.00),('e1b2de137bc54bbabf99ea2d2713ecf8','Clamp','4474-P-562T1','','','','',0.00,0.0090909,2145.00,NULL,0,1,'2019-03-29 04:33:47.244809','2019-04-05 03:37:21.144743','934b0f1c099b4c07a6df75c894659048','1f3cc4b7c2154011a379f6fa1a16f530','d897d6292a83448b98a1d0c723b59e54',NULL,NULL,'1f3cc4b7c2154011a379f6fa1a16f530','19d0566f4dbc4b4a93ab2ebf417c63d9','466f895b13b144d4b1be868bd6cc7674','6694101bad7d4e72bb9a19ea82b12715',11.00),('e3c77880dd344467b43672ab6243c48b','CONTROLLER (スピードコントローラー)','AS1201F-M5-04A','','','','7646-012-K5',0.00,0.0090909,350.00,NULL,0,1,'2019-03-31 02:25:08.865336','2019-04-06 04:04:23.932104','934b0f1c099b4c07a6df75c894659048','1f3cc4b7c2154011a379f6fa1a16f530','d897d6292a83448b98a1d0c723b59e54',NULL,'e339fe6f57334caf97653a37c201b067','1f3cc4b7c2154011a379f6fa1a16f530','19d0566f4dbc4b4a93ab2ebf417c63d9','466f895b13b144d4b1be868bd6cc7674','9750227b0342499d80d491fba7a81bda',2.00),('e423a3e36c3740c98a43eba3e95da33d','CHAIN (プラチェーン)','RSP35 (250リンク)','','','','7645-007A-K1',0.00,0.0090909,23210.00,NULL,0,0,'2019-03-30 02:59:46.978538','2019-03-30 02:59:46.978602','934b0f1c099b4c07a6df75c894659048','1f3cc4b7c2154011a379f6fa1a16f530','d897d6292a83448b98a1d0c723b59e54',NULL,NULL,'1f3cc4b7c2154011a379f6fa1a16f530','19d0566f4dbc4b4a93ab2ebf417c63d9','466f895b13b144d4b1be868bd6cc7674','c59cd8558f614f9590e03847c2628675',1.00),('e52b0740b92f431da18e76a3b6540328','ロータリーシリンダー','MSQB7AE-M9BM','','','','7645-001-K4',0.00,0.0090909,28240.00,NULL,0,0,'2019-03-30 02:53:23.172851','2019-03-30 02:53:23.172943','934b0f1c099b4c07a6df75c894659048','1f3cc4b7c2154011a379f6fa1a16f530','d897d6292a83448b98a1d0c723b59e54',NULL,NULL,'1f3cc4b7c2154011a379f6fa1a16f530','19d0566f4dbc4b4a93ab2ebf417c63d9','466f895b13b144d4b1be868bd6cc7674','c59cd8558f614f9590e03847c2628675',1.00),('e5cfed3436814d46b10ff493fdb93a84','SENSOR (ファイバーセンサー)','F-5','','','','7645-004-K',0.00,0.0090909,7700.00,NULL,0,0,'2019-03-30 02:54:36.868049','2019-03-30 02:54:36.868116','934b0f1c099b4c07a6df75c894659048','1f3cc4b7c2154011a379f6fa1a16f530','d897d6292a83448b98a1d0c723b59e54',NULL,NULL,'1f3cc4b7c2154011a379f6fa1a16f530','19d0566f4dbc4b4a93ab2ebf417c63d9','466f895b13b144d4b1be868bd6cc7674','c59cd8558f614f9590e03847c2628675',1.00),('e5f284c81979402e9276e55e924e0d01','CONTROLLER (スピードコントローラー)','AS1201F-M5-04A','','','','7646-004-K18',0.00,0.0090909,350.00,NULL,0,1,'2019-03-31 02:24:47.609172','2019-04-06 04:04:26.418712','934b0f1c099b4c07a6df75c894659048','1f3cc4b7c2154011a379f6fa1a16f530','d897d6292a83448b98a1d0c723b59e54',NULL,'e339fe6f57334caf97653a37c201b067','1f3cc4b7c2154011a379f6fa1a16f530','19d0566f4dbc4b4a93ab2ebf417c63d9','466f895b13b144d4b1be868bd6cc7674','9750227b0342499d80d491fba7a81bda',2.00),('e9dc8874e56341c0bec376dc67d02083','CYLINDER (ガイド付きシリンダー)','MGPM16-50Z-A93','','','','7646-003-K2',0.00,0.0090909,13750.00,NULL,0,1,'2019-03-31 02:24:32.016660','2019-04-06 04:04:27.698996','934b0f1c099b4c07a6df75c894659048','1f3cc4b7c2154011a379f6fa1a16f530','d897d6292a83448b98a1d0c723b59e54',NULL,'e339fe6f57334caf97653a37c201b067','1f3cc4b7c2154011a379f6fa1a16f530','19d0566f4dbc4b4a93ab2ebf417c63d9','466f895b13b144d4b1be868bd6cc7674','9750227b0342499d80d491fba7a81bda',1.00),('eb9823886855443abfd1a91694d5d543','SLIDE HEAD','','7645-012-K-010','AA400','黒染','',0.00,0.0090909,3080.00,NULL,0,0,'2019-03-30 03:42:02.454276','2019-03-30 03:42:02.454338','934b0f1c099b4c07a6df75c894659048','1f3cc4b7c2154011a379f6fa1a16f530','d897d6292a83448b98a1d0c723b59e54',NULL,NULL,'1f3cc4b7c2154011a379f6fa1a16f530','2035b69318344939a06ac9558e935ef5','466f895b13b144d4b1be868bd6cc7674','c59cd8558f614f9590e03847c2628675',1.00),('ebef616784564e8db31da5c5db033fb9','SENSOR (ファイバーセンサー)','FU-77','','','','7646-004-K22',0.00,0.0090909,4290.00,NULL,0,1,'2019-03-31 02:24:39.310585','2019-04-06 04:04:27.077754','934b0f1c099b4c07a6df75c894659048','1f3cc4b7c2154011a379f6fa1a16f530','d897d6292a83448b98a1d0c723b59e54',NULL,'b9247e501bdf44b6912e8013891709ba','1f3cc4b7c2154011a379f6fa1a16f530','19d0566f4dbc4b4a93ab2ebf417c63d9','466f895b13b144d4b1be868bd6cc7674','9750227b0342499d80d491fba7a81bda',2.00),('eccc9651907d4796829e6e322e47862f','RIGHT SEAL','5528-P0500-005 (70゜)','','','','',0.00,0.0090909,6830.00,NULL,0,0,'2019-03-29 05:30:14.733918','2019-03-29 05:30:14.734445','934b0f1c099b4c07a6df75c894659048','1f3cc4b7c2154011a379f6fa1a16f530','d897d6292a83448b98a1d0c723b59e54',NULL,NULL,'1f3cc4b7c2154011a379f6fa1a16f530','19d0566f4dbc4b4a93ab2ebf417c63d9','466f895b13b144d4b1be868bd6cc7674','ee7a0a88442c469dad6195a477ecd6fb',10.00),('ed6d8aae56714fec855ed965cae0f3fa','CONTOROLLER (スピードコントローラー)','AS2201F-01-04SA','','','','7646-004-K',0.00,0.0090909,470.00,NULL,0,1,'2019-03-31 02:24:49.866707','2019-04-06 04:04:26.205022','934b0f1c099b4c07a6df75c894659048','1f3cc4b7c2154011a379f6fa1a16f530','d897d6292a83448b98a1d0c723b59e54',NULL,'e339fe6f57334caf97653a37c201b067','1f3cc4b7c2154011a379f6fa1a16f530','19d0566f4dbc4b4a93ab2ebf417c63d9','466f895b13b144d4b1be868bd6cc7674','9750227b0342499d80d491fba7a81bda',2.00),('edee79effc1144829391854f5125090e','JOINT (継手)','KQ2S04-M5A','','','','7646-004-K',0.00,0.0090909,160.00,NULL,0,1,'2019-03-31 02:24:42.563214','2019-04-06 04:04:26.831759','934b0f1c099b4c07a6df75c894659048','1f3cc4b7c2154011a379f6fa1a16f530','d897d6292a83448b98a1d0c723b59e54',NULL,'e339fe6f57334caf97653a37c201b067','1f3cc4b7c2154011a379f6fa1a16f530','19d0566f4dbc4b4a93ab2ebf417c63d9','466f895b13b144d4b1be868bd6cc7674','9750227b0342499d80d491fba7a81bda',2.00),('ee50d1850bb947d880f4569373b439f2','Shaft','4474-P-578-2','','','','',0.00,0.0090909,58500.00,NULL,0,0,'2019-03-29 05:20:35.051498','2019-03-29 05:20:35.051566','934b0f1c099b4c07a6df75c894659048','1f3cc4b7c2154011a379f6fa1a16f530','d897d6292a83448b98a1d0c723b59e54',NULL,NULL,'1f3cc4b7c2154011a379f6fa1a16f530','19d0566f4dbc4b4a93ab2ebf417c63d9','466f895b13b144d4b1be868bd6cc7674','e83c9460dd0145d5a6837b958e1b2fab',10.00),('f1a15f5a87e24b01ba6e6c13d8576a91','CYLINDER (エアシリンダー)','MXH16-20Z-A90L','','','','7646-006-K1',0.00,0.0090909,2040.00,NULL,0,1,'2019-03-31 02:24:53.496774','2019-04-06 04:04:25.766848','934b0f1c099b4c07a6df75c894659048','1f3cc4b7c2154011a379f6fa1a16f530','d897d6292a83448b98a1d0c723b59e54',NULL,'e339fe6f57334caf97653a37c201b067','1f3cc4b7c2154011a379f6fa1a16f530','19d0566f4dbc4b4a93ab2ebf417c63d9','466f895b13b144d4b1be868bd6cc7674','9750227b0342499d80d491fba7a81bda',1.00),('f1a797c972f24ea18d6935c0856f0997','FRAME (アルミフレーム)','EFS6-3030-318-ZZZ1','','','','7645-000-K1',0.00,0.0090909,260.00,NULL,0,0,'2019-03-30 02:53:13.949605','2019-03-30 02:53:13.949710','934b0f1c099b4c07a6df75c894659048','1f3cc4b7c2154011a379f6fa1a16f530','d897d6292a83448b98a1d0c723b59e54',NULL,NULL,'1f3cc4b7c2154011a379f6fa1a16f530','19d0566f4dbc4b4a93ab2ebf417c63d9','466f895b13b144d4b1be868bd6cc7674','c59cd8558f614f9590e03847c2628675',1.00),('f2197f0ce6b543c796418bfd1ad0b681','CHUTE HOLDER','','7646-004-K-009','SS400D','黒染め（現地追加工）','',0.00,0.0090909,0.00,NULL,0,1,'2019-03-31 02:28:19.833634','2019-04-06 04:04:21.834160','934b0f1c099b4c07a6df75c894659048','1f3cc4b7c2154011a379f6fa1a16f530','d897d6292a83448b98a1d0c723b59e54',NULL,NULL,'1f3cc4b7c2154011a379f6fa1a16f530','2035b69318344939a06ac9558e935ef5','466f895b13b144d4b1be868bd6cc7674','9750227b0342499d80d491fba7a81bda',1.00),('f3b6b5c9ed0c4ce9b34a87905977c95e','GUIDE HAND (Φ14)','','7646-004-K-006','SS400','黒染','',0.00,0.0090909,4290.00,NULL,0,1,'2019-03-31 02:28:22.636002','2019-04-06 04:04:21.456594','934b0f1c099b4c07a6df75c894659048','1f3cc4b7c2154011a379f6fa1a16f530','d897d6292a83448b98a1d0c723b59e54',NULL,NULL,'1f3cc4b7c2154011a379f6fa1a16f530','2035b69318344939a06ac9558e935ef5','466f895b13b144d4b1be868bd6cc7674','9750227b0342499d80d491fba7a81bda',2.00),('f5d73ee23e86481085c750d1f84dd816','PUSHER BASE','','7645-012-K-004','A45C','黒染','',0.00,0.0090909,3250.00,NULL,0,0,'2019-03-30 03:42:05.262531','2019-03-30 03:42:05.262600','934b0f1c099b4c07a6df75c894659048','1f3cc4b7c2154011a379f6fa1a16f530','d897d6292a83448b98a1d0c723b59e54',NULL,NULL,'1f3cc4b7c2154011a379f6fa1a16f530','2035b69318344939a06ac9558e935ef5','466f895b13b144d4b1be868bd6cc7674','c59cd8558f614f9590e03847c2628675',1.00),('f60239d5e7834f77b6d80a94d2e535d3','SLIDE HEAD','','7646-012-K-010','SS400','黒染め','',0.00,0.0090909,3080.00,NULL,0,1,'2019-03-31 02:28:43.487546','2019-04-06 04:04:17.203026','934b0f1c099b4c07a6df75c894659048','1f3cc4b7c2154011a379f6fa1a16f530','d897d6292a83448b98a1d0c723b59e54',NULL,NULL,'1f3cc4b7c2154011a379f6fa1a16f530','2035b69318344939a06ac9558e935ef5','466f895b13b144d4b1be868bd6cc7674','9750227b0342499d80d491fba7a81bda',1.00),('f6469fcd1bf941c49e764d0f00757afa','CONTROLLER (スピードコントローラー)','AS1201F-M5-04A','','','','7646-006-K',0.00,0.0090909,350.00,NULL,0,1,'2019-03-31 02:24:52.230783','2019-04-06 04:04:25.980832','934b0f1c099b4c07a6df75c894659048','1f3cc4b7c2154011a379f6fa1a16f530','d897d6292a83448b98a1d0c723b59e54',NULL,'e339fe6f57334caf97653a37c201b067','1f3cc4b7c2154011a379f6fa1a16f530','19d0566f4dbc4b4a93ab2ebf417c63d9','466f895b13b144d4b1be868bd6cc7674','9750227b0342499d80d491fba7a81bda',12.00),('f64936a54f5749288da73aef6b7406aa','Cylinder (ロータリーシリンダー)','MSQB7AE-M9BM','','','','7646-001-K4',0.00,0.0090909,28240.00,NULL,0,1,'2019-03-31 02:24:26.574361','2019-04-06 04:04:28.464475','934b0f1c099b4c07a6df75c894659048','1f3cc4b7c2154011a379f6fa1a16f530','d897d6292a83448b98a1d0c723b59e54',NULL,'e339fe6f57334caf97653a37c201b067','1f3cc4b7c2154011a379f6fa1a16f530','19d0566f4dbc4b4a93ab2ebf417c63d9','466f895b13b144d4b1be868bd6cc7674','9750227b0342499d80d491fba7a81bda',1.00),('f799e2517bd44dd19fef45902a06d94c','CONTROLLER (スピードコントローラー)','AS1201F-M5-04A','','','','7645-011-K1',0.00,0.0090909,350.00,NULL,0,0,'2019-03-30 02:59:58.712170','2019-03-30 02:59:58.712259','934b0f1c099b4c07a6df75c894659048','1f3cc4b7c2154011a379f6fa1a16f530','d897d6292a83448b98a1d0c723b59e54',NULL,NULL,'1f3cc4b7c2154011a379f6fa1a16f530','19d0566f4dbc4b4a93ab2ebf417c63d9','466f895b13b144d4b1be868bd6cc7674','c59cd8558f614f9590e03847c2628675',2.00),('f92983845c6e4b03bc1e6cec5ec2b6d0','AIR CHUCK (フェザーハンド)','CKD FH116-D-T2V-R','','','','7646-004-K20',0.00,0.0090909,15380.00,NULL,0,1,'2019-03-31 02:24:43.842135','2019-04-06 04:04:26.747743','934b0f1c099b4c07a6df75c894659048','1f3cc4b7c2154011a379f6fa1a16f530','d897d6292a83448b98a1d0c723b59e54',NULL,'c47db7d115c34c389fe5059ebe8afce4','1f3cc4b7c2154011a379f6fa1a16f530','19d0566f4dbc4b4a93ab2ebf417c63d9','466f895b13b144d4b1be868bd6cc7674','9750227b0342499d80d491fba7a81bda',1.00),('fab117e7b23f4f5580941de709e426e6','PUSHER HEAD','','7645-012-K-003','A50C','黒染 焼入れ　HRC60以上','',0.00,0.0090909,3250.00,NULL,0,0,'2019-03-30 03:42:06.341863','2019-03-30 03:42:06.341927','934b0f1c099b4c07a6df75c894659048','1f3cc4b7c2154011a379f6fa1a16f530','d897d6292a83448b98a1d0c723b59e54',NULL,NULL,'1f3cc4b7c2154011a379f6fa1a16f530','2035b69318344939a06ac9558e935ef5','466f895b13b144d4b1be868bd6cc7674','c59cd8558f614f9590e03847c2628675',1.00),('fce7c0b7daba4023918b9e0d5bdbcace','CONTROLLER (スピードコントローラー)','AS1201F-M5-04A','','','','7646-004-K',0.00,0.0090909,350.00,NULL,0,1,'2019-03-31 02:24:40.577198','2019-04-06 04:04:26.995875','934b0f1c099b4c07a6df75c894659048','1f3cc4b7c2154011a379f6fa1a16f530','d897d6292a83448b98a1d0c723b59e54',NULL,'e339fe6f57334caf97653a37c201b067','1f3cc4b7c2154011a379f6fa1a16f530','19d0566f4dbc4b4a93ab2ebf417c63d9','466f895b13b144d4b1be868bd6cc7674','9750227b0342499d80d491fba7a81bda',2.00);
/*!40000 ALTER TABLE `bill_of_material` ENABLE KEYS */;
UNLOCK TABLES;

--
-- Table structure for table `django_admin_log`
--

DROP TABLE IF EXISTS `django_admin_log`;
/*!40101 SET @saved_cs_client     = @@character_set_client */;
/*!40101 SET character_set_client = utf8 */;
CREATE TABLE `django_admin_log` (
  `id` int(11) NOT NULL AUTO_INCREMENT,
  `action_time` datetime(6) NOT NULL,
  `object_id` longtext,
  `object_repr` varchar(200) NOT NULL,
  `action_flag` smallint(5) unsigned NOT NULL,
  `change_message` longtext NOT NULL,
  `content_type_id` int(11) DEFAULT NULL,
  `user_id` char(32) NOT NULL,
  PRIMARY KEY (`id`),
  KEY `django_admin_log_content_type_id_c4bce8eb_fk_django_co` (`content_type_id`),
  KEY `django_admin_log_user_id_c564eba6_fk_user_id` (`user_id`),
  CONSTRAINT `django_admin_log_content_type_id_c4bce8eb_fk_django_co` FOREIGN KEY (`content_type_id`) REFERENCES `django_content_type` (`id`),
  CONSTRAINT `django_admin_log_user_id_c564eba6_fk_user_id` FOREIGN KEY (`user_id`) REFERENCES `user` (`id`)
) ENGINE=InnoDB AUTO_INCREMENT=38 DEFAULT CHARSET=utf8;
/*!40101 SET character_set_client = @saved_cs_client */;

--
-- Dumping data for table `django_admin_log`
--

LOCK TABLES `django_admin_log` WRITE;
/*!40000 ALTER TABLE `django_admin_log` DISABLE KEYS */;
INSERT INTO `django_admin_log` VALUES (1,'2019-03-08 04:05:09.607175','29bdece7-4330-4b5b-9916-b2d1e81234a2','Yuji Arai',1,'[{\"added\": {}}]',11,'1ceeb8375ae443d5823be060d730bb6e'),(2,'2019-03-08 04:05:34.533285','1f3cc4b7-c215-4011-a379-f6fa1a16f530','yujiksa',1,'[{\"added\": {}}]',9,'1ceeb8375ae443d5823be060d730bb6e'),(3,'2019-03-08 04:06:42.176899','1f3cc4b7-c215-4011-a379-f6fa1a16f530','yujiksa',2,'[{\"changed\": {\"fields\": [\"password\"]}}]',9,'1ceeb8375ae443d5823be060d730bb6e'),(4,'2019-03-08 04:07:17.322503','1f3cc4b7-c215-4011-a379-f6fa1a16f530','yujiksa',2,'[{\"changed\": {\"fields\": [\"is_staff\"]}}]',9,'1ceeb8375ae443d5823be060d730bb6e'),(5,'2019-03-08 04:07:50.454309','1f3cc4b7-c215-4011-a379-f6fa1a16f530','yujiksa',2,'[{\"changed\": {\"fields\": [\"is_superuser\"]}}]',9,'1ceeb8375ae443d5823be060d730bb6e'),(6,'2019-03-10 03:24:46.195114','52485ebc-ed0d-4a79-9acb-711f22a51018','Processed Parts',2,'[{\"changed\": {\"fields\": [\"is_processed_parts\"]}}]',13,'1f3cc4b7c2154011a379f6fa1a16f530'),(7,'2019-03-10 04:08:31.355253','1dfe2e8c-fd6e-4e58-ac20-5fd9ed56a315','Box',1,'[{\"added\": {}}]',8,'1f3cc4b7c2154011a379f6fa1a16f530'),(8,'2019-03-10 04:08:42.506050','3d9b107f-f76f-47c6-acec-723168f94b13','Set',1,'[{\"added\": {}}]',8,'1f3cc4b7c2154011a379f6fa1a16f530'),(9,'2019-03-10 04:08:58.987525','ebe7493e-da24-483d-92bd-7053dce79f61','kg',1,'[{\"added\": {}}]',8,'1f3cc4b7c2154011a379f6fa1a16f530'),(10,'2019-03-10 04:09:47.904729','ebe7493e-da24-483d-92bd-7053dce79f61','kg',3,'',8,'1f3cc4b7c2154011a379f6fa1a16f530'),(11,'2019-03-10 04:09:47.915781','bf73d397-4424-46aa-afb3-aa9fe11b1ff0','quantity',3,'',8,'1f3cc4b7c2154011a379f6fa1a16f530'),(12,'2019-03-10 04:09:47.931564','3d9b107f-f76f-47c6-acec-723168f94b13','Set',3,'',8,'1f3cc4b7c2154011a379f6fa1a16f530'),(13,'2019-03-10 04:09:47.938770','1dfe2e8c-fd6e-4e58-ac20-5fd9ed56a315','Box',3,'',8,'1f3cc4b7c2154011a379f6fa1a16f530'),(14,'2019-03-10 04:23:24.031602','466f895b-13b1-44d4-b1be-868bd6cc7674','Quantity',1,'[{\"added\": {}}]',8,'1f3cc4b7c2154011a379f6fa1a16f530'),(15,'2019-03-10 04:30:30.723333','cb770cfd-d181-4cf7-b850-006ff960330a','Bag',1,'[{\"added\": {}}]',8,'1f3cc4b7c2154011a379f6fa1a16f530'),(16,'2019-03-10 04:32:06.357949','36364563-fd7c-4f20-a37b-ce8f66da3b96','Box',1,'[{\"added\": {}}]',8,'1f3cc4b7c2154011a379f6fa1a16f530'),(17,'2019-03-10 04:32:15.718426','3f2463b9-39aa-4c53-8c48-42f76f257c43','Set',1,'[{\"added\": {}}]',8,'1f3cc4b7c2154011a379f6fa1a16f530'),(18,'2019-03-10 04:32:46.574970','8943d2a0-c38b-4c46-b417-0a5f94f1945f','Meter',1,'[{\"added\": {}}]',8,'1f3cc4b7c2154011a379f6fa1a16f530'),(19,'2019-03-10 04:34:18.217948','261294ea-d599-4cc0-a8e7-28cd2e39b7e7','Liter',1,'[{\"added\": {}}]',8,'1f3cc4b7c2154011a379f6fa1a16f530'),(20,'2019-03-10 04:34:49.297658','e61ada6b-e4ea-42ba-8273-da6680dc2acd','Kilogram',1,'[{\"added\": {}}]',8,'1f3cc4b7c2154011a379f6fa1a16f530'),(21,'2019-03-13 23:26:53.693848','52485ebc-ed0d-4a79-9acb-711f22a51018','Processed Parts',2,'[{\"changed\": {\"fields\": [\"is_active\"]}}]',13,'1f3cc4b7c2154011a379f6fa1a16f530'),(22,'2019-03-13 23:27:08.546130','52485ebc-ed0d-4a79-9acb-711f22a51018','Processed Parts',2,'[{\"changed\": {\"fields\": [\"is_active\"]}}]',13,'1f3cc4b7c2154011a379f6fa1a16f530'),(23,'2019-03-14 21:44:00.437531','e1bbd662-6498-4eff-b491-8b4b1fa31545','BillOfMaterial object (e1bbd662-6498-4eff-b491-8b4b1fa31545)',1,'[{\"added\": {}}]',16,'1f3cc4b7c2154011a379f6fa1a16f530'),(24,'2019-03-14 23:31:10.928716','19d0566f-4dbc-4b4a-93ab-2ebf417c63d9','Commercial Parts',1,'[{\"added\": {}}]',17,'1f3cc4b7c2154011a379f6fa1a16f530'),(25,'2019-03-14 23:31:24.668055','13efcd86-fc16-4d0e-8ae8-8cd5dca9fa4f','Electrical Parts',1,'[{\"added\": {}}]',17,'1f3cc4b7c2154011a379f6fa1a16f530'),(26,'2019-03-14 23:31:38.930542','2035b693-1834-4939-a06a-c9558e935ef5','Processed Parts',1,'[{\"added\": {}}]',17,'1f3cc4b7c2154011a379f6fa1a16f530'),(27,'2019-03-14 23:52:11.798059','50e69edb-ddb0-4e77-bf3f-25fbd97d094c','BillOfMaterial object (50e69edb-ddb0-4e77-bf3f-25fbd97d094c)',1,'[{\"added\": {}}]',16,'1f3cc4b7c2154011a379f6fa1a16f530'),(28,'2019-03-15 00:36:28.993503','50e69edb-ddb0-4e77-bf3f-25fbd97d094c','BillOfMaterial object (50e69edb-ddb0-4e77-bf3f-25fbd97d094c)',2,'[{\"changed\": {\"fields\": [\"stock_appropriation\", \"unit_price\"]}}]',16,'1f3cc4b7c2154011a379f6fa1a16f530'),(29,'2019-03-15 02:20:48.556161','2035b693-1834-4939-a06a-c9558e935ef5','Processed Parts',2,'[{\"changed\": {\"fields\": [\"is_processed_parts\"]}}]',17,'1f3cc4b7c2154011a379f6fa1a16f530'),(30,'2019-03-15 22:04:23.487283','81742a01-7802-4461-af36-85d434a9f8a3','Other',1,'[{\"added\": {}}]',18,'1f3cc4b7c2154011a379f6fa1a16f530'),(31,'2019-03-15 22:04:31.557485','ff47dd4b-5a91-40bd-be87-8c39f8f24e86','Design',1,'[{\"added\": {}}]',18,'1f3cc4b7c2154011a379f6fa1a16f530'),(32,'2019-03-15 22:04:51.906809','afa625f0-e4d1-4b68-a59e-04b2c5f240e5','Purchase',1,'[{\"added\": {}}]',18,'1f3cc4b7c2154011a379f6fa1a16f530'),(33,'2019-03-15 22:05:03.173172','fe6cd1b1-bb54-47b7-8294-c0295e60fe8f','Assemble',1,'[{\"added\": {}}]',18,'1f3cc4b7c2154011a379f6fa1a16f530'),(34,'2019-03-16 03:19:55.181402','b52f8cbf-c0e6-41b6-8325-2358693b9a41','BillOfMaterial object (b52f8cbf-c0e6-41b6-8325-2358693b9a41)',2,'[{\"changed\": {\"fields\": [\"is_printed\"]}}]',16,'1f3cc4b7c2154011a379f6fa1a16f530'),(35,'2019-03-29 06:03:29.846242','42d8810b-54f6-4efe-8785-6fd59aff9643','test',1,'[{\"added\": {}}]',12,'1f3cc4b7c2154011a379f6fa1a16f530'),(36,'2019-04-15 03:06:53.934726','934b0f1c-099b-4c07-a6df-75c894659048','Kyotoseiko America Inc.',2,'[{\"changed\": {\"fields\": [\"logo_data\"]}}]',10,'1f3cc4b7c2154011a379f6fa1a16f530'),(37,'2019-04-15 03:16:43.583552','934b0f1c-099b-4c07-a6df-75c894659048','Kyotoseiko America Inc.',2,'[{\"changed\": {\"fields\": [\"phone\", \"fax\"]}}]',10,'1f3cc4b7c2154011a379f6fa1a16f530');
/*!40000 ALTER TABLE `django_admin_log` ENABLE KEYS */;
UNLOCK TABLES;

--
-- Table structure for table `django_content_type`
--

DROP TABLE IF EXISTS `django_content_type`;
/*!40101 SET @saved_cs_client     = @@character_set_client */;
/*!40101 SET character_set_client = utf8 */;
CREATE TABLE `django_content_type` (
  `id` int(11) NOT NULL AUTO_INCREMENT,
  `app_label` varchar(100) NOT NULL,
  `model` varchar(100) NOT NULL,
  PRIMARY KEY (`id`),
  UNIQUE KEY `django_content_type_app_label_model_76bd3d3b_uniq` (`app_label`,`model`)
) ENGINE=InnoDB AUTO_INCREMENT=21 DEFAULT CHARSET=utf8;
/*!40101 SET character_set_client = @saved_cs_client */;

--
-- Dumping data for table `django_content_type`
--

LOCK TABLES `django_content_type` WRITE;
/*!40000 ALTER TABLE `django_content_type` DISABLE KEYS */;
INSERT INTO `django_content_type` VALUES (1,'admin','logentry'),(3,'auth','group'),(2,'auth','permission'),(4,'contenttypes','contenttype'),(16,'manufacturing_data','billofmaterial'),(14,'manufacturing_data','joborder'),(19,'manufacturing_data','makingorder'),(20,'manufacturing_data','receivingprocess'),(5,'sessions','session'),(6,'system_master','systemcountry'),(7,'system_master','systemcurrency'),(17,'system_master','systemexpensecategory'),(18,'system_master','systemfailurecategory'),(8,'system_master','systemunittype'),(9,'system_users','user'),(10,'system_users','usercompany'),(13,'system_users','userexpensecategory'),(15,'system_users','userfailurecategory'),(12,'system_users','userpartner'),(11,'system_users','userstaff');
/*!40000 ALTER TABLE `django_content_type` ENABLE KEYS */;
UNLOCK TABLES;

--
-- Table structure for table `django_migrations`
--

DROP TABLE IF EXISTS `django_migrations`;
/*!40101 SET @saved_cs_client     = @@character_set_client */;
/*!40101 SET character_set_client = utf8 */;
CREATE TABLE `django_migrations` (
  `id` int(11) NOT NULL AUTO_INCREMENT,
  `app` varchar(255) NOT NULL,
  `name` varchar(255) NOT NULL,
  `applied` datetime(6) NOT NULL,
  PRIMARY KEY (`id`)
) ENGINE=InnoDB AUTO_INCREMENT=64 DEFAULT CHARSET=utf8;
/*!40101 SET character_set_client = @saved_cs_client */;

--
-- Dumping data for table `django_migrations`
--

LOCK TABLES `django_migrations` WRITE;
/*!40000 ALTER TABLE `django_migrations` DISABLE KEYS */;
INSERT INTO `django_migrations` VALUES (1,'system_master','0001_initial','2019-03-08 03:37:14.088724'),(2,'contenttypes','0001_initial','2019-03-08 03:37:14.134464'),(3,'contenttypes','0002_remove_content_type_name','2019-03-08 03:37:14.206655'),(4,'auth','0001_initial','2019-03-08 03:37:14.432491'),(5,'auth','0002_alter_permission_name_max_length','2019-03-08 03:37:14.505967'),(6,'auth','0003_alter_user_email_max_length','2019-03-08 03:37:14.519417'),(7,'auth','0004_alter_user_username_opts','2019-03-08 03:37:14.532715'),(8,'auth','0005_alter_user_last_login_null','2019-03-08 03:37:14.544895'),(9,'auth','0006_require_contenttypes_0002','2019-03-08 03:37:14.552722'),(10,'auth','0007_alter_validators_add_error_messages','2019-03-08 03:37:14.568028'),(11,'auth','0008_alter_user_username_max_length','2019-03-08 03:37:14.582405'),(12,'auth','0009_alter_user_last_name_max_length','2019-03-08 03:37:14.598853'),(13,'system_users','0001_initial','2019-03-08 03:37:15.376717'),(14,'admin','0001_initial','2019-03-08 03:37:15.487054'),(15,'admin','0002_logentry_remove_auto_add','2019-03-08 03:37:15.509374'),(16,'admin','0003_logentry_add_action_flag_choices','2019-03-08 03:37:15.538194'),(17,'system_users','0002_auto_20181225_1808','2019-03-08 03:37:15.666760'),(18,'system_users','0003_auto_20181225_1810','2019-03-08 03:37:15.736603'),(19,'system_users','0004_auto_20181227_1819','2019-03-08 03:37:15.907330'),(20,'system_users','0005_auto_20190103_1413','2019-03-08 03:37:15.972296'),(21,'system_users','0006_auto_20190103_1445','2019-03-08 03:37:16.062893'),(22,'system_users','0007_auto_20190103_1449','2019-03-08 03:37:16.134106'),(23,'system_users','0008_auto_20190109_1814','2019-03-08 03:37:16.234141'),(24,'system_users','0009_auto_20190109_1819','2019-03-08 03:37:16.272076'),(25,'system_users','0010_auto_20190109_1821','2019-03-08 03:37:16.293788'),(26,'system_users','0011_auto_20190109_1823','2019-03-08 03:37:16.326693'),(27,'manufacturing_data','0001_initial','2019-03-08 03:37:16.766703'),(28,'manufacturing_data','0002_auto_20190206_1426','2019-03-08 03:37:16.965983'),(29,'manufacturing_data','0003_auto_20190206_1433','2019-03-08 03:37:17.030251'),(30,'manufacturing_data','0004_auto_20190206_1446','2019-03-08 03:37:17.160194'),(31,'manufacturing_data','0005_auto_20190221_1959','2019-03-08 03:37:17.292777'),(32,'sessions','0001_initial','2019-03-08 03:37:17.335468'),(33,'system_users','0012_auto_20190209_0956','2019-03-08 03:37:17.451631'),(34,'manufacturing_data','0006_billofmaterial','2019-03-09 23:09:55.905765'),(35,'system_users','0013_auto_20190309_2309','2019-03-09 23:09:56.094299'),(36,'system_users','0014_auto_20190309_2312','2019-03-09 23:12:35.736684'),(37,'system_users','0015_auto_20190310_0323','2019-03-10 03:23:21.942717'),(38,'system_users','0016_auto_20190310_0324','2019-03-10 03:24:13.588776'),(39,'system_master','0002_systemunittype_number','2019-03-10 04:23:08.205531'),(40,'manufacturing_data','0007_auto_20190312_2258','2019-03-12 22:58:20.597129'),(41,'manufacturing_data','0008_billofmaterial_type','2019-03-13 03:38:12.151849'),(42,'manufacturing_data','0009_auto_20190314_2142','2019-03-14 21:43:06.439093'),(43,'manufacturing_data','0010_auto_20190314_2143','2019-03-14 21:43:55.811531'),(44,'system_master','0003_systemexpensecategory','2019-03-14 23:20:31.072311'),(45,'system_master','0004_systemfailurecategory','2019-03-14 23:21:59.336309'),(46,'manufacturing_data','0011_auto_20190314_2340','2019-03-14 23:40:48.602004'),(47,'manufacturing_data','0012_billofmaterial','2019-03-14 23:42:47.344293'),(48,'system_users','0017_auto_20190315_0001','2019-03-15 00:01:35.223054'),(49,'manufacturing_data','0013_billofmaterial_job_order','2019-03-15 00:17:09.878646'),(50,'manufacturing_data','0014_auto_20190315_0036','2019-03-15 00:36:16.738629'),(51,'manufacturing_data','0015_auto_20190315_0545','2019-03-15 05:45:34.251308'),(52,'manufacturing_data','0016_auto_20190316_0314','2019-03-16 03:14:36.189716'),(53,'manufacturing_data','0017_auto_20190410_0251','2019-04-10 02:51:34.932459'),(54,'manufacturing_data','0018_makingorder_ordered_date','2019-04-10 03:10:47.009345'),(55,'manufacturing_data','0019_auto_20190410_0803','2019-04-10 08:03:49.072414'),(56,'manufacturing_data','0020_auto_20190411_0234','2019-04-11 02:34:18.337089'),(57,'manufacturing_data','0021_auto_20190411_0236','2019-04-11 02:36:58.293989'),(58,'manufacturing_data','0022_auto_20190411_0241','2019-04-11 02:43:45.427035'),(59,'manufacturing_data','0023_auto_20190411_0243','2019-04-11 02:43:45.511487'),(60,'manufacturing_data','0024_makingorder_supplier','2019-04-11 05:42:51.383592'),(61,'system_users','0018_usercompany_logo_data','2019-04-15 03:06:03.732999'),(62,'manufacturing_data','0025_receivingprocess','2019-04-16 02:01:55.958865'),(63,'manufacturing_data','0026_auto_20190416_0240','2019-04-16 02:40:50.814291');
/*!40000 ALTER TABLE `django_migrations` ENABLE KEYS */;
UNLOCK TABLES;

--
-- Table structure for table `django_session`
--

DROP TABLE IF EXISTS `django_session`;
/*!40101 SET @saved_cs_client     = @@character_set_client */;
/*!40101 SET character_set_client = utf8 */;
CREATE TABLE `django_session` (
  `session_key` varchar(40) NOT NULL,
  `session_data` longtext NOT NULL,
  `expire_date` datetime(6) NOT NULL,
  PRIMARY KEY (`session_key`),
  KEY `django_session_expire_date_a5c62663` (`expire_date`)
) ENGINE=InnoDB DEFAULT CHARSET=utf8;
/*!40101 SET character_set_client = @saved_cs_client */;

--
-- Dumping data for table `django_session`
--

LOCK TABLES `django_session` WRITE;
/*!40000 ALTER TABLE `django_session` DISABLE KEYS */;
INSERT INTO `django_session` VALUES ('7ry9topcgvexfoyzu5p5artgcsnet3wz','ODkzMDRlMjMwY2Q3NjI5NDkxZjkzMDk5NDk4NWEyNGVjOGZkNmU0Mzp7Il9hdXRoX3VzZXJfaWQiOiIxZjNjYzRiNy1jMjE1LTQwMTEtYTM3OS1mNmZhMWExNmY1MzAiLCJfYXV0aF91c2VyX2JhY2tlbmQiOiJkamFuZ28uY29udHJpYi5hdXRoLmJhY2tlbmRzLk1vZGVsQmFja2VuZCIsIl9hdXRoX3VzZXJfaGFzaCI6ImM1ZGNlNDRjNWU0MjlmMWIxZGZlYTFhMWM2MTJjZDE2ZmU5MDQyZTAifQ==','2019-04-30 05:46:26.581569'),('cnmuw0ekdqkesh8m0s0fn22i9jwmlnpv','ODkzMDRlMjMwY2Q3NjI5NDkxZjkzMDk5NDk4NWEyNGVjOGZkNmU0Mzp7Il9hdXRoX3VzZXJfaWQiOiIxZjNjYzRiNy1jMjE1LTQwMTEtYTM3OS1mNmZhMWExNmY1MzAiLCJfYXV0aF91c2VyX2JhY2tlbmQiOiJkamFuZ28uY29udHJpYi5hdXRoLmJhY2tlbmRzLk1vZGVsQmFja2VuZCIsIl9hdXRoX3VzZXJfaGFzaCI6ImM1ZGNlNDRjNWU0MjlmMWIxZGZlYTFhMWM2MTJjZDE2ZmU5MDQyZTAifQ==','2019-04-11 02:22:00.059018'),('nkoke6382j27eyv3mrh5pxt8qggyw357','ODkzMDRlMjMwY2Q3NjI5NDkxZjkzMDk5NDk4NWEyNGVjOGZkNmU0Mzp7Il9hdXRoX3VzZXJfaWQiOiIxZjNjYzRiNy1jMjE1LTQwMTEtYTM3OS1mNmZhMWExNmY1MzAiLCJfYXV0aF91c2VyX2JhY2tlbmQiOiJkamFuZ28uY29udHJpYi5hdXRoLmJhY2tlbmRzLk1vZGVsQmFja2VuZCIsIl9hdXRoX3VzZXJfaGFzaCI6ImM1ZGNlNDRjNWU0MjlmMWIxZGZlYTFhMWM2MTJjZDE2ZmU5MDQyZTAifQ==','2019-03-23 23:14:13.303316'),('yll6u99ejo0arlvugr3snjcrtpe9vyfe','ODkzMDRlMjMwY2Q3NjI5NDkxZjkzMDk5NDk4NWEyNGVjOGZkNmU0Mzp7Il9hdXRoX3VzZXJfaWQiOiIxZjNjYzRiNy1jMjE1LTQwMTEtYTM3OS1mNmZhMWExNmY1MzAiLCJfYXV0aF91c2VyX2JhY2tlbmQiOiJkamFuZ28uY29udHJpYi5hdXRoLmJhY2tlbmRzLk1vZGVsQmFja2VuZCIsIl9hdXRoX3VzZXJfaGFzaCI6ImM1ZGNlNDRjNWU0MjlmMWIxZGZlYTFhMWM2MTJjZDE2ZmU5MDQyZTAifQ==','2019-04-25 02:24:46.247343');
/*!40000 ALTER TABLE `django_session` ENABLE KEYS */;
UNLOCK TABLES;

--
-- Table structure for table `job_order`
--

DROP TABLE IF EXISTS `job_order`;
/*!40101 SET @saved_cs_client     = @@character_set_client */;
/*!40101 SET character_set_client = utf8 */;
CREATE TABLE `job_order` (
  `id` char(32) NOT NULL,
  `mfg_no` varchar(20) NOT NULL,
  `name` varchar(255) NOT NULL,
  `order_rate` double NOT NULL,
  `order_price` decimal(17,2) NOT NULL,
  `tax_percent` int(11) NOT NULL,
  `order_date` date DEFAULT NULL,
  `delivery_date` date DEFAULT NULL,
  `completion_date` date DEFAULT NULL,
  `notes` longtext NOT NULL,
  `created_at` datetime(6) NOT NULL,
  `modified_at` datetime(6) NOT NULL,
  `company_id` char(32) NOT NULL,
  `created_by_id` char(32) NOT NULL,
  `customer_id` char(32) DEFAULT NULL,
  `delivery_destination_id` char(32) DEFAULT NULL,
  `designer_id` char(32) DEFAULT NULL,
  `modified_by_id` char(32) NOT NULL,
  `order_currency_id` char(32) NOT NULL,
  `publisher_id` char(32) DEFAULT NULL,
  `commercial_parts_budget` decimal(17,2) NOT NULL,
  `electrical_parts_budget` decimal(17,2) NOT NULL,
  `processed_parts_budget` decimal(17,2) NOT NULL,
  PRIMARY KEY (`id`),
  UNIQUE KEY `job_order_company_id_mfg_no_d4d00351_uniq` (`company_id`,`mfg_no`),
  KEY `job_order_created_by_id_fc0dcba1_fk_user_id` (`created_by_id`),
  KEY `job_order_modified_by_id_6b20171c_fk_user_id` (`modified_by_id`),
  KEY `job_order_order_currency_id_5c0bfbd5_fk_system_currency_id` (`order_currency_id`),
  KEY `job_order_designer_id_0c82db25_fk_staff_id` (`designer_id`),
  KEY `job_order_publisher_id_6b2c109b_fk_staff_id` (`publisher_id`),
  KEY `job_order_customer_id_9f154d07_fk_Partner_id` (`customer_id`),
  KEY `job_order_delivery_destination_id_e4c05c96_fk_Partner_id` (`delivery_destination_id`),
  CONSTRAINT `job_order_company_id_217a1234_fk_user_company_id` FOREIGN KEY (`company_id`) REFERENCES `user_company` (`id`),
  CONSTRAINT `job_order_created_by_id_fc0dcba1_fk_user_id` FOREIGN KEY (`created_by_id`) REFERENCES `user` (`id`),
  CONSTRAINT `job_order_customer_id_9f154d07_fk_Partner_id` FOREIGN KEY (`customer_id`) REFERENCES `Partner` (`id`),
  CONSTRAINT `job_order_delivery_destination_id_e4c05c96_fk_Partner_id` FOREIGN KEY (`delivery_destination_id`) REFERENCES `Partner` (`id`),
  CONSTRAINT `job_order_designer_id_0c82db25_fk_staff_id` FOREIGN KEY (`designer_id`) REFERENCES `staff` (`id`),
  CONSTRAINT `job_order_modified_by_id_6b20171c_fk_user_id` FOREIGN KEY (`modified_by_id`) REFERENCES `user` (`id`),
  CONSTRAINT `job_order_order_currency_id_5c0bfbd5_fk_system_currency_id` FOREIGN KEY (`order_currency_id`) REFERENCES `system_currency` (`id`),
  CONSTRAINT `job_order_publisher_id_6b2c109b_fk_staff_id` FOREIGN KEY (`publisher_id`) REFERENCES `staff` (`id`)
) ENGINE=InnoDB DEFAULT CHARSET=utf8;
/*!40101 SET character_set_client = @saved_cs_client */;

--
-- Dumping data for table `job_order`
--

LOCK TABLES `job_order` WRITE;
/*!40000 ALTER TABLE `job_order` DISABLE KEYS */;
INSERT INTO `job_order` VALUES ('02c1dc1ccf78410cb0914941944a4545','180003','(170032) Insert head',1,700.00,0,'2018-02-21','2018-03-13','2018-03-13','日本工事番号:97591','2019-03-08 05:31:16.415111','2019-03-08 05:31:16.415181','934b0f1c099b4c07a6df75c894659048','1f3cc4b7c2154011a379f6fa1a16f530','f47679821b8545a8a873fb451f6b162d','f47679821b8545a8a873fb451f6b162d',NULL,'1f3cc4b7c2154011a379f6fa1a16f530','3e412209c1d84a728f346d0e590498ad',NULL,0.00,0.00,0.00),('03e394649b334dbd85d1733b21874665','180018','ADVICS CZECH SV',0.0090909,735000.00,0,'2018-02-26','2018-03-31','2018-03-31','日本工事番号:97587','2019-03-08 05:33:58.582147','2019-03-08 05:33:58.582208','934b0f1c099b4c07a6df75c894659048','1f3cc4b7c2154011a379f6fa1a16f530','99c3ad7a8ee849898dc0860c63702b29','130ef76db753428ba5125c82b58bce62',NULL,'1f3cc4b7c2154011a379f6fa1a16f530','d897d6292a83448b98a1d0c723b59e54',NULL,0.00,0.00,0.00),('052105f0b5f74726a05c5bbc5534e208','180082','AS18 Shortage parts',1,0.00,0,NULL,NULL,NULL,'日本工事番号:97751','2019-03-14 06:44:29.706924','2019-03-28 06:18:57.270859','934b0f1c099b4c07a6df75c894659048','1f3cc4b7c2154011a379f6fa1a16f530','99c3ad7a8ee849898dc0860c63702b29','130ef76db753428ba5125c82b58bce62',NULL,'1f3cc4b7c2154011a379f6fa1a16f530','3e412209c1d84a728f346d0e590498ad',NULL,0.00,0.00,0.00),('079cbc9f97ec4a1688a46cee04eb55d4','180013','Table Motor AL',1,1160.00,0,'2018-01-24','2018-02-21','2018-02-21','N/A','2019-03-08 05:33:52.524272','2019-03-08 05:33:52.524601','934b0f1c099b4c07a6df75c894659048','1f3cc4b7c2154011a379f6fa1a16f530','f47679821b8545a8a873fb451f6b162d','f47679821b8545a8a873fb451f6b162d',NULL,'1f3cc4b7c2154011a379f6fa1a16f530','3e412209c1d84a728f346d0e590498ad',NULL,0.00,0.00,0.00),('0836bbd45b3a42dd948d149465898245','180043','AS27 Kick off Chute',1,4540.00,0,NULL,'2018-08-06','2018-08-06','','2019-03-08 05:34:30.201347','2019-03-08 09:04:27.279487','934b0f1c099b4c07a6df75c894659048','1f3cc4b7c2154011a379f6fa1a16f530','f75707919ea645ee8b725431e30a3a52','130ef76db753428ba5125c82b58bce62',NULL,'1f3cc4b7c2154011a379f6fa1a16f530','3e412209c1d84a728f346d0e590498ad','29bdece743304b5b9916b2d1e81234a2',0.00,0.00,0.00),('0e036d7ca7a24d849ba31e0d03f405f2','180027','MItsubishi Software program',1,1580.00,0,'2018-05-22','2018-08-08','2018-08-08','N/A, Mid August','2019-03-08 05:34:09.189142','2019-03-12 23:40:47.730374','934b0f1c099b4c07a6df75c894659048','1f3cc4b7c2154011a379f6fa1a16f530','6a4b37492b354fe6b9980a132f80baf9','6a4b37492b354fe6b9980a132f80baf9',NULL,'1f3cc4b7c2154011a379f6fa1a16f530','3e412209c1d84a728f346d0e590498ad',NULL,0.00,0.00,0.00),('1481c29ba08143a291ceec7e79a042bb','180065','INSERT PUSH SHAFT',1,240.00,0,'2018-10-12','2018-11-07','2018-11-08','日本工事番号:98028','2019-03-13 00:28:22.135994','2019-03-13 00:28:22.136079','934b0f1c099b4c07a6df75c894659048','1f3cc4b7c2154011a379f6fa1a16f530','f47679821b8545a8a873fb451f6b162d','f47679821b8545a8a873fb451f6b162d',NULL,'1f3cc4b7c2154011a379f6fa1a16f530','3e412209c1d84a728f346d0e590498ad',NULL,0.00,0.00,0.00),('15645c4870354aaeaa5bfe0d5dc44719','180071','Traceability System Improvement October',1,1496.00,0,'2018-11-20','2018-10-31','2018-10-31','N/A','2019-03-13 00:28:28.763887','2019-03-13 00:28:28.763980','934b0f1c099b4c07a6df75c894659048','1f3cc4b7c2154011a379f6fa1a16f530','68bfe991ded04e63b36544b44fc81bc1','68bfe991ded04e63b36544b44fc81bc1',NULL,'1f3cc4b7c2154011a379f6fa1a16f530','3e412209c1d84a728f346d0e590498ad',NULL,0.00,0.00,0.00),('15a09ef2594748d08432e7f8cb2e2eb3','180060','180060 Oil pan upper machine trouble sv',1,880.00,0,'2018-10-01','2018-09-29','2018-09-29','N/A','2019-03-13 00:28:16.096085','2019-03-13 00:28:16.096164','934b0f1c099b4c07a6df75c894659048','1f3cc4b7c2154011a379f6fa1a16f530','03af4eba8a1440248e032cbd7735bdf5','03af4eba8a1440248e032cbd7735bdf5',NULL,'1f3cc4b7c2154011a379f6fa1a16f530','3e412209c1d84a728f346d0e590498ad',NULL,0.00,0.00,0.00),('16c06c2796364c3fa951c01c3fae3b93','180040','AS27 Tear down',1,6000.00,0,NULL,'2018-08-02','2018-08-02','日本工事番号:97867','2019-03-08 05:34:26.095255','2019-03-08 05:34:26.095314','934b0f1c099b4c07a6df75c894659048','1f3cc4b7c2154011a379f6fa1a16f530','f75707919ea645ee8b725431e30a3a52','130ef76db753428ba5125c82b58bce62',NULL,'1f3cc4b7c2154011a379f6fa1a16f530','3e412209c1d84a728f346d0e590498ad',NULL,0.00,0.00,0.00),('17fd3d0a56b04dc6841aaa86c11a2702','180029','Chain case SV fee',1,880.00,0,'2018-05-16','2018-05-16','2018-05-16','N/A','2019-03-08 05:34:11.885078','2019-03-08 05:34:11.885139','934b0f1c099b4c07a6df75c894659048','1f3cc4b7c2154011a379f6fa1a16f530','03af4eba8a1440248e032cbd7735bdf5','03af4eba8a1440248e032cbd7735bdf5',NULL,'1f3cc4b7c2154011a379f6fa1a16f530','3e412209c1d84a728f346d0e590498ad',NULL,0.00,0.00,0.00),('1dd3dc2de922406d8a220c823fd655ad','180078','Traceability improvement Usui - November',1,3168.00,0,'2018-11-27','2018-11-29','2018-11-29','N/A','2019-03-13 00:30:19.376578','2019-03-13 00:30:19.376679','934b0f1c099b4c07a6df75c894659048','1f3cc4b7c2154011a379f6fa1a16f530','68bfe991ded04e63b36544b44fc81bc1','68bfe991ded04e63b36544b44fc81bc1',NULL,'1f3cc4b7c2154011a379f6fa1a16f530','3e412209c1d84a728f346d0e590498ad',NULL,0.00,0.00,0.00),('1e24c01a2bc8408fafe4f7d0fc826be8','180059','Program improvement',1,180.00,0,'2018-10-03','2018-09-17','2018-09-17','N/A','2019-03-13 00:28:13.270989','2019-03-13 00:28:13.271385','934b0f1c099b4c07a6df75c894659048','1f3cc4b7c2154011a379f6fa1a16f530','68bfe991ded04e63b36544b44fc81bc1','68bfe991ded04e63b36544b44fc81bc1',NULL,'1f3cc4b7c2154011a379f6fa1a16f530','3e412209c1d84a728f346d0e590498ad',NULL,0.00,0.00,0.00),('1ea0f18cd154485ba32bf3d7f88d4f88','180075','INSERT HEAD HOUSING',1,920.00,0,'2018-11-07','2018-12-06','2018-12-09','日本工事番号:98080','2019-03-13 00:30:16.267324','2019-03-13 00:30:16.267426','934b0f1c099b4c07a6df75c894659048','1f3cc4b7c2154011a379f6fa1a16f530','f47679821b8545a8a873fb451f6b162d','f47679821b8545a8a873fb451f6b162d',NULL,'1f3cc4b7c2154011a379f6fa1a16f530','3e412209c1d84a728f346d0e590498ad',NULL,0.00,0.00,0.00),('203fba03b9e247c0b82171520462f11d','180077','AS27 Pallet Pin holder parts',1,1926.00,0,'2018-11-14','2018-11-29','2018-11-29','日本工事番号:98097','2019-03-13 00:30:18.171310','2019-03-13 00:30:18.171387','934b0f1c099b4c07a6df75c894659048','1f3cc4b7c2154011a379f6fa1a16f530','130ef76db753428ba5125c82b58bce62','130ef76db753428ba5125c82b58bce62',NULL,'1f3cc4b7c2154011a379f6fa1a16f530','3e412209c1d84a728f346d0e590498ad',NULL,0.00,0.00,0.00),('27abfa8770c24db8992426d1b5357cfd','180010','Yoke Cap check',1,1680.00,0,'2018-01-24','2018-01-24','2018-01-24','N/A','2019-03-08 05:33:47.172426','2019-03-08 05:33:47.172538','934b0f1c099b4c07a6df75c894659048','1f3cc4b7c2154011a379f6fa1a16f530','6a4b37492b354fe6b9980a132f80baf9','6a4b37492b354fe6b9980a132f80baf9',NULL,'1f3cc4b7c2154011a379f6fa1a16f530','3e412209c1d84a728f346d0e590498ad',NULL,0.00,0.00,0.00),('299201e16f8c4e9aa8340bf8664a9b14','180049','ELECTROMAGNETIC CONTACTOR FUJI',1,18.00,0,'2018-08-17','2018-10-01','2018-10-01','日本工事番号:97834/97863','2019-03-13 00:27:46.011538','2019-03-13 00:27:46.011601','934b0f1c099b4c07a6df75c894659048','1f3cc4b7c2154011a379f6fa1a16f530','f47679821b8545a8a873fb451f6b162d','f47679821b8545a8a873fb451f6b162d',NULL,'1f3cc4b7c2154011a379f6fa1a16f530','3e412209c1d84a728f346d0e590498ad',NULL,0.00,0.00,0.00),('2ad7e3cd151b4f9fb183a2247e43e9b9','180023','Shaft',1,210.00,0,'2018-05-01','2018-06-06','2018-06-06','日本工事番号:97714','2019-03-08 05:34:04.842396','2019-03-08 05:34:04.842465','934b0f1c099b4c07a6df75c894659048','1f3cc4b7c2154011a379f6fa1a16f530','f47679821b8545a8a873fb451f6b162d','f47679821b8545a8a873fb451f6b162d',NULL,'1f3cc4b7c2154011a379f6fa1a16f530','3e412209c1d84a728f346d0e590498ad',NULL,0.00,0.00,0.00),('2bd8d09e69e34881bf55b22930c5bd55','180008','AS27 Pad Assy',1,120000.00,0,'2018-06-06','2018-07-23','2018-07-23','日本工事番号:97660,1850096 (KSF)','2019-03-08 05:33:44.389399','2019-03-08 05:33:44.389464','934b0f1c099b4c07a6df75c894659048','1f3cc4b7c2154011a379f6fa1a16f530','f75707919ea645ee8b725431e30a3a52','130ef76db753428ba5125c82b58bce62',NULL,'1f3cc4b7c2154011a379f6fa1a16f530','3e412209c1d84a728f346d0e590498ad',NULL,0.00,0.00,0.00),('3351a0086a6c4318bf326be2b7f220c3','180076','AS27 OP370 Spare parts',1,1698.00,0,'2018-11-14',NULL,NULL,'日本工事番号:98096','2019-03-13 00:30:17.401375','2019-03-13 00:30:17.401436','934b0f1c099b4c07a6df75c894659048','1f3cc4b7c2154011a379f6fa1a16f530','130ef76db753428ba5125c82b58bce62','130ef76db753428ba5125c82b58bce62',NULL,'1f3cc4b7c2154011a379f6fa1a16f530','3e412209c1d84a728f346d0e590498ad',NULL,0.00,0.00,0.00),('350b50bda03946e2ae07b5773c51e17a','180079','Zone 61 Sub-pin assembly machine ADVICS',1,114460.00,0,NULL,NULL,NULL,'日本工事番号:98133','2019-03-13 00:30:20.379690','2019-03-13 00:30:20.379996','934b0f1c099b4c07a6df75c894659048','1f3cc4b7c2154011a379f6fa1a16f530','130ef76db753428ba5125c82b58bce62','130ef76db753428ba5125c82b58bce62',NULL,'1f3cc4b7c2154011a379f6fa1a16f530','3e412209c1d84a728f346d0e590498ad',NULL,0.00,0.00,0.00),('3a60bbc9786d4e0098dece7432f71736','180080','After Services',0.0090909,3000000.00,0,'2018-12-05','2018-12-05','2018-12-05','日本工事番号:97739/97750/97751/97703/97704','2019-03-13 00:30:21.241571','2019-03-29 05:10:27.563611','934b0f1c099b4c07a6df75c894659048','1f3cc4b7c2154011a379f6fa1a16f530','99c3ad7a8ee849898dc0860c63702b29','99c3ad7a8ee849898dc0860c63702b29',NULL,'1f3cc4b7c2154011a379f6fa1a16f530','d897d6292a83448b98a1d0c723b59e54',NULL,0.00,0.00,0.00),('3ad2b87636a048d3a541e376eccbb154','180070','AS26 BoltNut modification',1,17670.00,0,'2018-11-27',NULL,NULL,'日本工事番号:98071','2019-03-13 00:28:27.669822','2019-03-13 00:28:27.669907','934b0f1c099b4c07a6df75c894659048','1f3cc4b7c2154011a379f6fa1a16f530','130ef76db753428ba5125c82b58bce62','130ef76db753428ba5125c82b58bce62',NULL,'1f3cc4b7c2154011a379f6fa1a16f530','3e412209c1d84a728f346d0e590498ad',NULL,0.00,0.00,0.00),('3e65242381744114b8036639f407b19e','180055','ELECTROMAGNETIC CONTACTOR FUJI Mahle',1,18.00,0,'2018-09-14','2018-10-12','2018-10-15','日本工事番号:97985','2019-03-13 00:28:02.362225','2019-03-13 00:28:02.362289','934b0f1c099b4c07a6df75c894659048','1f3cc4b7c2154011a379f6fa1a16f530','f47679821b8545a8a873fb451f6b162d','f47679821b8545a8a873fb451f6b162d',NULL,'1f3cc4b7c2154011a379f6fa1a16f530','3e412209c1d84a728f346d0e590498ad',NULL,0.00,0.00,0.00),('41ab89e92141452889b3fa4d752ab8d2','180057','Chain packing',1,8451.00,0,'2018-09-24','2018-11-07','2018-11-07','日本工事番号:98000','2019-03-13 00:28:07.786051','2019-03-13 00:28:07.786113','934b0f1c099b4c07a6df75c894659048','1f3cc4b7c2154011a379f6fa1a16f530','03af4eba8a1440248e032cbd7735bdf5','03af4eba8a1440248e032cbd7735bdf5',NULL,'1f3cc4b7c2154011a379f6fa1a16f530','3e412209c1d84a728f346d0e590498ad',NULL,0.00,0.00,0.00),('44e9f470f74b4368ac0470bc926f8dc6','180024','Yamanaka remote work',0.0090909,39200.00,0,'2018-04-27','2018-04-27','2018-04-27','日本工事番号:97588/97555/97320','2019-03-08 05:34:05.913387','2019-03-08 05:34:05.913452','934b0f1c099b4c07a6df75c894659048','1f3cc4b7c2154011a379f6fa1a16f530','99c3ad7a8ee849898dc0860c63702b29','99c3ad7a8ee849898dc0860c63702b29',NULL,'1f3cc4b7c2154011a379f6fa1a16f530','d897d6292a83448b98a1d0c723b59e54',NULL,0.00,0.00,0.00),('499e956d4ee54819a29bda40e008ffd7','180032','Housing',1,195.00,0,'2018-06-11','2018-07-27','2018-07-26','','2019-03-08 05:34:15.913220','2019-03-12 23:42:01.403812','934b0f1c099b4c07a6df75c894659048','1f3cc4b7c2154011a379f6fa1a16f530','f47679821b8545a8a873fb451f6b162d','f47679821b8545a8a873fb451f6b162d',NULL,'1f3cc4b7c2154011a379f6fa1a16f530','3e412209c1d84a728f346d0e590498ad',NULL,0.00,0.00,0.00),('4b06cdb39070469ba6500ad0a4078149','180041','AS27 CHUTE',1,13880.00,0,NULL,'2018-08-02','2018-08-02','N/A','2019-03-08 05:34:27.346638','2019-03-08 05:34:27.346724','934b0f1c099b4c07a6df75c894659048','1f3cc4b7c2154011a379f6fa1a16f530','f75707919ea645ee8b725431e30a3a52','130ef76db753428ba5125c82b58bce62',NULL,'1f3cc4b7c2154011a379f6fa1a16f530','3e412209c1d84a728f346d0e590498ad',NULL,0.00,0.00,0.00),('584043ee09ff4cf6a52254db1c38f0ae','180028','Reg Hol improvement',1,4540.00,0,'2018-05-22','2018-08-18','2018-08-18','N/A, Mid August','2019-03-08 05:34:10.836823','2019-03-12 23:41:06.181958','934b0f1c099b4c07a6df75c894659048','1f3cc4b7c2154011a379f6fa1a16f530','6a4b37492b354fe6b9980a132f80baf9','6a4b37492b354fe6b9980a132f80baf9',NULL,'1f3cc4b7c2154011a379f6fa1a16f530','3e412209c1d84a728f346d0e590498ad',NULL,0.00,0.00,0.00),('595ce70df906455d96ebc19de0f8ff7f','180058','Equipment Improve SV',1,4700.00,0,'2018-09-25','2018-09-17','2018-09-17','N/A','2019-03-13 00:28:10.540611','2019-03-13 00:28:10.540671','934b0f1c099b4c07a6df75c894659048','1f3cc4b7c2154011a379f6fa1a16f530','6a4b37492b354fe6b9980a132f80baf9','6a4b37492b354fe6b9980a132f80baf9',NULL,'1f3cc4b7c2154011a379f6fa1a16f530','3e412209c1d84a728f346d0e590498ad',NULL,0.00,0.00,0.00),('5acfd7e77c814bd69c6c8f3fd04d0c06','180081','Chain Case Packing',1,8453.00,0,'2018-12-09',NULL,NULL,'日本工事番号:98164','2019-03-13 00:30:22.042792','2019-03-13 00:30:22.042855','934b0f1c099b4c07a6df75c894659048','1f3cc4b7c2154011a379f6fa1a16f530','03af4eba8a1440248e032cbd7735bdf5','03af4eba8a1440248e032cbd7735bdf5',NULL,'1f3cc4b7c2154011a379f6fa1a16f530','3e412209c1d84a728f346d0e590498ad',NULL,0.00,0.00,0.00),('5c3ce1775a2f4d4a91a8e66ac3592c4a','180031','Clamp',1,250.00,0,'2018-06-06','2018-07-30','2018-07-25','日本工事番号:97773','2019-03-08 05:34:14.534674','2019-03-08 05:34:14.534734','934b0f1c099b4c07a6df75c894659048','1f3cc4b7c2154011a379f6fa1a16f530','f47679821b8545a8a873fb451f6b162d','f47679821b8545a8a873fb451f6b162d',NULL,'1f3cc4b7c2154011a379f6fa1a16f530','3e412209c1d84a728f346d0e590498ad',NULL,0.00,0.00,0.00),('5d23270560414e619f69ca4ac391ff84','180035','Housing',1,230.00,0,'2018-07-02','2018-07-27','2018-07-26','','2019-03-08 05:34:19.901318','2019-03-12 23:43:24.958232','934b0f1c099b4c07a6df75c894659048','1f3cc4b7c2154011a379f6fa1a16f530','f47679821b8545a8a873fb451f6b162d','f47679821b8545a8a873fb451f6b162d',NULL,'1f3cc4b7c2154011a379f6fa1a16f530','3e412209c1d84a728f346d0e590498ad',NULL,0.00,0.00,0.00),('5fa5037f28534bbfbccb57792096aaf7','180047','AS18 HOUSING ASSY RETOOL',0.0090909,224000.00,0,'2018-08-08','2018-08-08','2018-08-08','日本工事番号:97551','2019-03-13 00:27:39.881618','2019-03-13 00:27:39.881699','934b0f1c099b4c07a6df75c894659048','1f3cc4b7c2154011a379f6fa1a16f530','99c3ad7a8ee849898dc0860c63702b29','99c3ad7a8ee849898dc0860c63702b29',NULL,'1f3cc4b7c2154011a379f6fa1a16f530','d897d6292a83448b98a1d0c723b59e54',NULL,0.00,0.00,0.00),('6694101bad7d4e72bb9a19ea82b12715','180001','(170030) Clamp & Bushing',1,925.00,0,'2017-12-20','2018-02-06','2018-02-06','日本工事番号:97491','2019-03-08 05:31:14.950008','2019-03-08 05:31:14.950075','934b0f1c099b4c07a6df75c894659048','1f3cc4b7c2154011a379f6fa1a16f530','f47679821b8545a8a873fb451f6b162d','f47679821b8545a8a873fb451f6b162d',NULL,'1f3cc4b7c2154011a379f6fa1a16f530','3e412209c1d84a728f346d0e590498ad',NULL,0.00,0.00,0.00),('67d26bccc282413ead8662f9e15f3aae','180022','AS23 Retool',0.0090909,770000.00,0,'2018-01-29','2018-03-16','2018-03-16','日本工事番号:97495','2019-03-08 05:34:03.819932','2019-03-08 05:34:03.819993','934b0f1c099b4c07a6df75c894659048','1f3cc4b7c2154011a379f6fa1a16f530','99c3ad7a8ee849898dc0860c63702b29','130ef76db753428ba5125c82b58bce62',NULL,'1f3cc4b7c2154011a379f6fa1a16f530','d897d6292a83448b98a1d0c723b59e54',NULL,0.00,0.00,0.00),('6861a24a71ba42b1bee14b8e1c1e3b53','180009','REG-HOL IMPROVEMENT',1,2280.00,0,'2018-05-10','2018-05-10','2018-05-10','N/A','2019-03-08 05:33:45.641651','2019-03-08 05:33:45.641716','934b0f1c099b4c07a6df75c894659048','1f3cc4b7c2154011a379f6fa1a16f530','6a4b37492b354fe6b9980a132f80baf9','6a4b37492b354fe6b9980a132f80baf9',NULL,'1f3cc4b7c2154011a379f6fa1a16f530','3e412209c1d84a728f346d0e590498ad',NULL,0.00,0.00,0.00),('6a8150f1f42b400799693cc8ee1c4189','180019','ADVICS CZECH SV',0.0090909,735000.00,0,'2018-02-22','2018-04-13','2018-04-13','日本工事番号:97588','2019-03-08 05:34:00.273226','2019-03-08 05:34:00.273286','934b0f1c099b4c07a6df75c894659048','1f3cc4b7c2154011a379f6fa1a16f530','99c3ad7a8ee849898dc0860c63702b29','130ef76db753428ba5125c82b58bce62',NULL,'1f3cc4b7c2154011a379f6fa1a16f530','d897d6292a83448b98a1d0c723b59e54',NULL,0.00,0.00,0.00),('6d042fd67d81441b9d468101172d6a1b','180044','Latches',0.0090909,37500.00,0,'2018-08-02','2018-08-06','2018-08-06','N/A','2019-03-13 00:27:33.033639','2019-03-13 00:27:33.033718','934b0f1c099b4c07a6df75c894659048','1f3cc4b7c2154011a379f6fa1a16f530','99c3ad7a8ee849898dc0860c63702b29','99c3ad7a8ee849898dc0860c63702b29',NULL,'1f3cc4b7c2154011a379f6fa1a16f530','d897d6292a83448b98a1d0c723b59e54',NULL,0.00,0.00,0.00),('79155323130b47cf9a86ee8fe66b177a','180038','Translation',1,10730.00,0,'2018-07-10','2018-07-19','2018-07-19','N/A','2019-03-08 05:34:23.710088','2019-03-08 05:34:23.710147','934b0f1c099b4c07a6df75c894659048','1f3cc4b7c2154011a379f6fa1a16f530','427d7c2a4dc040f6b9944e05d78e99d7','427d7c2a4dc040f6b9944e05d78e99d7',NULL,'1f3cc4b7c2154011a379f6fa1a16f530','3e412209c1d84a728f346d0e590498ad',NULL,0.00,0.00,0.00),('7cd11380b5794b8eb9e33f45695ecd0c','180011','AS25 Relocate',0.0090909,1120000.00,0,'2018-01-09','2018-01-17','2018-01-17','日本工事番号:97452','2019-03-08 05:33:49.281336','2019-03-08 05:33:49.281404','934b0f1c099b4c07a6df75c894659048','1f3cc4b7c2154011a379f6fa1a16f530','99c3ad7a8ee849898dc0860c63702b29','130ef76db753428ba5125c82b58bce62',NULL,'1f3cc4b7c2154011a379f6fa1a16f530','d897d6292a83448b98a1d0c723b59e54',NULL,0.00,0.00,0.00),('7e10dc0597f04e14a2af6ad8f223b068','180063','AS24 Relocate SV',0.0090909,1330000.00,0,'2018-10-12','2018-10-12','2018-10-12','日本工事番号:97873','2019-03-13 00:28:20.003038','2019-03-13 00:28:20.003106','934b0f1c099b4c07a6df75c894659048','1f3cc4b7c2154011a379f6fa1a16f530','99c3ad7a8ee849898dc0860c63702b29','130ef76db753428ba5125c82b58bce62',NULL,'1f3cc4b7c2154011a379f6fa1a16f530','d897d6292a83448b98a1d0c723b59e54',NULL,0.00,0.00,0.00),('836d6c9a9e7844739ba6a7ed38b1ab29','180050','INNER HOUSING',1,1380.00,0,'2018-08-22','2018-10-01','2018-10-01','日本工事番号:97834/97863','2019-03-13 00:27:49.084530','2019-03-13 00:27:49.084590','934b0f1c099b4c07a6df75c894659048','1f3cc4b7c2154011a379f6fa1a16f530','f47679821b8545a8a873fb451f6b162d','f47679821b8545a8a873fb451f6b162d',NULL,'1f3cc4b7c2154011a379f6fa1a16f530','3e412209c1d84a728f346d0e590498ad',NULL,0.00,0.00,0.00),('853d97bc481d452a9c02a14dc4812b07','180030','Air Cylinder',1,498.26,0,'2018-05-25','2018-07-10','2018-07-10','N/A','2019-03-08 05:34:13.130230','2019-03-08 05:34:13.130295','934b0f1c099b4c07a6df75c894659048','1f3cc4b7c2154011a379f6fa1a16f530','3ed21d4329d44d819f9c6d0e86579fbf','e6cd49b1a2d94e8f83e830f36a5c51e4',NULL,'1f3cc4b7c2154011a379f6fa1a16f530','3e412209c1d84a728f346d0e590498ad',NULL,0.00,0.00,0.00),('87f31bad3b7e416cbcf60cb20ff6d3d9','180014','AS3 After serive Bracket Assembly Machine',0.0090909,700000.00,0,'2018-02-22','2018-02-22','2018-02-22','日本工事番号:96467','2019-03-08 05:33:53.703638','2019-03-08 05:33:53.703725','934b0f1c099b4c07a6df75c894659048','1f3cc4b7c2154011a379f6fa1a16f530','99c3ad7a8ee849898dc0860c63702b29','130ef76db753428ba5125c82b58bce62',NULL,'1f3cc4b7c2154011a379f6fa1a16f530','d897d6292a83448b98a1d0c723b59e54',NULL,0.00,0.00,0.00),('8e7ecaaaaeed43eba8902ab6c0fe8363','180074','Chain Case Assy loadcell setting',1,440.00,0,'2018-11-02','2018-11-06','2018-11-06','N/A','2019-03-13 00:30:14.731932','2019-03-13 00:30:14.731996','934b0f1c099b4c07a6df75c894659048','1f3cc4b7c2154011a379f6fa1a16f530','03af4eba8a1440248e032cbd7735bdf5','03af4eba8a1440248e032cbd7735bdf5',NULL,'1f3cc4b7c2154011a379f6fa1a16f530','3e412209c1d84a728f346d0e590498ad',NULL,0.00,0.00,0.00),('8ed64ee1e8c04e9997b54b7422f14b25','180072','HC Upper Cover A Jig (1 set)',1,26750.00,0,'2018-11-02','2019-03-31',NULL,'日本工事番号:98059','2019-03-13 00:30:11.944209','2019-03-13 00:30:11.944300','934b0f1c099b4c07a6df75c894659048','1f3cc4b7c2154011a379f6fa1a16f530','3ed21d4329d44d819f9c6d0e86579fbf','f47679821b8545a8a873fb451f6b162d',NULL,'1f3cc4b7c2154011a379f6fa1a16f530','3e412209c1d84a728f346d0e590498ad',NULL,0.00,0.00,0.00),('8f1dab0cbb954223b3def3d7abb46e2a','180036','Latches',0.0090909,22500.00,0,'2018-07-02','2018-08-02','2018-07-30','','2019-03-08 05:34:21.120983','2019-03-12 23:43:51.546446','934b0f1c099b4c07a6df75c894659048','1f3cc4b7c2154011a379f6fa1a16f530','99c3ad7a8ee849898dc0860c63702b29','99c3ad7a8ee849898dc0860c63702b29',NULL,'1f3cc4b7c2154011a379f6fa1a16f530','d897d6292a83448b98a1d0c723b59e54',NULL,0.00,0.00,0.00),('9440f3271077469e87877c5d757ee7d5','180053','AS22 Relocation & Retool (図面修正)',0.0090909,48000.00,0,'2018-08-30','2018-08-28','2018-08-28','日本工事番号:97907','2019-03-13 00:27:56.832416','2019-03-13 00:27:56.832476','934b0f1c099b4c07a6df75c894659048','1f3cc4b7c2154011a379f6fa1a16f530','99c3ad7a8ee849898dc0860c63702b29','130ef76db753428ba5125c82b58bce62',NULL,'1f3cc4b7c2154011a379f6fa1a16f530','d897d6292a83448b98a1d0c723b59e54',NULL,0.00,0.00,0.00),('9750227b0342499d80d491fba7a81bda','180006','Valve Guide #11',1,17000.00,0,'2018-04-10','2019-03-11','2019-03-11','日本工事番号:97646,(2nd push out) now Nov','2019-03-08 05:31:19.399087','2019-04-06 01:39:39.192253','934b0f1c099b4c07a6df75c894659048','1f3cc4b7c2154011a379f6fa1a16f530','3ed21d4329d44d819f9c6d0e86579fbf','e6cd49b1a2d94e8f83e830f36a5c51e4',NULL,'1f3cc4b7c2154011a379f6fa1a16f530','3e412209c1d84a728f346d0e590498ad',NULL,0.00,0.00,0.00),('9bcfc02ed9ad4d989139b9110aa34f18','180048','CLAMP FINGER',1,330.00,0,'2018-08-13','2018-10-01','2018-10-01','日本工事番号:97834/97863','2019-03-13 00:27:41.613954','2019-03-13 00:27:41.614017','934b0f1c099b4c07a6df75c894659048','1f3cc4b7c2154011a379f6fa1a16f530','f47679821b8545a8a873fb451f6b162d','f47679821b8545a8a873fb451f6b162d',NULL,'1f3cc4b7c2154011a379f6fa1a16f530','3e412209c1d84a728f346d0e590498ad',NULL,0.00,0.00,0.00),('a2965cac5b5f4e8ca1159f808e294717','180069','AS25 BoltNut modification',1,18950.00,0,'2018-11-27',NULL,NULL,'日本工事番号:98070','2019-03-13 00:28:26.859883','2019-03-13 00:28:26.859968','934b0f1c099b4c07a6df75c894659048','1f3cc4b7c2154011a379f6fa1a16f530','130ef76db753428ba5125c82b58bce62','130ef76db753428ba5125c82b58bce62',NULL,'1f3cc4b7c2154011a379f6fa1a16f530','3e412209c1d84a728f346d0e590498ad',NULL,0.00,0.00,0.00),('a706ae5562ed485daff5cb9e990cc9e8','180061','AS27 Pad Assy Modification',1,8710.00,0,'2018-10-04','2018-11-20','2018-11-20','日本工事番号:98030','2019-03-13 00:28:17.900811','2019-03-13 00:28:17.900872','934b0f1c099b4c07a6df75c894659048','1f3cc4b7c2154011a379f6fa1a16f530','130ef76db753428ba5125c82b58bce62','130ef76db753428ba5125c82b58bce62',NULL,'1f3cc4b7c2154011a379f6fa1a16f530','3e412209c1d84a728f346d0e590498ad',NULL,0.00,0.00,0.00),('a92c18810e9243ebbc8aff7fb9014458','180052','AS27 Final Inspection Table',1,4810.00,0,'2018-08-29','2018-10-04','2018-10-01','日本工事番号:97948','2019-03-13 00:27:54.538763','2019-03-13 00:27:54.538827','934b0f1c099b4c07a6df75c894659048','1f3cc4b7c2154011a379f6fa1a16f530','130ef76db753428ba5125c82b58bce62','130ef76db753428ba5125c82b58bce62',NULL,'1f3cc4b7c2154011a379f6fa1a16f530','3e412209c1d84a728f346d0e590498ad',NULL,0.00,0.00,0.00),('af896135a08b471593cd2835748bb30a','180046','AS18 BRACKET ASSY RETOOL',0.0090909,77000.00,0,'2018-08-08','2018-08-08','2018-08-08','日本工事番号:97550','2019-03-13 00:27:37.510364','2019-03-13 00:27:37.510428','934b0f1c099b4c07a6df75c894659048','1f3cc4b7c2154011a379f6fa1a16f530','99c3ad7a8ee849898dc0860c63702b29','99c3ad7a8ee849898dc0860c63702b29',NULL,'1f3cc4b7c2154011a379f6fa1a16f530','d897d6292a83448b98a1d0c723b59e54',NULL,0.00,0.00,0.00),('b52f3599f0794e6bb43939126c0be091','180067','AS22 BoltNut modification',1,20000.00,0,'2018-11-27',NULL,NULL,'日本工事番号:98068','2019-03-13 00:28:24.335213','2019-03-13 00:28:24.335296','934b0f1c099b4c07a6df75c894659048','1f3cc4b7c2154011a379f6fa1a16f530','130ef76db753428ba5125c82b58bce62','130ef76db753428ba5125c82b58bce62',NULL,'1f3cc4b7c2154011a379f6fa1a16f530','3e412209c1d84a728f346d0e590498ad',NULL,0.00,0.00,0.00),('b6897e674d2342d281897f12e66e4b6c','180012','AS2 Relocate',0.0090909,1330000.00,0,'2017-12-07','2018-01-26','2018-01-26','日本工事番号:97371','2019-03-08 05:33:50.875072','2019-03-08 05:33:50.875135','934b0f1c099b4c07a6df75c894659048','1f3cc4b7c2154011a379f6fa1a16f530','99c3ad7a8ee849898dc0860c63702b29','130ef76db753428ba5125c82b58bce62',NULL,'1f3cc4b7c2154011a379f6fa1a16f530','d897d6292a83448b98a1d0c723b59e54',NULL,0.00,0.00,0.00),('bc39f566454c4a6caa14d8bb01218518','180037','Oil Pan Upper SV',1,450.00,0,'2018-06-16','2018-06-16','2018-06-16','N/A','2019-03-08 05:34:22.423510','2019-03-08 05:34:22.423640','934b0f1c099b4c07a6df75c894659048','1f3cc4b7c2154011a379f6fa1a16f530','03af4eba8a1440248e032cbd7735bdf5','03af4eba8a1440248e032cbd7735bdf5',NULL,'1f3cc4b7c2154011a379f6fa1a16f530','3e412209c1d84a728f346d0e590498ad',NULL,0.00,0.00,0.00),('c59cd8558f614f9590e03847c2628675','180005','Vallve Guide #3',1,17500.00,0,'2018-04-10','2018-05-10','2018-05-10','日本工事番号:97645','2019-03-08 05:31:18.404301','2019-03-08 05:31:18.404364','934b0f1c099b4c07a6df75c894659048','1f3cc4b7c2154011a379f6fa1a16f530','3ed21d4329d44d819f9c6d0e86579fbf','e6cd49b1a2d94e8f83e830f36a5c51e4',NULL,'1f3cc4b7c2154011a379f6fa1a16f530','3e412209c1d84a728f346d0e590498ad',NULL,0.00,0.00,0.00),('c96805bfa0c7458f9215df6e31cc13d0','180054','Leak tester adjustment',1,880.00,0,'2018-09-10','2018-09-09','2018-09-09','N/A','2019-03-13 00:27:59.669066','2019-03-13 00:27:59.669132','934b0f1c099b4c07a6df75c894659048','1f3cc4b7c2154011a379f6fa1a16f530','03af4eba8a1440248e032cbd7735bdf5','03af4eba8a1440248e032cbd7735bdf5',NULL,'1f3cc4b7c2154011a379f6fa1a16f530','3e412209c1d84a728f346d0e590498ad',NULL,0.00,0.00,0.00),('d0fd10cf1b3c4ed6ad09e5fda433dc4a','180007','Electromagnetic contactor',1,18.00,0,'2018-03-20','2018-03-13','2018-03-13','日本工事番号:97564','2019-03-08 05:31:20.540119','2019-03-08 05:31:20.540182','934b0f1c099b4c07a6df75c894659048','1f3cc4b7c2154011a379f6fa1a16f530','f47679821b8545a8a873fb451f6b162d','f47679821b8545a8a873fb451f6b162d',NULL,'1f3cc4b7c2154011a379f6fa1a16f530','3e412209c1d84a728f346d0e590498ad',NULL,0.00,0.00,0.00),('d423e6723e614529ab5049118fabe91a','180073','AS27 104510 OP220 Improvement',1,8270.00,0,'2018-11-14','2018-11-29','2018-11-29','日本工事番号:98100','2019-03-13 00:30:13.565649','2019-03-13 00:30:13.565709','934b0f1c099b4c07a6df75c894659048','1f3cc4b7c2154011a379f6fa1a16f530','130ef76db753428ba5125c82b58bce62','130ef76db753428ba5125c82b58bce62',NULL,'1f3cc4b7c2154011a379f6fa1a16f530','3e412209c1d84a728f346d0e590498ad',NULL,0.00,0.00,0.00),('d711231ece584526bf8b1fdd13bc991b','180016','AS3 After serive Final Assembly Machine',0.0090909,2300000.00,0,'2018-02-22','2018-02-22','2018-02-22','日本工事番号:96468','2019-03-08 05:33:56.378575','2019-03-08 05:33:56.378640','934b0f1c099b4c07a6df75c894659048','1f3cc4b7c2154011a379f6fa1a16f530','99c3ad7a8ee849898dc0860c63702b29','130ef76db753428ba5125c82b58bce62',NULL,'1f3cc4b7c2154011a379f6fa1a16f530','d897d6292a83448b98a1d0c723b59e54',NULL,0.00,0.00,0.00),('dba63c4c56724da4bb163eb0002b9601','180066','Upper Oil packing',1,2646.90,0,'2018-10-23','2018-11-15','2018-11-14','日本工事番号:98050','2019-03-13 00:28:23.272953','2019-03-13 00:28:23.273014','934b0f1c099b4c07a6df75c894659048','1f3cc4b7c2154011a379f6fa1a16f530','03af4eba8a1440248e032cbd7735bdf5','03af4eba8a1440248e032cbd7735bdf5',NULL,'1f3cc4b7c2154011a379f6fa1a16f530','3e412209c1d84a728f346d0e590498ad',NULL,0.00,0.00,0.00),('dd39ff871a284468929eb4e2cdb73629','180056','Traceability System',1,4570.00,0,'2018-09-20','2018-09-24','2018-10-10','N/A','2019-03-13 00:28:05.071356','2019-03-13 00:28:05.071429','934b0f1c099b4c07a6df75c894659048','1f3cc4b7c2154011a379f6fa1a16f530','3ed21d4329d44d819f9c6d0e86579fbf','68bfe991ded04e63b36544b44fc81bc1',NULL,'1f3cc4b7c2154011a379f6fa1a16f530','3e412209c1d84a728f346d0e590498ad',NULL,0.00,0.00,0.00),('df6750e7642947938448d95bc7b7d3b6','180062','PL6 Retool SV',0.0090909,280000.00,0,'2018-10-12','2018-09-28','2018-09-28','日本工事番号:97825','2019-03-13 00:28:19.092612','2019-03-13 00:28:19.092680','934b0f1c099b4c07a6df75c894659048','1f3cc4b7c2154011a379f6fa1a16f530','99c3ad7a8ee849898dc0860c63702b29','130ef76db753428ba5125c82b58bce62',NULL,'1f3cc4b7c2154011a379f6fa1a16f530','d897d6292a83448b98a1d0c723b59e54',NULL,0.00,0.00,0.00),('e13071b0ba3c40ce89d169454df3fb64','180051','Shaft',1,700.00,0,'2018-08-28','2018-10-01','2018-10-01','日本工事番号:97834/97863','2019-03-13 00:27:51.033635','2019-03-13 00:27:51.033851','934b0f1c099b4c07a6df75c894659048','1f3cc4b7c2154011a379f6fa1a16f530','f47679821b8545a8a873fb451f6b162d','f47679821b8545a8a873fb451f6b162d',NULL,'1f3cc4b7c2154011a379f6fa1a16f530','3e412209c1d84a728f346d0e590498ad',NULL,0.00,0.00,0.00),('e218633102914c379f3802fbf9b9a363','180045','#03ST&04ST Boots check program improvement',0.0090909,25000.00,0,'2018-08-03','2018-08-14','2018-08-14','日本工事番号:97900','2019-03-13 00:27:35.133564','2019-03-13 00:27:35.133626','934b0f1c099b4c07a6df75c894659048','1f3cc4b7c2154011a379f6fa1a16f530','99c3ad7a8ee849898dc0860c63702b29','130ef76db753428ba5125c82b58bce62',NULL,'1f3cc4b7c2154011a379f6fa1a16f530','d897d6292a83448b98a1d0c723b59e54',NULL,0.00,0.00,0.00),('e27352c33b6340729e85f0dacfca1792','180042','AS27 PC cover & oither missing parts',1,53500.00,0,'2018-07-18','2018-08-03','2018-08-03','','2019-03-08 05:34:28.326033','2019-03-12 23:45:15.289049','934b0f1c099b4c07a6df75c894659048','1f3cc4b7c2154011a379f6fa1a16f530','99c3ad7a8ee849898dc0860c63702b29','130ef76db753428ba5125c82b58bce62',NULL,'1f3cc4b7c2154011a379f6fa1a16f530','3e412209c1d84a728f346d0e590498ad',NULL,0.00,0.00,0.00),('e48954fadfd343758d3867f8c23d8ed7','180017','Software design',1,1540.00,0,'2018-01-18','2018-02-27','2018-02-27','N/A','2019-03-08 05:33:57.510472','2019-03-08 05:33:57.510610','934b0f1c099b4c07a6df75c894659048','1f3cc4b7c2154011a379f6fa1a16f530','6a4b37492b354fe6b9980a132f80baf9','6a4b37492b354fe6b9980a132f80baf9',NULL,'1f3cc4b7c2154011a379f6fa1a16f530','3e412209c1d84a728f346d0e590498ad',NULL,0.00,0.00,0.00),('e6fe81eff2a845ac9dfb6e282737343f','180026','Yoke Line Cap Check',1,2100.00,0,'2018-05-22','2018-05-27','2018-05-27','N/A','2019-03-08 05:34:08.084086','2019-03-08 05:34:08.084160','934b0f1c099b4c07a6df75c894659048','1f3cc4b7c2154011a379f6fa1a16f530','6a4b37492b354fe6b9980a132f80baf9','6a4b37492b354fe6b9980a132f80baf9',NULL,'1f3cc4b7c2154011a379f6fa1a16f530','3e412209c1d84a728f346d0e590498ad',NULL,0.00,0.00,0.00),('e83c9460dd0145d5a6837b958e1b2fab','180002','(170031) Housing & Shaft & Bolt',1,2398.00,0,'2018-01-23','2018-02-15','2018-02-15','日本工事番号:97564','2019-03-08 05:31:15.638051','2019-03-08 05:31:15.638115','934b0f1c099b4c07a6df75c894659048','1f3cc4b7c2154011a379f6fa1a16f530','f47679821b8545a8a873fb451f6b162d','f47679821b8545a8a873fb451f6b162d',NULL,'1f3cc4b7c2154011a379f6fa1a16f530','3e412209c1d84a728f346d0e590498ad',NULL,0.00,0.00,0.00),('eb9886069e7b4f6099879b260e710221','180033','Chain packing',1,6209.00,0,'2018-06-12','2018-06-26','2018-06-26','日本工事番号:97804','2019-03-08 05:34:17.086603','2019-03-08 05:34:17.086665','934b0f1c099b4c07a6df75c894659048','1f3cc4b7c2154011a379f6fa1a16f530','03af4eba8a1440248e032cbd7735bdf5','03af4eba8a1440248e032cbd7735bdf5',NULL,'1f3cc4b7c2154011a379f6fa1a16f530','3e412209c1d84a728f346d0e590498ad',NULL,0.00,0.00,0.00),('ee7a0a88442c469dad6195a477ecd6fb','180004','Chain packing',1,4279.00,0,'2018-03-15','2018-02-23','2018-02-23','日本工事番号:97639','2019-03-08 05:31:17.320697','2019-03-08 05:31:17.320761','934b0f1c099b4c07a6df75c894659048','1f3cc4b7c2154011a379f6fa1a16f530','03af4eba8a1440248e032cbd7735bdf5','03af4eba8a1440248e032cbd7735bdf5',NULL,'1f3cc4b7c2154011a379f6fa1a16f530','3e412209c1d84a728f346d0e590498ad',NULL,0.00,0.00,0.00),('f21fed8687b04728ac3f6ce7d31ccc1e','180034','Programing SV',1,5200.00,0,'2018-06-28','2018-06-13','2018-06-13','N/A','2019-03-08 05:34:18.495900','2019-03-08 05:34:18.495987','934b0f1c099b4c07a6df75c894659048','1f3cc4b7c2154011a379f6fa1a16f530','6a4b37492b354fe6b9980a132f80baf9','6a4b37492b354fe6b9980a132f80baf9',NULL,'1f3cc4b7c2154011a379f6fa1a16f530','3e412209c1d84a728f346d0e590498ad',NULL,0.00,0.00,0.00),('f7aa19db519443aa812383e119aee84f','180015','AS3 After serive Cylinder Assembly Machine',0.0090909,3000000.00,0,'2018-02-22','2018-02-22','2018-02-22','日本工事番号:96466','2019-03-08 05:33:54.879642','2019-03-08 05:33:54.879704','934b0f1c099b4c07a6df75c894659048','1f3cc4b7c2154011a379f6fa1a16f530','99c3ad7a8ee849898dc0860c63702b29','130ef76db753428ba5125c82b58bce62',NULL,'1f3cc4b7c2154011a379f6fa1a16f530','d897d6292a83448b98a1d0c723b59e54',NULL,0.00,0.00,0.00),('fa27334a0ffe4c9996337323ca1a424e','180039','Packing pipe sel',1,1743.50,0,'2018-07-20','2018-08-09','2018-08-08','日本工事番号:97880','2019-03-08 05:34:24.867861','2019-03-12 23:44:55.008136','934b0f1c099b4c07a6df75c894659048','1f3cc4b7c2154011a379f6fa1a16f530','03af4eba8a1440248e032cbd7735bdf5','03af4eba8a1440248e032cbd7735bdf5',NULL,'1f3cc4b7c2154011a379f6fa1a16f530','3e412209c1d84a728f346d0e590498ad',NULL,0.00,0.00,0.00),('fb420a1a21bb4c1cafa61e9676b55af1','180025','AS27 Improvement, followup',1,1220.00,0,'2018-05-14','2018-05-15','2018-05-15','N/A','2019-03-08 05:34:07.006614','2019-03-08 05:34:07.006677','934b0f1c099b4c07a6df75c894659048','1f3cc4b7c2154011a379f6fa1a16f530','130ef76db753428ba5125c82b58bce62','130ef76db753428ba5125c82b58bce62',NULL,'1f3cc4b7c2154011a379f6fa1a16f530','3e412209c1d84a728f346d0e590498ad',NULL,0.00,0.00,0.00),('fc0620029e2f4ed690156534dff58f77','180021','AS26 SV',0.0090909,1400000.00,0,'2018-01-29','2018-03-03','2018-03-03','日本工事番号:97494','2019-03-08 05:34:02.295665','2019-03-08 05:34:02.295737','934b0f1c099b4c07a6df75c894659048','1f3cc4b7c2154011a379f6fa1a16f530','99c3ad7a8ee849898dc0860c63702b29','130ef76db753428ba5125c82b58bce62',NULL,'1f3cc4b7c2154011a379f6fa1a16f530','d897d6292a83448b98a1d0c723b59e54',NULL,0.00,0.00,0.00),('fd8d74c047a14c0da104c29077b7c3f3','180064','AS22 Relocation & Retool',0.0090909,1470000.00,0,'2018-10-12','2018-10-30','2018-10-30','日本工事番号:97907','2019-03-13 00:28:21.049291','2019-03-13 00:28:21.049371','934b0f1c099b4c07a6df75c894659048','1f3cc4b7c2154011a379f6fa1a16f530','99c3ad7a8ee849898dc0860c63702b29','130ef76db753428ba5125c82b58bce62',NULL,'1f3cc4b7c2154011a379f6fa1a16f530','d897d6292a83448b98a1d0c723b59e54',NULL,0.00,0.00,0.00),('ff4ebce95afc46a590d67f482786cbcf','180020','AS26 Improvement',1,1760.00,0,'2018-02-26','2018-03-06','2018-02-27','N/A','2019-03-08 05:34:01.353101','2019-03-08 05:34:01.353184','934b0f1c099b4c07a6df75c894659048','1f3cc4b7c2154011a379f6fa1a16f530','130ef76db753428ba5125c82b58bce62','130ef76db753428ba5125c82b58bce62',NULL,'1f3cc4b7c2154011a379f6fa1a16f530','3e412209c1d84a728f346d0e590498ad',NULL,0.00,0.00,0.00),('ffdce372dd234d25bebffa59804fcede','180068','AS23 BoltNut modification',1,18250.00,0,'2018-11-27',NULL,NULL,'日本工事番号:98069','2019-03-13 00:28:25.804590','2019-03-13 00:28:25.804700','934b0f1c099b4c07a6df75c894659048','1f3cc4b7c2154011a379f6fa1a16f530','130ef76db753428ba5125c82b58bce62','130ef76db753428ba5125c82b58bce62',NULL,'1f3cc4b7c2154011a379f6fa1a16f530','3e412209c1d84a728f346d0e590498ad',NULL,0.00,0.00,0.00);
/*!40000 ALTER TABLE `job_order` ENABLE KEYS */;
UNLOCK TABLES;

--
-- Table structure for table `making_order`
--

DROP TABLE IF EXISTS `making_order`;
/*!40101 SET @saved_cs_client     = @@character_set_client */;
/*!40101 SET character_set_client = utf8 */;
CREATE TABLE `making_order` (
  `id` char(32) NOT NULL,
  `number` int(11) DEFAULT NULL,
  `name` varchar(255) NOT NULL,
  `standard` varchar(255) NOT NULL,
  `unit_number` varchar(255) NOT NULL,
  `drawing_number` varchar(255) NOT NULL,
  `material` varchar(255) NOT NULL,
  `surface_treatment` varchar(255) NOT NULL,
  `amount` decimal(17,2) NOT NULL,
  `rate` double NOT NULL,
  `unit_price` decimal(17,2) NOT NULL,
  `desired_delivery_date` date DEFAULT NULL,
  `is_printed` tinyint(1) NOT NULL,
  `created_at` datetime(6) NOT NULL,
  `modified_at` datetime(6) NOT NULL,
  `bill_of_material_id` char(32) DEFAULT NULL,
  `company_id` char(32) NOT NULL,
  `created_by_id` char(32) NOT NULL,
  `currency_id` char(32) NOT NULL,
  `manufacturer_id` char(32) DEFAULT NULL,
  `modified_by_id` char(32) NOT NULL,
  `unit_id` char(32) NOT NULL,
  `ordered_date` date DEFAULT NULL,
  `supplier_id` char(32) DEFAULT NULL,
  PRIMARY KEY (`id`),
  UNIQUE KEY `making_order_company_id_number_f6981430_uniq` (`company_id`,`number`),
  UNIQUE KEY `making_order_bill_of_material_id_70143615_uniq` (`bill_of_material_id`),
  KEY `making_order_created_by_id_66f698bf_fk_user_id` (`created_by_id`),
  KEY `making_order_currency_id_b84f82f9_fk_system_currency_id` (`currency_id`),
  KEY `making_order_manufacturer_id_1cd82025_fk_Partner_id` (`manufacturer_id`),
  KEY `making_order_modified_by_id_0c1be8ec_fk_user_id` (`modified_by_id`),
  KEY `making_order_unit_id_07fe629e_fk_system_unit_type_id` (`unit_id`),
  KEY `making_order_supplier_id_a4a5ecb9_fk_Partner_id` (`supplier_id`),
  CONSTRAINT `making_order_bill_of_material_id_70143615_fk_bill_of_material_id` FOREIGN KEY (`bill_of_material_id`) REFERENCES `bill_of_material` (`id`),
  CONSTRAINT `making_order_company_id_6aca5e4c_fk_user_company_id` FOREIGN KEY (`company_id`) REFERENCES `user_company` (`id`),
  CONSTRAINT `making_order_created_by_id_66f698bf_fk_user_id` FOREIGN KEY (`created_by_id`) REFERENCES `user` (`id`),
  CONSTRAINT `making_order_currency_id_b84f82f9_fk_system_currency_id` FOREIGN KEY (`currency_id`) REFERENCES `system_currency` (`id`),
  CONSTRAINT `making_order_manufacturer_id_1cd82025_fk_Partner_id` FOREIGN KEY (`manufacturer_id`) REFERENCES `Partner` (`id`),
  CONSTRAINT `making_order_modified_by_id_0c1be8ec_fk_user_id` FOREIGN KEY (`modified_by_id`) REFERENCES `user` (`id`),
  CONSTRAINT `making_order_supplier_id_a4a5ecb9_fk_Partner_id` FOREIGN KEY (`supplier_id`) REFERENCES `Partner` (`id`),
  CONSTRAINT `making_order_unit_id_07fe629e_fk_system_unit_type_id` FOREIGN KEY (`unit_id`) REFERENCES `system_unit_type` (`id`)
) ENGINE=InnoDB DEFAULT CHARSET=utf8;
/*!40101 SET character_set_client = @saved_cs_client */;

--
-- Dumping data for table `making_order`
--

LOCK TABLES `making_order` WRITE;
/*!40000 ALTER TABLE `making_order` DISABLE KEYS */;
INSERT INTO `making_order` VALUES ('32ceadd6207f409d98933f77eb6aaf60',1,'SERVO DRIVER MITSUBISHI','MR-J3-20A','','','','',1.00,0.0090909,53950.00,'2019-03-31',1,'2019-04-11 04:08:06.879404','2019-04-16 05:48:33.816869','6b20a19bd13d4bd9bd0eb551c39d9bb0','934b0f1c099b4c07a6df75c894659048','1f3cc4b7c2154011a379f6fa1a16f530','d897d6292a83448b98a1d0c723b59e54',NULL,'1f3cc4b7c2154011a379f6fa1a16f530','466f895b13b144d4b1be868bd6cc7674','2019-04-15','99c3ad7a8ee849898dc0860c63702b29'),('c928483c52b2411ab1e6205f5082b7ce',2,'Clamp','4474-P-562T1','','','','',11.00,0.0090909,2145.00,'2019-03-31',1,'2019-04-11 06:21:40.617007','2019-04-16 05:48:19.225388','e1b2de137bc54bbabf99ea2d2713ecf8','934b0f1c099b4c07a6df75c894659048','1f3cc4b7c2154011a379f6fa1a16f530','d897d6292a83448b98a1d0c723b59e54',NULL,'1f3cc4b7c2154011a379f6fa1a16f530','466f895b13b144d4b1be868bd6cc7674','2019-04-15','99c3ad7a8ee849898dc0860c63702b29'),('e695b37e71354c65beb5ae718bf174aa',3,'Bush','4474-P-564','','','','',4.00,0.0090909,2080.00,'2019-03-31',1,'2019-04-11 06:57:12.455726','2019-04-16 05:48:10.346584','5bef2ddf11e74ced96dd680c880fd302','934b0f1c099b4c07a6df75c894659048','1f3cc4b7c2154011a379f6fa1a16f530','d897d6292a83448b98a1d0c723b59e54',NULL,'1f3cc4b7c2154011a379f6fa1a16f530','466f895b13b144d4b1be868bd6cc7674','2019-04-15','99c3ad7a8ee849898dc0860c63702b29');
/*!40000 ALTER TABLE `making_order` ENABLE KEYS */;
UNLOCK TABLES;

--
-- Table structure for table `receiving_process`
--

DROP TABLE IF EXISTS `receiving_process`;
/*!40101 SET @saved_cs_client     = @@character_set_client */;
/*!40101 SET character_set_client = utf8 */;
CREATE TABLE `receiving_process` (
  `id` char(32) NOT NULL,
  `amount` decimal(17,2) NOT NULL,
  `rate` double NOT NULL,
  `unit_price` decimal(17,2) NOT NULL,
  `received_date` date DEFAULT NULL,
  `is_received` tinyint(1) NOT NULL,
  `created_at` datetime(6) NOT NULL,
  `modified_at` datetime(6) NOT NULL,
  `created_by_id` char(32) NOT NULL,
  `currency_id` char(32) NOT NULL,
  `modified_by_id` char(32) NOT NULL,
  `order_id` char(32) DEFAULT NULL,
  `unit_id` char(32) NOT NULL,
  PRIMARY KEY (`id`),
  UNIQUE KEY `order_id` (`order_id`),
  KEY `receiving_process_created_by_id_9ef4325d_fk_user_id` (`created_by_id`),
  KEY `receiving_process_currency_id_1dcde5d6_fk_system_currency_id` (`currency_id`),
  KEY `receiving_process_modified_by_id_d5d853ab_fk_user_id` (`modified_by_id`),
  KEY `receiving_process_unit_id_ef76009e_fk_system_unit_type_id` (`unit_id`),
  CONSTRAINT `receiving_process_created_by_id_9ef4325d_fk_user_id` FOREIGN KEY (`created_by_id`) REFERENCES `user` (`id`),
  CONSTRAINT `receiving_process_currency_id_1dcde5d6_fk_system_currency_id` FOREIGN KEY (`currency_id`) REFERENCES `system_currency` (`id`),
  CONSTRAINT `receiving_process_modified_by_id_d5d853ab_fk_user_id` FOREIGN KEY (`modified_by_id`) REFERENCES `user` (`id`),
  CONSTRAINT `receiving_process_order_id_e4b485a9_fk_making_order_id` FOREIGN KEY (`order_id`) REFERENCES `making_order` (`id`),
  CONSTRAINT `receiving_process_unit_id_ef76009e_fk_system_unit_type_id` FOREIGN KEY (`unit_id`) REFERENCES `system_unit_type` (`id`)
) ENGINE=InnoDB DEFAULT CHARSET=utf8;
/*!40101 SET character_set_client = @saved_cs_client */;

--
-- Dumping data for table `receiving_process`
--

LOCK TABLES `receiving_process` WRITE;
/*!40000 ALTER TABLE `receiving_process` DISABLE KEYS */;
INSERT INTO `receiving_process` VALUES ('7f71493a500c421a8cc3114d41794adf',1.00,0.0090909,0.00,NULL,0,'2019-04-16 03:08:22.777976','2019-04-16 03:08:22.778052','1f3cc4b7c2154011a379f6fa1a16f530','d897d6292a83448b98a1d0c723b59e54','1f3cc4b7c2154011a379f6fa1a16f530','c928483c52b2411ab1e6205f5082b7ce','466f895b13b144d4b1be868bd6cc7674'),('a52e512470814f8f88ddeeb043ab1c32',1.00,0.0090909,0.00,NULL,0,'2019-04-16 03:08:22.521577','2019-04-16 03:08:22.521666','1f3cc4b7c2154011a379f6fa1a16f530','d897d6292a83448b98a1d0c723b59e54','1f3cc4b7c2154011a379f6fa1a16f530','32ceadd6207f409d98933f77eb6aaf60','466f895b13b144d4b1be868bd6cc7674'),('fc9fc84c5764411fb98c04eb77f2b907',1.00,0.0090909,0.00,NULL,0,'2019-04-16 03:08:22.931618','2019-04-16 03:08:22.931707','1f3cc4b7c2154011a379f6fa1a16f530','d897d6292a83448b98a1d0c723b59e54','1f3cc4b7c2154011a379f6fa1a16f530','e695b37e71354c65beb5ae718bf174aa','466f895b13b144d4b1be868bd6cc7674');
/*!40000 ALTER TABLE `receiving_process` ENABLE KEYS */;
UNLOCK TABLES;

--
-- Table structure for table `staff`
--

DROP TABLE IF EXISTS `staff`;
/*!40101 SET @saved_cs_client     = @@character_set_client */;
/*!40101 SET character_set_client = utf8 */;
CREATE TABLE `staff` (
  `id` char(32) NOT NULL,
  `staff_number` int(11) NOT NULL,
  `full_name` varchar(150) NOT NULL,
  `ruby` varchar(150) NOT NULL,
  `mobile` varchar(15) NOT NULL,
  `email` varchar(254) NOT NULL,
  `postal_code` varchar(20) NOT NULL,
  `address` longtext NOT NULL,
  `date_birth` date DEFAULT NULL,
  `date_joined` date DEFAULT NULL,
  `date_left` date DEFAULT NULL,
  `is_login_user` tinyint(1) NOT NULL,
  `created_at` datetime(6) NOT NULL,
  `modified_at` datetime(6) NOT NULL,
  `company_id` char(32) NOT NULL,
  PRIMARY KEY (`id`),
  UNIQUE KEY `staff_company_id_staff_number_15568b66_uniq` (`company_id`,`staff_number`),
  CONSTRAINT `staff_company_id_e7f34beb_fk_user_company_id` FOREIGN KEY (`company_id`) REFERENCES `user_company` (`id`)
) ENGINE=InnoDB DEFAULT CHARSET=utf8;
/*!40101 SET character_set_client = @saved_cs_client */;

--
-- Dumping data for table `staff`
--

LOCK TABLES `staff` WRITE;
/*!40000 ALTER TABLE `staff` DISABLE KEYS */;
INSERT INTO `staff` VALUES ('000615fcecb94400974a6781b96eabc2',1,'Administrator','Administrator','','','','',NULL,NULL,NULL,1,'2018-09-03 12:00:01.000000','2018-09-03 12:00:01.000000','000615fcecb94400974a6781b96eabc0'),('29bdece743304b5b9916b2d1e81234a2',1,'Yuji Arai','Yuji Arai','','yuji@kyotoseiko.co.jp','','','1991-03-20','2018-01-16',NULL,1,'2019-03-08 04:05:09.606092','2019-03-08 04:05:09.606137','934b0f1c099b4c07a6df75c894659048'),('2c4fa0e627f34ab998c00201bb768902',12,'Teat User 12','test user 12','','','','',NULL,NULL,NULL,1,'2018-11-15 12:00:12.000000','2018-11-15 12:00:12.000000','000615fcecb94400974a6781b96eabc0'),('366cc779a7624a19bf5f9568f38bb20a',2,'山中学','Yamanaka Manabu','','myamanaka@kyotoseiko.co.jp','','','1972-07-08','2018-02-01',NULL,1,'2019-03-08 04:51:50.639993','2019-03-08 04:51:50.640032','934b0f1c099b4c07a6df75c894659048'),('4677abe6ac6d486fb678e565184689b8',4,'Cody B Myers','Cody B Myers','','cmyers@kyotoseiko.com','','','1993-09-22','2017-01-30',NULL,1,'2019-03-08 04:52:06.401723','2019-03-08 04:52:06.401772','934b0f1c099b4c07a6df75c894659048'),('4cee68deffd740878185fcaebc1cc4f2',5,'Maki K Powell','Maki K Powell','','powell@kyotoseiko.com','','','1973-01-10','2017-04-10',NULL,1,'2019-03-08 04:52:07.156549','2019-03-08 04:52:07.156594','934b0f1c099b4c07a6df75c894659048'),('591a693a2733434b80c74c14ee316bc3',5,'Teat User 4','test user 4','','','','',NULL,NULL,NULL,1,'2018-11-15 12:00:05.000000','2018-11-15 12:00:05.000000','000615fcecb94400974a6781b96eabc0'),('6e6277adf5fe4725a5e89be7f1c283b0',3,'Teat User 2','test user 2','','','','',NULL,NULL,NULL,1,'2018-11-15 12:00:03.000000','2018-11-15 12:00:03.000000','000615fcecb94400974a6781b96eabc0'),('70933bd9190541e88d16fca7562cbf71',10,'Teat User 10','test user 10','','','','',NULL,NULL,NULL,1,'2018-11-15 12:00:10.000000','2018-11-15 12:00:10.000000','000615fcecb94400974a6781b96eabc0'),('71f993da5e624f0d964035afb3aa23cb',2,'Teat User 1','test user 1','','','','',NULL,NULL,NULL,1,'2018-11-15 12:00:02.000000','2018-11-15 12:00:02.000000','000615fcecb94400974a6781b96eabc0'),('72105ba2828a461da3467e218f2f3d79',13,'Teat User 13','test user 13','','','','',NULL,NULL,NULL,1,'2018-11-15 12:00:13.000000','2018-11-15 12:00:13.000000','000615fcecb94400974a6781b96eabc0'),('735800a45ddb48b88fd516b0a0f802f9',7,'Teat User 6','test user 6','','','','',NULL,NULL,NULL,1,'2018-11-15 12:00:07.000000','2018-11-15 12:00:07.000000','000615fcecb94400974a6781b96eabc0'),('8f3a471916574e0e83269cee7b8982e8',8,'Teat User 7','test user 7','','','','',NULL,NULL,NULL,1,'2018-11-15 12:00:08.000000','2018-11-15 12:00:08.000000','000615fcecb94400974a6781b96eabc0'),('b87e38d2c3634d14b4da9775036302f1',3,'空閑知子','Kuga Tomoko','','tkuga@kyotoseiko.com','','','1958-05-03','2016-04-01',NULL,1,'2019-03-08 04:52:05.578239','2019-03-08 04:52:05.578289','934b0f1c099b4c07a6df75c894659048'),('ba25005b14d546d4b1020401809cb240',11,'Teat User 11','test user 11','','','','',NULL,NULL,NULL,1,'2018-11-15 12:00:11.000000','2018-11-15 12:00:11.000000','000615fcecb94400974a6781b96eabc0'),('c6444984cffd4e76b4c3ec8ed90a6f8f',6,'Shawn M Shaffner','Shawn M Shaffner','','shaffnershawn@yahoo.com','','','1978-10-06','2016-11-28','2017-03-09',1,'2019-03-08 04:52:08.259956','2019-03-08 04:52:08.260016','934b0f1c099b4c07a6df75c894659048'),('c9159ab11cff4b72952982fbcece0ed6',4,'Teat User 3','test user 3','','','','',NULL,NULL,NULL,1,'2018-11-15 12:00:04.000000','2018-11-15 12:00:04.000000','000615fcecb94400974a6781b96eabc0'),('db2c3ba1a9af43faaeb28ca278dae14a',6,'Teat User 5','test user 5','','','','',NULL,NULL,NULL,1,'2018-11-15 12:00:06.000000','2018-11-15 12:00:06.000000','000615fcecb94400974a6781b96eabc0'),('f2d5ccbe3fe74cc298d855fc1499a9fd',9,'Teat User 8','test user 8','','','','',NULL,NULL,NULL,1,'2018-11-15 12:00:09.000000','2018-11-15 12:00:09.000000','000615fcecb94400974a6781b96eabc0');
/*!40000 ALTER TABLE `staff` ENABLE KEYS */;
UNLOCK TABLES;

--
-- Table structure for table `system_country`
--

DROP TABLE IF EXISTS `system_country`;
/*!40101 SET @saved_cs_client     = @@character_set_client */;
/*!40101 SET character_set_client = utf8 */;
CREATE TABLE `system_country` (
  `id` char(32) NOT NULL,
  `name` varchar(50) NOT NULL,
  `code` varchar(2) NOT NULL,
  `created_at` datetime(6) NOT NULL,
  `modified_at` datetime(6) NOT NULL,
  PRIMARY KEY (`id`),
  UNIQUE KEY `name` (`name`),
  UNIQUE KEY `code` (`code`)
) ENGINE=InnoDB DEFAULT CHARSET=utf8;
/*!40101 SET character_set_client = @saved_cs_client */;

--
-- Dumping data for table `system_country`
--

LOCK TABLES `system_country` WRITE;
/*!40000 ALTER TABLE `system_country` DISABLE KEYS */;
INSERT INTO `system_country` VALUES ('103391e2d93449168a0bdcc1bb808b97','Japan','JP','2018-09-01 12:00:01.000000','2018-09-01 12:00:01.000000'),('7a3dfa9a8ee14db4b8a4bdd36fe47c69','United States of America','US','2018-09-01 12:00:02.000000','2018-09-01 12:00:02.000000'),('c03beed21cf34547b88896e44eb9ef72','Indonesia','ID','2018-09-01 12:00:03.000000','2018-09-01 12:00:03.000000');
/*!40000 ALTER TABLE `system_country` ENABLE KEYS */;
UNLOCK TABLES;

--
-- Table structure for table `system_currency`
--

DROP TABLE IF EXISTS `system_currency`;
/*!40101 SET @saved_cs_client     = @@character_set_client */;
/*!40101 SET character_set_client = utf8 */;
CREATE TABLE `system_currency` (
  `id` char(32) NOT NULL,
  `name` varchar(50) NOT NULL,
  `code` varchar(3) NOT NULL,
  `display` varchar(10) NOT NULL,
  `decimal_point` int(11) NOT NULL,
  `created_at` datetime(6) NOT NULL,
  `modified_at` datetime(6) NOT NULL,
  PRIMARY KEY (`id`),
  UNIQUE KEY `name` (`name`),
  UNIQUE KEY `code` (`code`),
  UNIQUE KEY `display` (`display`)
) ENGINE=InnoDB DEFAULT CHARSET=utf8;
/*!40101 SET character_set_client = @saved_cs_client */;

--
-- Dumping data for table `system_currency`
--

LOCK TABLES `system_currency` WRITE;
/*!40000 ALTER TABLE `system_currency` DISABLE KEYS */;
INSERT INTO `system_currency` VALUES ('3e412209c1d84a728f346d0e590498ad','United States Dollar','USD','$',2,'2018-09-01 12:00:05.000000','2018-09-01 12:00:05.000000'),('3fc80130b99340f08b1f79c081a70d2e','Rupiah','IDR','Rp',0,'2018-09-01 12:00:06.000000','2018-09-01 12:00:06.000000'),('d897d6292a83448b98a1d0c723b59e54','Japanese yen','JPY','¥',0,'2018-09-01 12:00:04.000000','2018-09-01 12:00:04.000000');
/*!40000 ALTER TABLE `system_currency` ENABLE KEYS */;
UNLOCK TABLES;

--
-- Table structure for table `system_expense_categories`
--

DROP TABLE IF EXISTS `system_expense_categories`;
/*!40101 SET @saved_cs_client     = @@character_set_client */;
/*!40101 SET character_set_client = utf8 */;
CREATE TABLE `system_expense_categories` (
  `id` char(32) NOT NULL,
  `category_number` int(11) NOT NULL,
  `category_name` varchar(150) NOT NULL,
  `is_processed_parts` tinyint(1) NOT NULL,
  `is_active` tinyint(1) NOT NULL,
  `created_at` datetime(6) NOT NULL,
  `modified_at` datetime(6) NOT NULL,
  PRIMARY KEY (`id`),
  UNIQUE KEY `category_number` (`category_number`)
) ENGINE=InnoDB DEFAULT CHARSET=utf8;
/*!40101 SET character_set_client = @saved_cs_client */;

--
-- Dumping data for table `system_expense_categories`
--

LOCK TABLES `system_expense_categories` WRITE;
/*!40000 ALTER TABLE `system_expense_categories` DISABLE KEYS */;
INSERT INTO `system_expense_categories` VALUES ('13efcd86fc164d0e8ae88cd5dca9fa4f',2,'Electrical Parts',0,1,'2019-03-14 23:31:24.666234','2019-03-14 23:31:24.666291'),('19d0566f4dbc4b4a93ab2ebf417c63d9',1,'Commercial Parts',0,1,'2019-03-14 23:31:10.926455','2019-03-14 23:31:10.926506'),('2035b69318344939a06ac9558e935ef5',3,'Processed Parts',1,1,'2019-03-14 23:31:38.928537','2019-03-15 02:20:48.554557');
/*!40000 ALTER TABLE `system_expense_categories` ENABLE KEYS */;
UNLOCK TABLES;

--
-- Table structure for table `system_failure_category`
--

DROP TABLE IF EXISTS `system_failure_category`;
/*!40101 SET @saved_cs_client     = @@character_set_client */;
/*!40101 SET character_set_client = utf8 */;
CREATE TABLE `system_failure_category` (
  `id` char(32) NOT NULL,
  `category_number` int(11) NOT NULL,
  `category_name` varchar(150) NOT NULL,
  `is_active` tinyint(1) NOT NULL,
  `created_at` datetime(6) NOT NULL,
  `modified_at` datetime(6) NOT NULL,
  PRIMARY KEY (`id`),
  UNIQUE KEY `category_number` (`category_number`)
) ENGINE=InnoDB DEFAULT CHARSET=utf8;
/*!40101 SET character_set_client = @saved_cs_client */;

--
-- Dumping data for table `system_failure_category`
--

LOCK TABLES `system_failure_category` WRITE;
/*!40000 ALTER TABLE `system_failure_category` DISABLE KEYS */;
INSERT INTO `system_failure_category` VALUES ('81742a0178024461af3685d434a9f8a3',0,'Other',1,'2019-03-15 22:04:23.485834','2019-03-15 22:04:23.485885'),('afa625f0e4d14b68a59e04b2c5f240e5',2,'Purchase',1,'2019-03-15 22:04:51.904357','2019-03-15 22:04:51.904416'),('fe6cd1b1bb5447b78294c0295e60fe8f',3,'Assemble',1,'2019-03-15 22:05:03.171724','2019-03-15 22:05:03.171778'),('ff47dd4b5a9140bdbe878c39f8f24e86',1,'Design',1,'2019-03-15 22:04:31.555061','2019-03-15 22:04:31.555118');
/*!40000 ALTER TABLE `system_failure_category` ENABLE KEYS */;
UNLOCK TABLES;

--
-- Table structure for table `system_unit_type`
--

DROP TABLE IF EXISTS `system_unit_type`;
/*!40101 SET @saved_cs_client     = @@character_set_client */;
/*!40101 SET character_set_client = utf8 */;
CREATE TABLE `system_unit_type` (
  `id` char(32) NOT NULL,
  `name` varchar(50) NOT NULL,
  `display` varchar(50) NOT NULL,
  `created_at` datetime(6) NOT NULL,
  `modified_at` datetime(6) NOT NULL,
  `number` int(11) NOT NULL,
  PRIMARY KEY (`id`),
  UNIQUE KEY `name` (`name`),
  UNIQUE KEY `display` (`display`),
  UNIQUE KEY `number` (`number`)
) ENGINE=InnoDB DEFAULT CHARSET=utf8;
/*!40101 SET character_set_client = @saved_cs_client */;

--
-- Dumping data for table `system_unit_type`
--

LOCK TABLES `system_unit_type` WRITE;
/*!40000 ALTER TABLE `system_unit_type` DISABLE KEYS */;
INSERT INTO `system_unit_type` VALUES ('261294ead5994cc0a8e728cd2e39b7e7','Liter','ℓ','2019-03-10 04:34:18.215768','2019-03-10 04:34:18.215820',5),('36364563fd7c4f20a37bce8f66da3b96','Box','box','2019-03-10 04:32:06.355457','2019-03-10 04:32:06.355526',2),('3f2463b939aa4c538c4842f76f257c43','Set','set','2019-03-10 04:32:15.711233','2019-03-10 04:32:15.711280',3),('466f895b13b144d4b1be868bd6cc7674','Quantity','qty','2019-03-10 04:23:24.030713','2019-03-10 04:23:24.030755',0),('8943d2a0c38b4c46b4170a5f94f1945f','Meter','m','2019-03-10 04:32:46.573820','2019-03-10 04:32:46.573867',4),('cb770cfdd1814cf7b850006ff960330a','Bag','bag','2019-03-10 04:30:30.721267','2019-03-10 04:30:30.721318',1),('e61ada6be4ea42ba8273da6680dc2acd','Kilogram','kg','2019-03-10 04:34:49.296699','2019-03-10 04:34:49.296740',6);
/*!40000 ALTER TABLE `system_unit_type` ENABLE KEYS */;
UNLOCK TABLES;

--
-- Table structure for table `user`
--

DROP TABLE IF EXISTS `user`;
/*!40101 SET @saved_cs_client     = @@character_set_client */;
/*!40101 SET character_set_client = utf8 */;
CREATE TABLE `user` (
  `password` varchar(128) NOT NULL,
  `last_login` datetime(6) DEFAULT NULL,
  `is_superuser` tinyint(1) NOT NULL,
  `id` char(32) NOT NULL,
  `username` varchar(20) NOT NULL,
  `is_staff` tinyint(1) NOT NULL,
  `is_active` tinyint(1) NOT NULL,
  `created_at` datetime(6) NOT NULL,
  `modified_at` datetime(6) NOT NULL,
  `staff_id` char(32) NOT NULL,
  PRIMARY KEY (`id`),
  UNIQUE KEY `username` (`username`),
  UNIQUE KEY `staff_id` (`staff_id`),
  CONSTRAINT `user_staff_id_397d4c24_fk_staff_id` FOREIGN KEY (`staff_id`) REFERENCES `staff` (`id`)
) ENGINE=InnoDB DEFAULT CHARSET=utf8;
/*!40101 SET character_set_client = @saved_cs_client */;

--
-- Dumping data for table `user`
--

LOCK TABLES `user` WRITE;
/*!40000 ALTER TABLE `user` DISABLE KEYS */;
INSERT INTO `user` VALUES ('pbkdf2_sha256$120000$JmWywVlVfweW$52tMALRhQ4V5ng/CDNWpnKjVUrGhrBWv3RHfsB9++WI=','2019-03-08 04:07:39.469217',1,'1ceeb8375ae443d5823be060d730bb6e','admin',1,1,'2019-03-08 03:58:24.081481','2019-03-08 03:58:24.088595','000615fcecb94400974a6781b96eabc2'),('pbkdf2_sha256$120000$PLFMQRcvHvkU$BV2Cr5P4rvP+jdr1JBgIYb2Yk+RFgK3hJS9zoRUvtQk=','2019-04-16 05:46:26.564934',1,'1f3cc4b7c2154011a379f6fa1a16f530','yujiksa',1,1,'2019-03-08 04:05:34.522932','2019-03-08 04:07:50.447211','29bdece743304b5b9916b2d1e81234a2');
/*!40000 ALTER TABLE `user` ENABLE KEYS */;
UNLOCK TABLES;

--
-- Table structure for table `user_company`
--

DROP TABLE IF EXISTS `user_company`;
/*!40101 SET @saved_cs_client     = @@character_set_client */;
/*!40101 SET character_set_client = utf8 */;
CREATE TABLE `user_company` (
  `id` char(32) NOT NULL,
  `name` varchar(255) NOT NULL,
  `postal_code` varchar(20) NOT NULL,
  `address` longtext NOT NULL,
  `phone` varchar(20) NOT NULL,
  `fax` varchar(20) NOT NULL,
  `created_at` datetime(6) NOT NULL,
  `modified_at` datetime(6) NOT NULL,
  `country_id` char(32) NOT NULL,
  `default_currency_id` char(32) NOT NULL,
  `logo_data` longtext,
  PRIMARY KEY (`id`),
  UNIQUE KEY `name` (`name`),
  KEY `user_company_default_currency_id_1c266bcb_fk_system_currency_id` (`default_currency_id`),
  KEY `user_company_country_id_f6790569_fk_system_country_id` (`country_id`),
  CONSTRAINT `user_company_country_id_f6790569_fk_system_country_id` FOREIGN KEY (`country_id`) REFERENCES `system_country` (`id`),
  CONSTRAINT `user_company_default_currency_id_1c266bcb_fk_system_currency_id` FOREIGN KEY (`default_currency_id`) REFERENCES `system_currency` (`id`)
) ENGINE=InnoDB DEFAULT CHARSET=utf8;
/*!40101 SET character_set_client = @saved_cs_client */;

--
-- Dumping data for table `user_company`
--

LOCK TABLES `user_company` WRITE;
/*!40000 ALTER TABLE `user_company` DISABLE KEYS */;
INSERT INTO `user_company` VALUES ('000615fcecb94400974a6781b96eabc0','Admin company','123-4567','Test, Admin, Address','1234-56-7890','','2018-09-03 12:00:01.000000','2018-09-03 12:00:01.000000','103391e2d93449168a0bdcc1bb808b97','d897d6292a83448b98a1d0c723b59e54',NULL),('934b0f1c099b4c07a6df75c894659048','Kyotoseiko America Inc.','45069','9824 Windisch Rd, West Chester, Ohio','(+1) 513-847-4070','(+1) 513-847-4334','2018-11-26 14:43:23.521196','2019-04-15 03:16:43.576544','7a3dfa9a8ee14db4b8a4bdd36fe47c69','3e412209c1d84a728f346d0e590498ad','data:image/png;base64,iVBORw0KGgoAAAANSUhEUgAAAP4AAACzCAIAAAAmMja0AAAABGdBTUEAALGPC/xhBQAAACBjSFJNAAB6JgAAgIQAAPoAAACA6AAAdTAAAOpgAAA6mAAAF3CculE8AAAACXBIWXMAABcSAAAXEgFnn9JSAAABWWlUWHRYTUw6Y29tLmFkb2JlLnhtcAAAAAAAPHg6eG1wbWV0YSB4bWxuczp4PSJhZG9iZTpuczptZXRhLyIgeDp4bXB0az0iWE1QIENvcmUgNS40LjAiPgogICA8cmRmOlJERiB4bWxuczpyZGY9Imh0dHA6Ly93d3cudzMub3JnLzE5OTkvMDIvMjItcmRmLXN5bnRheC1ucyMiPgogICAgICA8cmRmOkRlc2NyaXB0aW9uIHJkZjphYm91dD0iIgogICAgICAgICAgICB4bWxuczp0aWZmPSJodHRwOi8vbnMuYWRvYmUuY29tL3RpZmYvMS4wLyI+CiAgICAgICAgIDx0aWZmOk9yaWVudGF0aW9uPjE8L3RpZmY6T3JpZW50YXRpb24+CiAgICAgIDwvcmRmOkRlc2NyaXB0aW9uPgogICA8L3JkZjpSREY+CjwveDp4bXBtZXRhPgpMwidZAABAAElEQVR4Aey9B7xuaV3fu9+y+9mnz5xpzAwzwxQGjIj0IBgkGBMLVz+ohCQaW7o3logXBYzGxELINUaMFcTeYgEURdDIBRFDLwNMnzkzZ2ZOL7u89X5/v9+znnftPQORXMr+fG6es87az/N//v3/f8pa73rX25lOp3P/u/xvD/z/zwP98+c2z53d+N8DoAl9JoJOp9OdTCdz0+nCYv/wRfs6HfU/9NCZwdaoM9edm/vszhdoUxXozHXmxuPhZZcf7vVQbPeWzc2trc3R+XODTmcyh9L/k4KBFadd/3hkfx2cSjslwP03/9H7fv+33zkajSu4VLqd6WRahQfY6QoAvDYjsA2hawJhC7NrVpUEk6YTjJ8DZ0beEicg5I2UdrPNlroEhe/Dzw3Dj0c+Zw0hL9pa3LQz6XYxcGFpfnF948JwvHnDzZe/5OVf2+8rq376Va//yIfu707X5uaGc3N4rMuS2cWcRgnSsEwiqs1N1NP0PVxDQ6Se/ht/TiERGAgndQA3RAhixnDsTHtznYGRup3OfK83d+yh23/mtd995MgBke3W8qEP3P7hD9z3ht/+8MLyCNd9YjU7XeVI8Z5mIfzyiTy5Df8Ts6a3S5Q7fQI/HI1IoZ4dbarOeDrXmyglHIgpao4TADpcQFbklS5CVlHQO25Me5qHBKNChDIw4ACV68bqTGWRgyvUhjP4bXIiTecEbuCrFmGigDgt4Tf6A5nO2RaPCurCMfO2dOk/KVmqUTZG1ekYm1CQhB2N7n/wzNqh7vU3XfGUp92cvP+Bl//EHbdemE76k7kho2M8nfa68B2PENgoRXi6HaDwkYbuASKzUYpzRx2o16NTaA1lb66fUUK3Tbb7GrZhxbkrNRGCRIi7C71+rz83mtv83n/7jfv37xHaLi5v+P13fORD980vH7Dy1XRp3JPTNBvO6riqNllomyL3dXAfCwfhKw6CnBQGibU6fICEYqRBg9dnrlTXuDceT/vBYKkkjORQyRWyoaMmARbCTHTQZxB6QKMQKyqucmokOdQ0iiJNUwRBzSRXEdyRdA9P9I7iMEEEOUcmzYaJmYSVk0WpF1gcST3q0YyBkmBWUrEht6VNExd0Onv37zl9+s5LL7/+yU+9FnOYgTbP75uMyWC68dvYXoYFSVyMRbD5QU2WF7n0eQyS/XQ2ykkFSmmCXJ1vh3f6nR4Kt+JldG0UovGEePWmvfFkcu7MuTPnjz72cVcuLJRQGnXXnX7rV//koWPn+93FxYXp1sDzaMkJmTnpaNLBHZinGSFW2ogxYXcqxgUj5TshAF1xAujTOGGYaN7w1Dkd99xhvClrdhwrJsiiTOeKv5gBEex5kKmbdVxuL3nvqda7A5M0cxyaI1nzTxJXcNVrMYkAoGV69pQMwLKMZzmqJVMjxWwFtC8Ky5JXmcXVJZ7OHRCE47ospaG8EQOK1cvoKbSxNEOqYNn8Lr6cTLSTWVzujYaDL/mKpz/1aTcfPLhnMBj92i+++fTJwXTi6V67HYwCX4MExawJ+ohbgAqON4bbcXCsPUGnFE7wIWPAhpywsRYKSbxcHBfZC0tQxVD2LWjumxtectnaFz/pi/bsWWrQd+Pf8Wj64Q/efuE8l5SdrdEw1iXWMtOh4GS7Mc3e2WkHblHKJg3s6oJGwJM8jceA41j2LOZduCk7tFIqFQNnvXS0tB7LsZDRUZjQTBscYs6ZYjFlbzRDFU0BFo2EW0hcE9j89Rc1+NMUdUV7KulqutsShN7AU5U5wBokzSVVve2YRTRAqydLq0Um77DhAKid1dxovtfleuyrXvCcw4f3j8bj4w+e+ZXX/vHhQ1djIljmUBiZnbnK+niAoSW1srmR0gbLP5CnXZi4JQiO1pZInmlwAIqjFHdcChONbCdJr9udn+ttXfaog1//DV9uHrv0xDi+/+iJ06fOD7eG43FvMu70+vPFh8oELIxLsSz+yXlmTpDjrNacIMDMg8VdFVaYBN9owRcchji2zPp2PVNL6dYGQFuFspkmxepm2unW7MusXjSDAy0vBWVDQhbSFNSsOJcLhlweaG+t2Y6COiEPsjQzN7YBzWQvZRpyr2gwFwRqoUZ/85GCuurItUGjQBhmmkWx0ivpnVGRzqLZHU37g0Hn/FxvY3BBd3g6c/fe/eDP/Nc3HLn0yGgLOaCatWeaaAsL6WZ9bI3Mhz+9WAeESiQKXxjyXhZoICaRZ6IhvRhALzhGL9zShC9L8nB9qz/f7y9Nz547fvyhTSPu3tP6+ua/+Gffv3/1UdPJapfLnLl+p7PVGKgFM4Y7uP2kC1Zus8fpaq94PqcvARZcLmm4yZmEmKs4rqbqngUEL7WiqvjUlPoQwIqK/SvXU2Cns+ryfivzAhcXBUy7F0EImYYKf32dahAIhF84TdYiq8EHw/kt/hYXHPiKtQuMnT0i54A/jmLrvEMf0KKtpmwNc2GCH5+SfsGnk4rNFXePbVVCznlrc7q4sLK8MHfv/e95za9//+HDumGytTU+dvTs5kZ3OhrML/XQh1s6SBhPu31NDVLJrGY2QlWDAfvidw9FpFBkjnybjU1g7mhOIFC18+2NTIvpnXb6y8tAT5y+7flf9ewXfO0XYXPGejWtYfPZ/7uxPrj1ow9etO+a4XieyBCR+f5ghDmE0mHGTnwVex15eyN9jfo9FuNpF3cBaDwDRJd17P3oko99EwQM5YDQyH5aIdGMp2bh0AWHu4N9MSCezvokPXiZYzJHQi8R+LWZTs2ak2ID7yDTS2KFQ62USw3h1kCSiBoxrSL+MGmAjVdEgrIaTpXtzDsNQ/iAEB2Mb3NNEmAEUcef1kcKAISnK1IlvUvL/eFos9+be9HXf+mBA3u5//UHr3vrG37vL+bnl5eXuJ/TG463WAomvqfpcTUbxh5d9oZ4lwJbPIRQepHJFgiXIg+/tXVDE81VGrTF1SDQNE4hzzCAb7fbXVhc3dw8/Xe/9Jmf+4QblpYXASZAjdhd9Pe+ow+99udfNxzrur/TGeG0EW7gvmKjM4bHFZiAr0DAcFtUrIhnyNrkNBUHDnoSQ6i9rkhYDAtBJn7uHNS2SZo7Qp3g0wlnFc3cxAMFPf/TUqgabhmhnD3OFE5he6zlosF0AjKcOajIVKziT1NcL830Rorrmtbgn1L0MXkIApd02M+KJl0OlygceZ5NBRWQP146tP545Ew0c2NDcL0KUe13WQA7G5tnNwcnvuALP48bmusXth46tn7svvURt6FFqcmKa9NioHin8FeBZSBZljTUOm7nWl0hatTZpXRF50KNVF0QgwOGL0CELp3Nr/rQlmr9nIy3xoPx2Sc+6cYrr76kMtmFlXvuvv/d77rl/mNnyHWM7nJLUukmyxq3yHWuy9hEk2672F6QW5R1kDn4qsTJzgSanvDVKPjhAwcQ5VqFTB52tBAvfPoo/Qg0c5qiaP54eUhbZzGimwyoMMeXVpGTWtMtXOoiM4GR01kA+dOiqgDpCl2lDY8KND+dzG5GVfEbxYKIc4VYNZcj1BShu0TX73ZH48nC4mTvgf6VV11M19F7j29tdlZXD28NnPsTxkzjpzDedoanAtDI2nYZ3QjSX6lSSqmiR+7n2ZKYYwWFNsM3tma3wXBj/6H5qx59ZP+BXX0v/67b73vfuz62uLjaHXfH5J+cx/zK3zqp2sLijWKsfVhAcZBdCq1acQKQdNk/bVfLe3TVexhmVEZXmNbcKJe52kLxIaH9TB+qUW92YCEp54gMJiCapJQWaCrehdPUwPWuq9FPtA2JFqz0cvY6rv0A0v3xK4jSvtnSeYI0JPpgc5Z+EIAkE3FDeiG0S8pe37ykTBh6iyJeSPOCq5nA+ot8OBx1+sMXvPA5X/5/PB34cDj8of/wmo0zC3uWDm+MzyAUEi2sRWfx3FGkTwsUE+INwFaYv8UlNDnsKPkZ3bzcFucEz9OVhMY6Dazp3Gg87fXP/Mgrv3NldVff0Dx/buO++07fe/eZ6XhtwAecvZpyDq4zrboLA3Gvw6Gtb67cHGvnhpMHeHLDm6JMQnJmnOO+sjmkXr2dWMPQ3qMlmZAgq6Q+bSYsBYAcLB8KJIHUk2yDgDr5mgL3piqrpG6ZoaRudlp9oYiKYm0kGxn0hpuSvslmY21r0stEywiuskDntgscYrAVk/QglGYjC+AOfElrihTAux4GUqMzetazbr7xpkfRPxgMf/0X37LU2b/ZXT+z8eDC/BIyMdyjqAQjbBwPjfmYY+BscDaiyl9LSQiq60qXLvVU3eac0jczB6t7Syvzj//8S/kYt/buzspLvvtHjt27Ph3v3bPaW+z1BlPGLIsnjlrQp1TyGIoTSc0pGKOatxV0JT0ID5uT5J6TR4bG4YXSeUw9yQC+00loTWnWl5KZAidSzDrlMleXIXYxOmQqzdhqBBea5CIJY1WSkRoxwMPRsqVuctHNEuboV4cyNpBMljUjl5jmhkw4GNI+KTkoUaB2RDpN1itckGbOmXfDLeYw1uY6fCw15TZzr9vfs2dlMt24+66P/I3Pfd41110K/wsXBm9+4/unc0v9Hk/IDH0XtSa3/EOuozyysJ1WbgojvR0t21sVVAXpXmY03naUqGdWWV5wmmYih4NdcG9pcc9DJx46e/bk/oOLL/q6f7CbP7vlw6R77z5x4fQS9zEXl1dHk8FYn97pYRFZzcWuQ58kpq7lzqnpVa74pon+jmwuqQWVQynkZALebjsfYE3F4HCu/E3SzPpEkQ7PauA4gRQnVdAt1xnqaErFVIgUchUzoUUp2wxGrZNDXREBOsAwBJJhFnLIDBcCXWmmirjqKRiCoO6mBDmtiKMufCWaFABdHKwDAKmry1UKwegONjYnnfPcKLziyovn5/sXLmz8zm//yYBnQiaT3ny3Nz/Pch3yRoQYRAUtnDa/QYhpAiKuMVPeqEqq75FKZgF7LAqWOc2b5O65C+u9/uS66y99zA2X7d278kgMdguMreMb/+Bt0xEfPfSxwftYIl28obtq8YYzBbckBwhGDIij8Fh1MnWX4lUQPe9sc3UQcLizS6228+1/yMWoBoIH5HxpbSji6PQYlCIcEq9K8sX8fbJisyY1Y4q1qzMS86ETBHimot4G0lgswhmV3OMm50oojIdpAhYI9QCj6mYmkl85WElNM7oNzO1Kbjrozv3G+vppPru9+MjBra3hAw+ceN3v/nmn3xtsDSYjuC2EvBEhJSht5q4Hsk26bQdXhke0ST/eqTgn3R7sgoTJhQsX+vOTmz/n6uc+7ykfj343wJnyz59f/9M/+asRd+J789ZfVqSioDrV296TL1U4qxI/4zEjq8P14CiUoOzwZ0iMKXLRFKrSBD9AzhVhttfPEgMSw7TuWMoOoVlWKn0qXmXgZXyNs0yFEh5udVXy6s8aFLW8GDXIKFOl7OBf90sNtxhQ8BtuhSgbjDwrRp2JIcsof72Nbnjjve641+VRNBKfTeek0xt0+xt8XMVC8K6/uuXP/+x9Fx149NkzF1b2kvTj4WjIHf0qCw2iRMTJwy4gAHF1tkZbf8Ho9QaSZdq3I4xZeZoqF1Fa/FmvzLxwVu90ssaubO6hSy5dfdzfuCr4u/PMQ/lvftM796xewUeBeeoGPWNOkoFzDFeASGLbG0jLsTVVHiEVdxhefUVOs6QklwwEUT6EOU0JUnoWrzLjz1I/HOlsX0dWMVWA1wvRA+FMrWGm6LpeYh/x2lc016lA0K+sOFLm45Yw/zjds9yKN4NGfssy1iwnZwy2uNnQMj72Dcc86ttdGI+WB1vT+cXeT7/6B1ZWVtDnrjse/Iu33rK6fOny4up0OiQfZWRjLKkMTntQRXS0TfzQItFtTJC2pW7v6+mIpsSZDye3xMhmizzqdRY3B4Nv+7/+0eM/98qGdNf9zd5v/fzW637znYNxny888FQY8ajj3xq3vNGyAA+A1k4VOj0LF/Ig1FxrkZbMbpxf+Dv6wqrSPSvPPE/X7DK3lSuh0VgJZTuWRMsJUMauB64zusxk0JZUi3jtpxzsBFisGwRq5l8UaiEU5u3MNrJGUbPza/KpuSwWY1h7PGaab9yRnorfHU/4BHSRCXhreu6SR609/yufubpHu+ef/C+/9T/eccd8d68vMHra4bMk6BFwki9DoLDij+dmXCGBOwTNkFQrQxz86n07dlsY2hzAZHT5k+Zw6o07WwePTPbum19c3DlVbZf12Wwxxb3lzX/5pjf+5cLC6niLZ9UGuofQ6zmIcpFjPZsXMJNULvOg3ZuJAGi8TZo16bfN+bks3pEbkIBfuM3cUMTNAJocGaRyfnGlhqdCkwirB2k0/VeEmUrNIr3tyGWyD5pRfGpISq+5iW0KlYbFNgR6o0nIjV90q4TB4RyeFT8MI6JFHqGNNNizOk31wfd0cn51ZeWGmx6FM4bD6YkHL0yG/QMH9vBY/mi0Qfox0KxnWEZ+OSPawbMWDaxRoMgCJ5SS5cyPVkY340IoJtAYrYL46B0YHHh2Yv15X/IFfE9SeMQNf+y+ws2Ak8fX777z5GS4h8fU+kyqvvOV6OzQ14GTubGk3bTTBKY7CO4tgIpvtgCVG+4rrk696S05Zlb0hGf5W1KfudlTu6Aw06yjiUdpYnx9+NJUVGvmJHB1m88SxL9OyU1dN1KoQ2sScQsAbBqp64EwiwtmHnoxoS7CARpS9Re3CGr3ahpo7eekmTMPHHlTfCSF+ZrU6Xf6g/HW5Vfsv+a6iy+57DC97333HWdOD7v9paXVFX2HlEiKhv/6XogL5NHBlXCUAWEru/jH0Tgnm0uRSrb6CiYQqmEQzkxFCEFPtBUbMdUzKtTm+X7H8vxzv/gpy8sLLRLT7Y4TWmHaR285evftp9bPYdp4ZYkPHrpoPx5PiIsn4xo+bCKsUKgSn4DgtuzFe+3JmzSo/gQ/XCAnJZBLs8mE+EL97tWy7KK5Ayj8+QN/jni/pL6Xj4Lb/mN4XXeS8aINPmMDps2q1KYr9Sbdhc/hseS9cnbM5Vz4N2xLE2TMS7aI0AMSrUmOSG/kCX87RD1YHlMhoRLpnJVzXOZye3lz42v/wfMf+/ircODW5uAHX/5aPnJfWFrcOvWQNcHMDEl5k4KU+C3iwlBOdYkC9kYDKj0z3fCGt7PqyHyRYbldf2mr6xYebGfe7M6tLPaf/Ddv9lfOG3c0nHfJX9QixX/mJ19/520n1tYOjTtDbpzxDTKyLG5Bz6ZSgoXJnk9moS/TywwzE4Hc3tDKXJyrnG58nKY/L1AvBWRIKOHvJ9JVr6noOk8BdpT6DTtMUCg5slem2VRCrKSvRV2zRaaQ1F4qKKQ809AsjyVn4KGE9JuhejBaV49UMQWTfuFodEkxuCmb1RI81oo//xqFqTAH5PIQHDORBhEnPDhAMO6N5jauunbvgYN7lpYWz545/6of/9XllT2drud3Zil5SkLF0FRwo4H9UCOCXjaX1Towg08vwJCYTlRws7u3e88cPGNFL/GUes2quDi/vLi4PBiun9148Ktf+E0LC7pRuGvLh95/977VtYP7hnzLm5v5CpwL6a+UKrHjbxM+P7mAR+XVWXDtYXvGsRa+U1neBgKu1wdxbBAElTgHq7i4SePqTEfHvnVkRZPH11ghiIF4yftlL5HuLD2EM4EBCCbZRDMRo06OtFeoEHKO/Yku+DS991M2pNRcoIJ0cLCzWksttOCjWLhRRyLwqk9VGAhwBlquqpHlG534TlMLTSco6FqAb7vrr/7tj7ziyCWHCMz5c6N3vPXuldWDXX/PPgMRRTioZwpp6wxczKWVBqU8YP1DEtNsi8IGCs5B+Vy6Ua8X/VEYlJYtUCtuIPMwRa83uvYxF3/DP3nh4uKuznuU/vEf+8WtcyvTuXkujpiV+CZnt6vviVNNsLwnUhsPZE5JL4+64NvqChE02elYiySljY/zadb0CAKMcR2uVrCo6g+y3DS+OSh2xm8eZDCeZNHNkU5jmL7UBEaAW4q3a2xSw0y96TNaaYmprgeiiUkLE48zUzTqGbdAhAk3DVxXwUl3WLhZpBlNNjK54hSXKMMZKrHPhoHvNVDme3Nf/cK/d9HFB/js9qEHT/3xH719Xl9C4UtakBZxkmxNXFGPOJYie30EOXjBr0bF3miorpbf1GVskIOQsx4pV03rRm/aHW1s8k2xNa5u0VlDbFeWjY2t//6Wd29scEWEk5R8WIquUZdzLLVZMkA+bjnTvQZtOwEuHFQTvuKbSqV2l+Sky70hnCkAMCX6UA9DmrPLXJxbRsoslQUzpQUgwS1ODoQvcKUhR2JTU0F3P8LNvtAOTJBiTpYt8WCzK/6ZOzUdi7cl6iT8MpXDP2ApCdL2qx8YFgR53vyMo4baKUjRAjVcXOp83Td+5cJ8/9y59Ttuv/9Nf/iXe1b2c/HL11CkiBQXt6KbuBGwapGUp2hMSqWYjJ66jmeEs0H3xObhUVSV30KVvb5dwXQYkywzGsKUd6FwgcjsNRpeeuWeI5ettfwRpF10xr719a3f+a23LsyvzfGalrFWw/gtA0AO0sQvr2ZW8lSdpW8WGaPFG7KuOEbVhE8Xvt4RsD7UQMurCYWfkpSIENrr5I06WWPVIdziyCQhwPK8PnxzPUFHlvhAEpZAGK+sJtBwUABmExL14J38pj9hDgcHW0qIXGLLDkTRBdXKAgdZPHWaFWzAU+pBPXPQ+A5mQ0JfJReiGcrQRlsvuHODrSFb+ZXlpc7SdG3/xp61eXZGH3jvRz/4/rs3z3f7e7uT4ain90yZMhZaGIGM5jBk7yS2QfGeniqH7PUlXTOL29NSAXxjq64Sz1CJcwyjzmokiFB5uKK3ONja3NrY/Lp//AKeXADmWAZ3d515c9mpk+ceun997/79XJdjHd7yDhOVST0MymZd1uHGWpwtcg4YGRJtG9uYIkk4TAyfMoRMCLljktTKFkj49qfIkgmVqog0zzLrZ29qptKVQqrB11eTJdsELcETRq48nMzu4LtnfG20oc3WViKbzTcQjmqqaYpm1JP0SfTklhZPsG13dsOoR3pk2gj/gmle23fMUQ8OfIAlnXiKcDQ6f8tHPvbYx131Q//pOwXpdHnz3Ec/fGz/gcu3hhvzfZjp8gCLYB5uiMulgvGlTpJbCB4DNdeZcRr1Euy4yJrFOk9Czm77SApUA3mVGnrO80KpPv+7cxubm1/1omdfctmh0LfWhcJwl/y55cN3fO93/cSRQzdtDDZzCxj/jTXVNjcMmOA0qndcz5TkwQeMFvyQaLaN2hFNcPAa3oZbsxMROsDc8KBOT7mD4gvlcCNbMlTS5JzYcf+p3tyUcqwRphdaruQqQVTxqFA+0gy+JTqjw7RJ1uBU/JZtCnhGV8Nc9jBJqKlT6YVTVRpy6s1kIPwWw5JqrUwKY+RoyvZuhcdn+Ziq84Qn3njTY69M97/7vh/7yEe2NjcXJsPh4r7hZHM415n37UzZEP5tb9r1IdUZZZhvpDga29dxEWDU21HgpqlEapvIDmzhzPNqDO+UJluDzfPjjeHwzNP+5g0HDq7KvXZKC3m3VF//+2+55UP3Htp39SYvhZjmUUC9/YZ7Clw2+QEe+YZY4xl5wG5JExscb9mi0Ls3G4Qgg4/zs0i6HvzCTS8EsGsgr/ji5WJZYV8mSsBipwXChNoZNc/wCD7zcklDIMBLiKXrtpDSLOyLRP0xRGgmzBm08BFCZUFFigim4utgyaqQtjhzC5MiFJIAm4qYtKVrn4JTdWcIL/Unoy4Poj35aTc99nFXg0mI7jt6YTzq9+f55GVE72SOuygZkkXbtgJhHqMCt/KzmRwEF0EqofFjpdxr9aK2cMJNVLofyMBDKybL+bWV+Wf+vSccOsT34pvBHt677Hz7x+6989b753sHxuOtsubpTgN2cckkq2JvtN4erBrkEjJ6q3/iPSAVKY6qTTvUp8YhQYjEhhVq1LIzTBBzzC5zs0ULOlOlZ1YmMHFIRjSXZUHJeIoGVQrjSvUsTFQ868qq8ElyZvBFxUoZieArpV0iNHVGf9STg5CpkilBDc8NOF2TR4j54zubLIY8dqyXAAyHc1ddc+nTnnHT1ddcyn1DXga2fmGemUoKd7ik5IEF8kyTChybyaZIsjidrF4zPtK0MY3O1t6qGiLvoQ+m8UfmtD6YpGmfRAS6D1lAeEAaFdj0fOULnrO0vKtvaN5x+9F77j750EPre5YP8GArHotz+B4EM43NVyibnMmNZozVQlwTQIgKqEJJJEylGxhAEwIjFM6pJ74E10wsqlkcCB2k8Me3MEnKiRe6WYo56GZjdtd1w5Nc15wUG8BL9kehNE2skwJpBP4SWvIle98dehtN2lZ86soHZ4OybHsJ2nZYaVkZ6qIBra6eNNMVbUmgEPixM0zWXgKHDyYnvu07v+3iSw4w399///GXvPg/r65ctbIgh4/0xTl9dcWJGmqdYYiabZXadbyunLa4wDnbezv1KQqJIf0I1HUzBXxcDchf2FtimLJRGI3PnT5zenll1+a9rCF7f/5nfufsyd7q4uH19TM8pRkPkK8xlmQwpASYemJku1V3Agg3XYHPetvtwspUcRq9+TDYg0TcXPiLh6OJxSG99FmK067hRrhnl7mQb9ut+qkS851lqPkWdtljKXKWR+Qw2EEFVrSBnMFAsINcoNkNe4ZOEmQUbut1A3Ekhy6amuskWLfng2p2+M/EoQzPZTKj4wod40ddtcbeBq6333bff/zR3ziw/6rO3Cpf8mZ+idzob+YSF2C1jmbjHDk3dQxTtj9SCQL60M0IqfrTFs+GhC6+uce3Zbpza8Nhbzhdv+FxV3zv97246d+Nf8kgXrd7/NjiubNbPKO2vIevPkhPzMBYDi2kvhRsa19dGiD+cd7CDALhV+SKWWPdeF4oBEjOjDgTx7ecjU82Cs3AVHSOOE9tIEgWq0+d9ZWdwtLS4LVfYgrEGe9Oy0YGDbgbJHxKMqgRXJKj5q4x7ZS6KTHIVIUDLjN5hFbt1YxuPhf1KjCcYz/1krtzvCecOyZLvECE24TT6Ynvedl37du/xpS/uTE+eYz3qPWn0029WhxbtSxzf4Z384o81kUimS2gZTTelHOpBxjpBVl3IcAvCAChxUdxE9ZlnLdJqEuB7r7JsLOwMLj40rWbHntJnTiCucvOHe4MvOTF/2Vzc5l3fnKZxFdvp9PyhUmt/76ObPyjhRQnUOIietNsEOQc3KJJ6mElzgeMqxvXybfxPFwjDgSHhjTcJiuCai8jI7Mw5LqwZq/PzM9BC1T4AuNQZfbsEfLamomsVWQeo1ATWOkp+GaotGr0RgimSqy32BJU0sLs3Lst7t7/FVHVfkhQLyUIqFchpaMzN9/rc4uQfTPPZn7x333ugYN7ye+f/anfuOWDR5cWl1k82AyhsCxXsuoOaMNVPOI43ABzuWcmFEfJTv4jNN4MPk2UdACgEpMU7NK0aCb4KkMrXdwK5x9fRuF6pDO9cMPN13zhF31+IduVf7Y2h3ffeeKhYwPtJJ2QfDheNfX+TZljzxR/Vlc00SwJGircyHSDh02i9KVSnQ9D6iDQIad7ZsG1zjRdNtATZPXVDYhRI5feVDS7eb6CVuQ1LR0pTjrKHzesnxBbR/qNGoIZJl2UILfRSj19xgEpaIWgUjYs4ziUmR36oD/EDZGGUjn4I8ymCXu9Kn0yHS2sdG/+nGug4CXXt996/K47T3LnhG48FWxInJYiTnGl6TTIzIvCrjeo+gs8pQlQ8WG0rb0z/pC0mXAjh99GuOSyA5dfcfGhw/sbbrvx74ULm7fccm9nuogxWillKXcIqueKztV3tUKHTY5Pcp4ZWBJbOJn/Z06Le3cKaGWCu8AvonZgFqhEpScxUr1seKhCzRCJbFIDCMPFKoRG1KEDSFcD1aRIyazMQFSjmTVTB2SU8JeIDER6veMTCf/rAE2lUqm74ZB6EFAm4mhSUECsjcnlAfcsFxcX5zqbCwujQxfpLWXvfe9tw81DS/NsdXgTCVpXLSRa5I17qmgASKEphzSz0QyzKCDxM17mE59ktaTOuhcq7KUOchhyh6nbn1/oL7IL+5q//3euuW5Xv0hwY2Pzox+9+1df+5be3F5+dUepj3v02lbFoeYGllKn4DM+4qQZkxM7w+XSFCqJJmtCZnE8g38SU3jEVw26mhEEYZwJf5YF8Okxh9JsdCiubjjMmDep70cj2TM5dZyavjyMCcijeEcleSREdleVnSraqWvrRMER2dsppbwqseJDoj7wdu7/ykjQrsDFlosbzsMiWDbcNLCwMAjghiTqiXTCj27IIb153os8d/b8g1/9oi/82hc9h3EKp9/6lbfdc89ZqktLPJ3MFl+vIqFAXtXDj4hwqGQJ0tnShH9Lf5PJDozCHbIrGrpDJ6sRe9WkV+QCwJsbOXqcna/Gc4ExnMxt8HK3hTNXXXPw4CE+w9q95Y/f+Nb/9ptvns7xhOY63/aRe7TfKK/zxrCU7KSx15HSjiXOqQigUcfVToZZEL03tjPDqDnDEG41yuJv5ycVI67xv6Q2kSr0kmvy7E4bzGbWN2tijDHkTpnqILF+aqY4zs6/ok3w1TmLszgo9gBRN/bAB+bWSb1mayqRzfiLtRwqZNQALRAIqZtKRmdKMI7I+U/BQn25Q1/v6I5H4+Fg64bHXnzkEn7ybW5zY+vF3/GKM6dXl/z0bxSAv+k0i6Ct1aMO0KPOY7UGL9IdvGIdJFZjdr2Lkp54xFU+RKUMCzdtC0bJYxTmuPJbWpO53vyFH3zFvz54UN8/3J3FCrOQLvenB/iQhO8I84o6XqPJ4sqXOf3uYu1+UuJYNxVFcgCIXad+4NQb5DIwnH4EsglJ4SRXhxD8trfTZC4Jn0iUOiYM0JmDsgIlWBU/7Gevm/XoBKjcImYsIp4Lg6az87g0SRCakDjYBd9N5RPismxRzxoUoLygRJc61ANUrpkVEj0uBafXTbEyopouHlIz6YLyP8h95lMBmPb5bYhTX/PCr3j0tZeTYuvnR+dOLnYmXPrqhwf5yiFIOIiv8AhbJ9nC/gRAmoap7oszCUWE3zobYNHQuSwujb3maCZRWAy1dlV7nfs4QSQKa39hesmVCxdftF/rkIYEPbuuoNUrf+iXeFP++oW5fWsHhqOtoSyIsaWC72Rs4wocQguLcGC+KhW8uBjnVLfgeQpokHPQxTYp6QE8C7sS0r2QQ8iZZmbxkIiFpXMWsnOJOulHE5zUQYk4mmXD01AFRwY4XtFTzRQDqYJWMJuekAAVrnUDIXTtYIox//FS+oysqpuVpyrI8vQQoIkajvVv9HGf0cRVhpKl1994xdXXXLb/wNq5s+sfueXOuckCXvBr3sEURTUQWdUcOlzEzRyjWDGh6S1I9Y/YFfTAgl+8ByiyXDFDpzhTFrr2l/o33Xxl1z9O2vZUZb4LKtPhYHLH7cdOHL/Q66wyDPyBCXoRn+oSeauGA6gG8syHJejBT/TtNBmX5g5gi7NQghxhPuvE/0YiVYlLMYKqTS9ds94IorekfgaZp+0SQxiVAFoGqJkXMzFn6JhKqxLI7pU82WIINYDZ6xuePk2ukAS/iNC1gcSBHKrKLfbQy9jN2oc60TZnc+ZyUbPDiN9pQj9Wud7wpd//z/asLXFl9sEP3vrKH/2V/vRidqfw4O4OhPC3KJClTDgDbJesm5m8Aw8C5C3Rsl2Ot7FGK+rBVlAnCPiIoJWHuvilWxwwGA8WF/oHD+1/4Yt29Y9hcUVyz10P8cDC8OAKn5PwHjj/vmMsYxLFMn33vPqkVvAtc3manOuCFl/hXnmIaOG64ipBKivICSaE7bhQh5xDYVYIoVBJEEtj1qsukEgeuuBWaAHWj7TA8EZcGKEHLTskuiweKhWnQnbtAWiHS8mVotOlWBuGSG3sEhoe0IPB3k2p3RTv9spiFGelRwlElooE9aHTVXx8kd05+vJYsn5VBt48ojwadefHV1y5t+fnp9/653/1hte9bW354GiiQT7xzYgoZokSkrynYrmxXt5IssK0un4HghjSjcPKJ98oq+U1RWybuiX6cpAhmqfzedVCb/K5T7j26c/8nEKwW/9wpfSD3/fqyWilZBqPZSrRM2lifbaB0t4ZpiuleHhHsJwnciYIZIsjqwnICamKPOk8DLn9UfAbSPnhszRJtpKUrSCaSjHNTgmEDC3gcOeIdH+QyVjQr3uVa7ughp4zwU4iikDLjpQzPE2qmjUpjXKqU8IwVCaUyHRBEmSfq/JNp/8GAdGkVU3NNkbDE7ZwEBOmn+7C3GB6ob+w+ZKX/eNl/9LO6VOb9x09z7dQCq0yLz6RPsxJnpaKYkTFc8pMDs06zBpoUR5yDkpUTS/6xl0NMn+FxqFY8FPsXIbM8bOVi0vLK2fO33/oSOcJn395C3nXVfkw5Dd+7U2DrcVuZx7duYPGOLc5OJyjWGcIsxKXT5oIgmBjYnu1a0dT+aT7XU4tRk51JpB6BKixsT1Zgk9vQWg5H1oH1/nqxHMmi2cVUff6RbmaniSchovzmvTyYE1zm3w84WlYdHBHGxJRm45HKk4L5UuSlaYRYY5Oj0SwHRZyYBVZ6jE4uYznB5X4cv1c9+abH/M5n3tl8v6l3/2Ko0fPznd5myZPNPD1XD431bJUyWtluxzMFA7nWJfeipyKJFOIM8Y0izKG2QOiaPBlLwikhZ5i53NjvN/tnT5x/tv+zT+8/obLszrtUGD3NDe3Bu942/vnJotDXtbIZyXeHDpqGIjpjxxoXIej6aOSYpcW/AD5UCDkcfXDTa7ObBwuXnVrRJ3EUwZZJePAsLi9EZeMFTBRiBR6oaypHx11dk1ctpdA2vCQBKsN305XWiCDk3OthAPNh0PaTCpaGwgJRcazcZvv8Spw3pe/cfiitRtufBQd/HbfRz5yz8aF7t61+krukMAtapiBRFPIYE8OgT3yua1GqJrozfCriILgntQ1UlBXV7dcmkw3brjxqouP7N4bmmh+4vip22699/zZwXjS7+pH4LQsxgsO2czs2oxz3dEgqtGu08QhbQj1NiTNoFXa4MuTsxqNUgKjEVfXZroDbPcKUlI/Aytn6DUsTOWRHfrZCE47dwbZM2UQg09Fk6rWgYIsiMKtSZ26Bp+2ZbNmYe0/RpBYKrXAKiVAGNS9foPDDxfwuq8DGxsXeovrl1+5eOPjLuONSO9/7117167sTLbGYx7L39Kcz81JL6wQRpnKWYrNgio9Iw43pAKklkDUlJewbpvCQENeRchk/DAa8JyXBunc4vzC9NJDHR57bOJYee+iCo/6vfW/v+v3fufPlhcvPrW1vsovRTRxqQaibjwTY1ntkzgBtnwmu5odhOrmIHb1QoFMM/nM+cJrnAn+jn0vzJEWYMQZv0TWEPG3oADDn81YiVed9UXYbIMSPD2UVgPPJskInGQRzVwHO62VHyQ9V6K+tnSCz7iBPivGnzWtusRRvA9LpSBY+jYHOheLeiZhEuVV4Yt33XP//PLGv/3Bf3jz469GEd6Q8Yp//wuLy/tX96yilp+qZUfEY+VwQ4XCM9ZFmC+jqc7EycbWZSu0cWi0rU2RNwzb1sVjGRt+Blbv4ust6MnpM+fu+o8/+bLV3f5jWOsb6+zQ9h8/sX7wkHaMGJ6ZyLZnHCj0sRQ3uHe2mW57j954zxXhNG5U5sjVniVxJV3g5Ewlpd0EmSZuRFweaG+wZn9BqPyBtvlXpPKRFiIDcmqoSt5TD326GnYFkxmUr0i6y7nbhB9WUEVXk2fMBDOcZmcj1Jk1Y6A0Qark1C09uTjDx+/4YNobX37l/s978jUHD+tZnQcfOPkt3/R9awvXsgEaTkckHLPueKxXdcPGZmmuiYZUdtQDiX9dj1ZB4yxD6I1/Gl8IAkNSvy5Tps0qp7HBC1hZi9jn7D288u9e8V1L/DL17i6v/rnfvOUDx+c7a4cO9jaHZ2U47ucpDOd6471ZrLEmV3p4JqVOBImdJxotkt4aBKW4ywhA5M54knMw6rmdDMahpyRVlGk7v43QMARfPIsySgrf4TGIE4UAzpKPwajxKAL1sWZhHgCagdg84TMKQcEqLl9oeigL33RJYnGgNLBSp2mr3NecgHBUcsAwlBSzSy9AKswXfB506tSDz/mip/J9VtzB7zs/85mfv7bW5Ynlfm+p01nqsjIQsDketdVYCXkrAEWquNk7UZommysYIpeDZkqbEH3SxbldKjLA4JP2esvVdPHUyclPvup3h/lB0jbNbqp/8P13PXC0s352npe4jKebGrp8IOL9Rdv8qjLAdrDiDVwCEBy84b/yIHWcCj5xp1QO1OPM4HA2uQghafsT5uZf4gGrIBAsmASzihMfc6iyrKru63vHYfkOs+RhYuqoosd+eYucFyPPZ9quavcuWsmu+K4AEJAumu5EsG51w1MAF5OXhECCklES1SfvFkzwQ6IOayK2EVrRXJlbXe0++zmfd/kVR+bnmUp5Om3hWV/4pLPnTiKaccpuJ+8jIX68lYFXJJnzTCHalJxdxWprIwWkQyO3NOlEHwrS4w4qDHitv/aMexVIH1oLKFjGk2qs5/jmto8eve1jR0f6KeoIEsLuKSj8tj9/37kz/N4b6yShIQF43LUYEnNsrOyNKwAmNLGiqWOdkgf/EOWQMBg4zIRe/7Uz7QpBzCEgNSF0FOJ8iYuT4ZbREhbJBJPJ844LmDocTYXbrJJVkjJL/Ux4kV0mv1lgdFvCwGigzQ1NnyXavYU1IugCz72ShMhIbUc3vZwpUlWIj4xpFBCrAgAKQ61AvDx2YfglX/r0eX3RVvzmF+ZvuunRvYU5ftcAvnyPSJt28WcosPppXhA7n2vGByjWOmKaJLse0eoKH1uE7wSw5rVSrDCeODUkihOYKLLAQjvtfOgDdw62SH3h76rC1e3pU+fe955b+bF4ffTd5WsPLFZsFHkuXz7kwKjkg62TjXQ1OSCM1A2nqWABTLP5G1Yx3Wyajod7I4RBIpNhDk4DVOa4SyJSEGcl5fBG56av5fGS+myAmg2T6Grx4qJ8IXDeJKlWX9EDJqmDNvRS4eMMfelCOwTxcCIWZs64qtsMwauf+IckK1ekG5IVQ8yDQFeESiYTALczN9dPnTl65VX7lN5N4eeUf/o137P3AH7ZWFzoLfDbHuzy5QawhIduCG28VsjMoWgee4EUAwpJuXiCgFmwcpATWp6POU2vnGMB8zw3ykOOw/FGt7P0a7/01uPHz/Jjg0X2rvnDe6df+cO/8sBD53kr49ZwEydN5liuMEEOb9yiCHJoDnYO2MbiKm19mWScdQHhCvtE83Hwd5hLL0Qgc7QCrc9uwQ+3ylAVAUHWqEuvRQgScs6B16aztDAHGVXKLyhatvRBhYwGhjn15CIVmhRGgpcS/viqDo2bI/jGkp2q8HIWp5eBOqEHxsM4CKSLE1HqVgXSG42RTnZW6X7UEm/gD/br/b1re48du2/fvoVX/fTLs6i18m+Obf4TnnTVlVcdwAU8WOsfBeJx5HkWCV2dW0Ms5SIgSSyL/FgfvdjCgfLSX35WAU2vibJP0dYaOgZGBqGxrpijZmZLk6PAYDTU2x/0oC+vWFv8dy/7mTe+4e3u3EWn4XBy6y1nlub3LK7wLRpeornlO5BbPH9JsHfkBv6x3+QuR1YOkXPsE+bB6j3D5VJ53s6ni6jZjclIMedIJsSZJfQmybSVEBtHVx4RxBlMjqgXHcCUCBoeKvxl88PsXK/CCzI5nSzn9irjTHjOe0a6x7qaASIBSPA5Y3Ca9NLUlteY9YRsIHSBlq7Ug4/x8U7DBHQNCDDRhxJyKkCUeFpU6OM2Of+HT3naY5/+zMevri5XPUXjApPnPu8ZvK71vvtv29g4x6zP57k8d8UBZ3op8ERh6jmwXQuD4cExmhDQuW0ddUpbKBBImj2uGJq5zsA5jA2RJHDPiff6D7a6J49vHL3nlK20teL62Sx33H7PK3/45+b7y3zgw9ebyUwejqKiF7rYMygXczjH/LhCzQaj2g5yLnNdkU/iyVRstfyzo8AwHOIzEGjWQlUZz/DRhZ99bpWE42vcHQzT5KzQqogTZ4hL6hMzXygouSJIMlRFAQ26JKjPIjS89AbHlxRCCyYC6jQAHvzDhGsmZZs4CBih0AKpeQOXCGJRkqYu5gwW0plN5ubnu8dP3PPEJ1/ztL95c4Oy8+/FRw499RmP+1vPe8L8IvsK3MVulUVDO2wYoV4E5S9n6NHBylAVTpwAmnWzVo4xJkdna616tgRQRYnQ0iCOnOxJO9GgCV9uXeSXI1Zuv/XBP33ze+BmexWgnTZ8BtuDwfj0qY1bP3Y8v7CBUuQCIZDDZ/NpskJm2BR5BvNp4phoH68ColljSiUFcBye0Cdb4nMQ5MkGsfz14iABPipb52kVOgsWaDCR0joUVbQHmKKJ08lGU6Zx0HS0FOxaROdiYOnhTxsnCODZ8m2dlRwciVOZIbgt91GaCxf1GrOgRSWjwAK12Z6ZxAGZdC485sZLH3PjFQXhkf583uff+GXPf+b+/Ysdnr5i6tLja9peW+4jWBcFopWVCE65houE9NpjRik6bxNfOhpYdUXxw5RXj8x35pbuuuvE29/24eMPneHisijVkHyG/5JnJ46fPXF8Y266pvtVCplKjHW1nKottjHJN8OCqomgOIQJlBXY8CwknuLVmzmCSj0s3EKsRWpRwtzMNe2CqkEFmrmVOj2VsKkYUqdVtlbZY1V1MwVtG+/NQgMmR3ZpYQdymtakbOCoezXUwKYXHIaYljPluuYUELx6MruUXvtKzcYiIaMD4vguB6/GxBBGar/bPXfu1L//4e+6/sZrKubHq+zZs3TT4y6HBKFz4wHbJPwDQ+kgmmKLeqWRYNU6GlElKqE8Kzi9HKDVgnUoydlHQQgamyhdbMhdPNQuNCYjJiR+WvnBB09tXhiun9568b/+0Qvn10m+aFDZfiYrvC7853/qN1/z0/9tOuyOplt8b5jnu/VDkrozrGdO28pgSNOMyWpiGhZgaTt8cW+Q7T1V4z1omIHjE851t0l9Owc51lQQihyPGqJ1O12cG2+XaDZN4Uecp0zTC+YNT1YsdZdrkubSBAVEJsoQm4tyL/Lc1P14JXMzGOhyuhd5kKNoshyc5AtnrksQl0tGGWCI4LwL3Osr/ZaiIVG8Pp3sW1mb7/YHfGWoO3zqMx9z6KLVvr/cBPInKEcuPfTVf/95dx/74Nb6+fG4x2XunN7IIKHWR95P02kuGJDGZJR3dLWM0sXhJiTyk42fIatNCO0ExS9DPbqZIRs4HbhlNB6srS0tLc2z4q1v7P/QB+7l+jKYn5XzH/3h244d3ZqO96zuXes17+RjQ0A4FB17qiqGLXYRXhKs8ZXqICq4TlD7s3jDTga7pGbTNKpP7dRsQiM2xhSGR45ciueR6KQKUeFJIqVEPQg52vhEMKrmzFgtJQlKFsdOyMwCI4UQDajX9S5kWMM2N71A2kPFArRVbPVKdo4yHsLF7qtdJlQH3FAXTCnDjQa+hNVb4sHxUyfv/8Z/+vf27quPZDZcHukvN6f5muKrf/FlK3uHywv7Vpcv4lPVak6sC121DgUkUaKLNxpICTb4aAVwpp7XAXuvGIjbmBeSHBEnczx/uqmZwAO7u9hb/pEf/IXTJ889kvqfIdjrfucdp04NFxZXl/h4ZLtMzGwBZN0O79GMRUELfoDh1eIgzDQ1czQjx5BZqgShOhO2ppLzUaUusEQHTKYYS1dmRmijhsYkAUqK423PRBZpjFnqoyWqEC1tO9On2JQ7NhWYy5qMMM4cifHOMaHtTekt7PxHqhsecbEf5gGSUVV0rdAFAtqN+ArWeO7AgQNf+mXPWtu7gtFtzp+gTvYfufTgyqreJM5DbMq5xlJVTEmlXWgi9xElhBb9OWbuK8T4mplGtIlrwGIOBJhK8TBATJAUthiThT98/dt4/3Nbh89MnfdO/8avvX7jPK965lVw/IzqBeSiWzsZpKpndAKEwjLHOKmkzhl3yWM2ny5cUbt24NNMAS3ugnNSKzzlluYzfrNqCJoUIWqJGAKDUM9Vw9BUNFwf5oGXy1w30NTLSSNFwWqKbU9DOOnibEsLhHq7uBcOMybuhaQcjT8r+Qwz/ME3fylGkuHMyWR4+PC+L3v+F9JSEv21CxpfesVBfgBhyy/RwOFQt5VrlCkcY+MOi+gDnuMRrQvDdIVhOLS4ySB3iRUMNb10xwf2HfijN77jA++/7TP/IRfPU/zmr72RrQ2vhBhPBoOt8/aM9ORgmbJRUjUF6xr95cAUQ5T23Iuo5gcYZNDa3m7odoS++JZemITE53hMOjycCVBEtI9Gw5nOELqEj6pMOeUjLVaKOoxg5fVFSxvL+o4EY0hlfQkzRGZ3u2MDk15WqFieJSzApkua4a26YLV7qZtE1xKqaHM8Wep31vaNDlyydfGlPJTGRvThtu3gsa35kpd+8xVXnd4YfmDIO+zp4aIZ7gyCFlasi4HIbU8S0QfnPKLC8RijkaVge5EPgXDmEjkRDX/OFNhyLcm7PRa6B44dvfDhD921nfzT2pryIRs3NBc6R7hzzz6QF/QuLh7ykNSaFm1jLznHMMj+7RPrFH9CVeMT52B+bhLE/HbocQKXQF5IlfEFodl7R5x7i+Tgx9OOi+BoW50PBx+CF/9TUWuWva1ZH/EePEVj53xbPxMqWxCWg9Gim/S+6RF1o30EW6cmdy0Sd8StYrVzTJVcR8Owiric+fyf9/Pdc+y2Jz7l6m/6li/7pOb7ho/y7Dtf/M3/5rv/yVJ/Udk2WeDLvD29L5gPbsAiC7mi2H4vQ8QyFpVQ3utE4adrDw9sSOsHhJgHkKYg2/FtlHYL1TrYUnRROFno6TmZ7jve/uHf/vU/LQI+E386H/zAbV//wu+emy6Npnzkl1+FkGCUJLLJlSiiBOK/0y0mtHMRY8d+U6yDLvMb2hLNmA+YHJN/NB3oqB+vEgKAIS8Sm1k1+sxY0rY4eGRYVpeCkzqZiZQym5N15QpBdlUR2x5kQBeGLAzpdkXWtx1QZ/Fo0+DTkpicU3FrdopCuM7cCn8eGXARWhSyN9XLYZJWrky711538JLL1haX2Kwj+ZMrCIKIK4R9B5YWVjaWVrf27dO9Fp4lxuJEkbPX68IZBcjUFPSBAZMWdzyAtbSVr+kCjQpH7lBZWoa5xkzDRBNn/BMOZU0jTzoDwjnfW3ng3q0f+oFfLlI/zX9u+dDtd93x4HWPfnynz+tj9ZkJh8a/zSFSLKxYhBZAsEL/bQrNHQf22gnFX5r4W/uFFrJMAhO2jCTP0+IY19FUd+Ne95ZMgENchwCY271Cp0IXJGLY3HcGIpB6y0gQ06YkHOz666wvqRCIxjq5ClBwz9VFLUMKvKAbH5ya9O4Wp4ahmaola1HJRjYZMeOvLmhJOWDUlZvDyUgbFGbL88957pMfc/3VjVDx/GSKM7Qzd/jw2rOf8zknT5webvHhLsxw1ADluTrlHIUFL3ZKSWsrQFORaWr7oJK2mLQgBcmYtnrmDQsSNzPUlgsI3oN8a2t43z3HxzxbTePTXN7/3jvf/947hmO+dEuSY4Yt8EMu1lDiqViLmTaGxFCdY0W2+LZAEQxJrKZZzGxMArnBCWjmNwiNLLk+SjOcw1ealkMKAMwf86xejdriE6oGR82I0PhUQxB6i/V4gsttA9XJ5OSJllMtBa67e7pmgFrkJCsHkOyS7VEwCzLE9BufjGNJNUB3DDRk6aQrvQxNHnng/SKkPO9RgOiqa9ae9ZwnX3vdlWH3yZ7NX8YePLT3bz338y6//KLhkHTnw2GebRuggC58LR0cOzHKSDfP/dUbgoBij2oqMrJsx+R4o5LLXK0kMqPYKXStawAAQABJREFUpUlLmHiGQwWldKkroXDmHtb6xuS97/7o1kAfPnz6yq0fu+c9/+O2Wz50dGNrGAMtCzO1W4nV+MfGKk6ojRFUkgxUolsMKbYAdVphrPo9wWJXq7fEF+DskPPlRiY7TlHGzqzOl+ymiC9oQpY4dYScv7QgRxxqU+fwilzww9PhEFXZ8OB/lnv2M3TDlYpXf505xN1ACfQBPjgp0tzkwdGmqOkiv1MNMo0cNK2W06KhhSfoHhEjJgZ2F6xX8/OLK8sro9HWP/i6L19b+9S8iJjs/0//9VuXVtmdohDPM+tWtu/FFb3RhBJVXS3eqPU4pzFOvW1vVHJ5WctK4UYlB+1aEbLGkbamJFh/fqk7XXjJi3/sgWMPsRuLxE/9eTr3qh//rWP3n15eWlleXiPVs+WwXfoKIgeFHEoFV6Aw52oa9eaytdgCBCIQOIKZOufQAsxBs3ZRqZlghpIboao1pcGXMzlAAELMYKi/LYY0g6COJrXaDMOBrrrhgcDmauhoh5QmvmfpzeUvQKQwqlxB5SKXkQcyofOkqREYDvGmBl66ZGR6ac8KvaHlbObMwzzWyy84985e2FjfWp/0Nnny/siRAz3/DvGM8n+9Jo2mcw90O1tEdzydtwIa9TOWVlXB9JYIBOnpx9/wSexFW89xJmrwYw62Y6yu/OxPOVPukvfiTPH1pSTcWNx4plSCRpP1c1s8SHP4wNWv/NFfuPOOe2f6fOpqGrHYNdmzsd45f37Eb8/M83wTX19WrB1KRxNDHP1tguUipYFygMSIdcKw+cy18oy38vJSM+zTi+HFdmeX9+5CDrdcY4TcmaAkTMoGKN0i3QpYaJGregLkXIIwELrzSqzSRJT15AzGtstcaIhNitIUzOZgkNkkDdEgsKQYHzbSMsgZnVDFJHIFV9EEDk4qcKAechQOMIRkHySUXpeHzEa8s2A8GkyHGy/7/n/Kt08i91Nx1jr5H17xbVc/+tBouDE3WpjyTS5esVQskwTU86FqtKVGJLwWobIQ7BuqxVhB5AoRYr6RMu6F0y6mFQevyaQI7xCSA7ikWVrpru3td/uL58+uHX9wfPrkYMyG71Na+FGg7/jnP3HyofUFltSFPt9S2OKTQvZ1sqeE0hrKBA7qip0O9JB1NG1gNmuKbLWlahpa8MF0r1hZgqjEUKEv4pwt3t06kayJMqckg+diZMCHAy7ga+SQXS0I6SwnWoMIhQBBwcfVhW1DEkyjw0eDohQqcLftAlpv5UZzwEha5DBNUEKuOtzckIVhEORAUw+3NsT1WEF1dOVVh57yjMce9C9hhfWn6sz77J/8tMf9jSdcu75xGh+x6KOn9cHeEvUoRhNjMSEW2Rxsi12oAzK9FEHacAM5hU3zZ4YvSOkzqkYkE6PYdYaD8dv+/F1ve+u7sp1tWP1//ctjc3feed/ZM5vKIS6hkKixyhwdXaqNUTt+UGLQ9lmQNNuqAHQmJZ7xhkhSqCGGegWFVQOAZwhn+KXmPyBHYkNe/kKVJDRncaCDw8gJRNW5NJ39QtNXL6sMXMwwasyyhd76s4o1iipBomMuI6KYUDUZlC6QxYeRo7Mu5nzZIUhjqmoNq1hVbCv7Af2YOUx7XPJdd/3FX/S8J4rg01Ce8ozHPfkZN046p/hKF28DtBVSG+ukoAvqA4kJ6aJOjzMSq/GIlkp5U1kkJu4v5gO3Y0DQvjkXjkYo/O0T1RMJX/2LZjwYvePtH/jzP33PvXc/FE0+JeezZy688x0f1lv3dG2tZ6U5bKMubXNEEHV7AXN01Wg9QWaQgCYU9yZf5BCKUOUEVRtWwYo3YiK8Si848pwcaErzMGNxUEtF6STMFACWDpzsdSzUpuJkFpUtUjg4ZITDV4ggE4pJ+Jsi64o9WmiiprsUYCBEDmAO6vJBCx+OLZKwFAmys2wBohKvUbcG6g3zSAcuTdkC8G0q3obfOX/4ksXrbrhMSJ/qgif5AZ9LLlu99FGLq3uXeTUn3z+UqYw5720iMKJjAuawn0k9ajvaQoxbqJC71Q/GlxMoZqxZgCYIAeINuKUODt5KnTOfs+5ZPnz25PQXfvYPP1Xmc/vo/vtOvfkP3nP2DM/l68dSIw7dUkGHWonOdKU3lTaCTS65AZyCofEDRhFf3AmwMvRuXgaGIZU4kwr4ANveMATkuucBQcVydKK+Ax8SRAShHQIg4tbsaOJ8iMuPh+rVBcJwlEydC7tEzcqVLuTBBZRs+NAhSWyiZH/6BUCkHSLkINSzPsUsA2CWK6g+GvFTQOvz8we3Rue/9we+5ebHP8poM8VM96k5EZvrb7jmpd/3rd/8j1652N/Lm9GY/snOjcFgeSGvaiuC2p4B1NiekaoLxECcu4oWTaYGPtnVrObS9sAObmHIGXSmt3h7eWVlczDeGIz6D/TPn9vYs8aXMMPpf90Vb/mTv3j97/8Fn+ytrvR4HZHnpbwaH501JqVCYwsVZk0gGEKvZwUogHzcQm6wSQazhVG8AcTJUHrMUHVQcymDdGzHA9U5rhdvNEA1UzTzSk7Bx732nsQ9YiHjox69iUUZHrBuuBdCOvxytcKpHbnKGqC9UwBw0MWHW5UbCG1a2IGjXsbohItsfYgIRfAZ5SuLy4cPXcLPq11+1cIS3xFtTK1CP4UVTSPT6YH9e1/6fd+8l29ydbvMi4OtrX1rK747IT1ztEwgC3SRZ8g2N+/wBks05gAEn7MTCKO32RPnxHbOxIYSBzIrM+Wxlz1zdutf/bNXcKvLvthG/sm64sL5wemTG1zS86Uf9jpUHpYoxV44k2Q4Jw/9yooSCsfOgqENOb02UJMgOeNpVfgon64YCEPP4hobZlh4Bj+jznLV2zat1ZxFpGysjNdCUJumJRZf1aFYU5HebI+CLVM5mPMwWGZ7mDp4yBNOTE3wQChNbdeM70VTqdRSG/KHxSp7Co11nszRhVYZfRbBiy9G/HwNn9+e/sZ/8hVXXHnk4fTC+xQVtKPwAp/HPv6SyfhMt7vZ60/5Zup4xJ6n3N6OWxBok6d6bscGkqBYhzfRsHrDPpE3KMDtRSU7cM7VG0HYYQRAuMGbAUB9ONFPf833e2O2PoPF1/zcH9939MQOkk+q+cof/qW3/PH7puNl7urheexIcGESfaryaWJgIok+0d9mFesa0WqaUAYaodgLVVKBXkpwOMdAIFTa/N0lBsGnQgMNQ4gUH0JIPUsEzRSRO2+jj88a2DMp4jwb6ozpmnfBiTJwKxUxFO9qFJVgRiLNdOlPIu2OADlXZPeHyGd3pJcziLhaVMjjpaw3PPaKa667nPeoGffTd5IC5OjySv/6my5fWu5P9POjejWmRUa9MgvbFlSMIW2EqCfltxdwhJwOn8MwWOFQ6/Rvg+QOhED6+buVj37k2Plzm3LSJ1+4NuXq9qMfvu/BB3gWn4dW24IkYDvL9FYcKiDswNlO4VbjmSALv7JoVYFVcHjWZihohkNlUJsWU06h4pwj0FqHJAjAIyUVsj1d6i339UPq/jKsvQxtYxycXKiRGwwsiqVpaKbJOSOVLudPEUzdTSQX/l6GGv0YYdza1ttpuM+8sP/goRe/5Bs//XmPjqhXNHzxS7/+iqsvGkx4J9oWL2zTfTMVaRjNqdg6QamUbs8NQRBQeV4WSRByYRd8kTUFfJBroV5FAMxYWZjnd+/YlwzZhuGzE8cGx/n9Qm17GqdV+v9ZhW+gvPfdt45Ga93uXmbG7Af4HC2zIKKr/tEq6jGJJtbb2RfrGmAJvU3QnFq5YQUrKmh05QgJ9RgIf0rtBegNibCiT/BzbjhvC0fUgwOFc9v5De1MW2QFGIki+dqv/qaPfPhooOyB1K+bWdrccc4aDRC1ciRkLOAcOBHzYgAbGN2RbDZWdIFfS2i97Df7OB4Xk2/LunrhwmRlaYlwdPsbBy9e/9vPe2qTk5XHp71yySUH+VrqmRPrvBMNzRQAh6arX7+SvXbuNrsSMNnFbl57V0oZ2zEMUPUDDMHkwDnC8z2HQGgaTRyIDeL0IzG8DZjJX5kyHmxeeOtb376w0H3c468D55MqmxuDH/rBn9u8wF4OPbV/4VoeZZwus5Ekc61Go6Qiy4VZQmlz0ETWgdAoUIxV0zC6nAI0dIQVpmFRhcAh+FhGlS4QJN3+iTiLsJvkEPlcLrMMmuFmhYuIqJRwRBx60ASHcyyN1PTKsUSMQ7525KIgSExa0dDWSm6VhxcQHw2ghnXw25fFYcg5OkFCwSl8YlMsV9OUXN5NeocP7+d7euubpy+5bN+3fcc/qrJN95k4EWa2WIsr03vuv30wOMvtVb2VQPdw5RmMRYnMPdhiV0gr74NlhS55mhJjaUFuDuqw0zBLfNLkTBjCGc/IV54FQ84bHPTSOJ4i5u2Ko+7S8t7Dhy774Pvufc3PvMEM/rqns2cv/OSP/153vIdv5oyHuquD25HlBC3KRIc2x3Zv7MVA1EvEgk8cayhDizm5zIUcHJopjQMRJzgMYyMeSpf0katUqIcKVUHmAAL+DMPdll4Qgk+mgZkDKlnKF3BQo0ndeBsEeiHR15VqaVtCUGmyJqY3XZ63lJbM8UVTRja7YzchibWhacglh64AZYNMwhgPcrNh8V3f2ODhhS/4gifd+NhHre1d5ZuIBIdSdft0V5DF+x3+9hc/5epHX/aTP/4HPP3BvCtlObwhiTmywpZgCD5tRVfuogeiqnSx0O4CyiUyhkNFAQdaTTue5iE018KBZ7Rxkn2u7xPw2lwAXPc+eGx9OLyfd0UtLOTmsHl9nJOkT3nryeh97757MuIuNr+ojXJInMA/4pyLVd8ZI6ywYtK26oYjiHX50Fv5JHy7xbbDW/GSqsoTuY2iWGfKUMs3fDlDJe+6hI+boghDKk5lyIXkk2DZJwgkV2Nf6QENfkB2iKuCIiWEOSsQtk0n+wqbSyW6tc8gI8r4hSokFZKxa2BgkgJJQ6Wha4mIgAP+YVaVOJTm8cyrHn3kqkdfIprPUjlyyaGbH3/tgQOrPM/JHMdGh0GIetX5Cr8O6U9yxAojyByalBibigHbqwLJCS5UVLdbRO59ZeEPQ0SoCIvfhuFCZHLu7OAD77+Dm7Dp+QRnfH3y5Jnbbz26sYEZus+qjYV5tamsvHRIsVFK3wYUm+hUmGwvdTpLtYGIul2fMdhOmAxppUGcFlKdGymqiKkVCb6bBQK8yXspE6oGQYQhFkdBy1//4STjlPr8xScZN8ZT03OSOunlf+BUgOuLSNbFaEKgQoFDLuyCEEhI6QqJ8Io2ZBdsNQmxqs/zBcSV8TXXH7jmMQd5L7Jeby3Gn9GCRMry8vzTv+AxC/3OZMSNRe5+D2Kdpw2pFHujXJP90jMuisbU6+weO0LFCM8UCAKVkAQCGtK5wQRQBzsdlkZdTen7k7wWio/6WF7Pnx69/P/62fvu/Z8+0qxB+9/f8u5X/dhvrqzs5U2jfd436i/ndPkKhEVHOmeaFCugCvYSL47ELmj0+qpDCBT15miiTxOtgyyPUfP+DShNjngstEhkJCZPIs78xRa64FsHrRgUK6xcV6VAtGmz0EIFaab86CaJFsm5QiIxPH0ZlRtpiFRcNQlT4chOC3be52mHpPXO2ykgIBguzajvKEDYVDlP1EMd5AbHdXYUSOPVIJN5Hls4f+7e//Aj/5wfFWxwPjt/MZAfZfmK53/hgyfunE43uKuuGyIzzdEK/2r7aNuLgTGfc1wdY72n1FQLpl0XPkJJs1pIk3pDTkSbu0sOM3Aj9Pm9XbbqvPuY1+t+70v+06mTZyqHR6p0+M3gB4+d4VXmo8mAG8Z4m9hF7UgkAzjC3yphfUFI7FjvqIBAadSbiSJPwK/GUid5QAsJDEm+FID02j3yHgg+5/KmkiRRi2OtSSEHmZrFCUIzByCzFZCKM1N1isllC7ICsQ4z3QDOLnPL2sp0Y2SakDHtsP+JbGtMp/QgPC38IgCEOhAjjzPYYIYDVDncZA2GMw+O8VvEc1dcs8JrEhhZlEr7ma/EgOWVxZ/6+ZcdOMztRb4qpc0tduiRSh1SypbKLfEGELrkLpzdBIYKruNwRQjg56jkacZMzCaXNOFlKwWdC8jhbx3m+t3p6uLaxjl+160KD4Od51/+pd9973vuvOjQNUx1UrU5qEsBv0yZ6bAWz7JqBRnNNRE60ECiXswHx1rNiEFDvXasG7bKjUQ0/KmHG6zik/QyCJ1sAkKrc26yNd4GkiP4nOEAqyhTe6nIusbVVIIA85hjzbXDxs+lYAfiM46kB3Vbg0E0ayE2Wj4UJy1MqdfeOjRDIobSsHCgV2zFlxdKdRb6i+TWYHi22zn9L7/1RXv37dEtpzpXVKaf8QrbrYsuPvC0Z950xaMPb05G586vcyG+vMQ7a/UpaAqGcNlazLE33MNMs03dZAdoqaQPp4U8YLwUN4LDQReH3KBZjdEiIk5eQJQf3YXJ2uqR7/n21/DKNDPcLtKgN/zeW2+95fjm+nRpsU+WICJsol7EAeRIb+rsVyMuOuQc7hDS5Fw52GgLs85Bs5R2woihCK1DPgtX1so4HY1ihQ9wjqiXCnUOMIsy2z0ZsopPE7Q0YxH5XVOciQk+9NJFqfC4BgiZChC5O0pMezhQmFihMTzrTBUSTVkeKekDJ10sebz+kheqbc3PTy+/4uC11101P98XwYzJZ7l23WMuP3zx2nQyRE8uPjLvoRPOt72yJMYAbJtfTYgfWx4oFNvdVYDlj7lS3+6JmW+JHveieWfO3XeduPOOB44fPy3ch5VbPnTXhQv8GATXU5r3opLZgsrfqmOaTU/Dx+ZIaI4GHDND3uaQKAfZ0+xOOhhIiyqmVipnKpZVMsQKiKQipNdYwU0PYA0iN9g9MGOId87Ba+pwTkBAFk7Z61MDoOGiVUaM4mw4cQDnSGFUMWhCLbEaZ1qmTRQUOBQSmOTCrpIbQ486Li4tnON3uAfrh4/s/ep/+KWFUmIbSQF99s5Pffrjb775soP7u0sL8/3F/oVz61yQM/Wy08CF9lVxDjpmYsMNwOW+1qSSJmccW+sgVOdQzzxEbxDChDPi6Eqv4qJwTMeb4wsXNh59zZUPHDv15j9+J5ssyWsKO0Z+5fy9771ja5MvBs+P9RU96cnZ6olhq5RlClkus17US+jTQ9P6CKtBDkmBA8Q+mIc9FXyCTCrwYdOVAhreoyjSFsEikGZSBfwclZwmVMEHE67i6YvSdAHJkdQNuXeLgrPUiKqVoGrjE91WnBCwOqkFrjNADMHfbI+yQxKBXAAfhb8ptHXhwhEdXEE/wbktkGbOIcGQxcX+o6+54tChlYuPrD7+c64y3Do2THfD3+d+8TO++V98zWgyPn38BC+65fPVslPURpHvthAOFYDZXOIcYrojFz1OTFCSo7gLeMjxDAdMfBlaGMIECFFMoc4wwL1cCnW6i6uri1tbg4/dcv97/uouPqtqx5XL3xd/xw/tWbyYn0wd8Etjm2dh1VIpYSpsH/an9DpY5AV5U3bqDjf6FFXRx+qXJnxQNZsRZLVjTRe0Df7DBBZAmU1CmLMTT/zThIl1wNjwb1yjtBa5nVnwIeHxj+Bnu8/gCSt7UrTpRTO+ncn9A4ouJhgqrJT6kFeHviYryGzlFBdIOLj5ly5xUOFcbjkbn16N6iAD4aGAOV6zN+WJlNO3337XN//z5/+rb/8aDxiwLF9Mdkvh+9oXXbT2eU+8tsPvPQ8GE26VzA35lJeDW+VoyX8O7OJbTyQK0wi22HC71HbEM8U/ulbT6w/ikAyYWBvnkGy6s9A43KzwoXiO59jA6Pslc3O8omJuc304N1m+/aNnvuUf/zAjL0z4EGI4IjP2nz1/hhuavYUJD2Lziab5BIWc1e+pWh/SFXFmrm+ulErBm4790buyBGSuerHP0gHw6h6aKCY+YZ7cgsQ7rHIHHM2Z71GOx0+5Uprv63V3UkDZIl9Flr2oSRiFGlWVVxxsikFD4cbZ5CH+EaTxXlHbqSh9coSzBSVdYRWrVeGqrX5VpXw6GBeiAJR+TUCjm+wHMmvu6KVphMIneBUnFRCc3/p23NIKb9vbXFnhLY/zuzDpUZTVEMWOXHrgq174jNtuvXM4WtL6rPGvsW2LstUgJbSN1c9Smyyxb9tePeM0EFZ6teKqLoiLJi9yqu/3EQY046OgaGIdTfgN50FvkclcOcDjCa/8jz/1Dd/4tXv3rt1z17Gf/+nXbV7gKzeLDMQeb/Ls8XV+562IgZG+/HQ1iiBZRTFp9EnVZ2mIevSylLFyB612xaKZ4unwWTRe31gw+HEKZemUH5Fh28gT6qON9ZPcnuXHvIXmXYwXTzgpocOAc7XaQNxRpvUKrxAJm+FbtrnkhCfDFBR/VNS09CADdX2q1EI3L93b2lnirYfDK94nQICKG5lK+pTpZGuuszkYDYajMRe4lcXuqeSZg3NnL7zrXR/Y2BzyvhpeSsxK6FgSCT3hI1+QHxkCmBbfKCUpjamu81Y//Z2d1MqqW13NliFjo0KCxJkVXeyV7Wy7NFWTDLib7/r05rub69rlPnDs5N13PXjfPWf5qTEtA+SsVll+HYUJkqS3cL5qDDvUSIZaRy9gEaV2S7o2BdDFntAFD43EwywbSPnrUcUWBDmsG9oxcV9svk+wzxw4tPyMZz3xd37tXXv372H9q/TirxYwyfKcU/0nleBZdbDXAc4gMwXMc9ZsaqHFLpsrKDfxGH695eXFvPCivWWkuy6j1Hd0ibopQfsECEZEemdxgQm+lK0B3wuZO3/+wtmz5w8d2t+Ad9dfnhc4duzEn7zxnczpa2srg61NHiVj8ZuONVa1wcRs+bW6lHorRo0PQWIX4snX2NoulIoI6G12LDTbJWhA+OgbGdpTTfhdVD6iUgKT0uw4FxamN91ww3y/f8fRYw8eO7t374HBJjsHXd1pKZrrDgf8ejZbB1+aNJpOeZBHie12kxJVXFuHtm47ED5B6HvcU+0w5KR3D/nz85ONCa9M/ZIvecZ/+9V38UJnZbOcgAJFJ1ooMt/jfXtsSCpYumjga/TKaWzidZI3tAbuKExNf53C81qdD77v6Affdx/f0DDBtsnfEMnQRFAKTTCLbMOjehDorZVQVXzRM2cWNnNzg8Epvn94+swZfufwK1/w3ArfVZV77z1660fvOXbPcHFpbTrqjaa8w8OunfQ1p7IHzIRPtUyAMlBRosxstVuMs926bc5JOBsE3FidCcxzvvo8/U35GYghVWZHfgri3Lkz//Lbv4rmn73pPaT+ZLzEeOjx4mSHScmnIdPSx4R0ZlmrOx+xp8zUpoHStkUdiaxqLqiXsgNuoOjkHLPj6Sx2+fPX3XDk4kvW9h9Y+ZVXv33f/rxVCXM8iUuo9yO0sKqoG+nVFW2J253zCLqFqqi4/Y+6eH67f9utR9/0R381HOXaq9qJ6gqrn0OeEXJ1rJ2fVdNjCHKMrqNT1++Rf5ziC3w2cBqnxIEZcJ5hN8d3YbeOXLp15aM+9qSnPebjkH62wNjSed+773n97/7lxnqflzUQJO/MpQ9JM/KdgPiLRb21X5dPMNMXNkV5DGfEACQN6cVdbV+lyZkuGCqVfBOjOq3elFC6stj0+KiBhZpPG8ZXXLn/y1/wDJj+0qv/6O3/z63nzw0WFnmFOsrred2IN1XSULeVkcJUHCVBkJ5eHYquTRBrKujuqBBslMmjXoMPh9xygSfEEkplNGJ/qw/rh7xoYLixsXHye17+dZdcuv/kybO/+9tvvuSyg70uKydbIVYOFMVo8ZckFS7EXVGqFHcFghrBQCuwlXvGMVAGx+1QyY0a9GKP21FSk5U3U4oCGx6e0GLmoH+gJBaxdC82aDPpVp2C5Ds6Pei0KCGA+zW62421siPo5WxrAMFEWc8lTzrA4zlE9ltcbNx//5lf/sU3POlp37qN8rPf6LzmZ3/vve+6/cEHzqytHGK2RyPfXsSJ1PGkHnKIN2WdXYGpHCAEM0bEMyDgZNO6Yh8C5MDtcT6YIOBDUhOIZXIjAzZ6rC15wXZ4ssX144gPGzYGZ/g5yMdcfxkYH77l3o0LhKKzubHJN7yG2plBUp2PSsiSAsCailgne5BChVIQPD35MhccofHsEBUgVoM0KLcO0RkYkVWKWWMQYEW+MZ/yc5VjPWQ6+JIve9plVxzi147BGQ55yRDR12ygR0qVGiqeVVVBBxwY5yAo/NVBjsFZ6lD0F+kUe09G6bCGTSpqnm34K3UZmYwNmPALMrFX2ybLjzgGlg2DCxJ8IACEIEkkHOGjI0WdMcJoojJDkVAxMpjyGwsb4nSnaTwZDnubG70H7lt/7at/lx/QbLh9lv+i8akTG+wDH3pogy8Koy06R23qUQ5DZKMbWAe85RAZ6E6dgTdrOTTiA4R+70IcP/vZmFr1zVKMG+R4jw71KQidycL8ymA0uvb6R33Bs5/Qn+/+9q+/6fSJDT3VAxUfPLPjsc60fUgBs1UTFlZPoGguKpsQldANfCeNlSWVTY1OIYe5AWJJhV7wZFKSz+nh0TrkK5aac7ujz3/yTfv2rYINvtY+sGWJHMiRGQStcpgrYGE1guKMvA1bhHRyt8qGWLJ0AT6BldtxlwY8KY4tTOLcj4aQQRVvlNRXckpv6dEqGkY0q3iqqXMJ0wALOk1ff8CBanpVaTWDaa2ZfvgJT142sMWXkHoL83t/+bVvOH1av+K0Gwpj8raP3Xf+LNrz5M4KU0uMfZh/ZsrikOgenDRb+LKMQx4pS7Y8A4QSJ6fa9Lolihp7EQrKtN+d8hYJngG58aYrn/msJ65f2PyNX33TYCMMSZEed6IaukgQrXhZFuJa6qkurqW34FT8Fjg4kmL0aJhGeBcIf9TWPoUZdkxeH7p4z+VXHObze3VBrSehxAQ0F7JF1SgWfUrPNsXEtZGdv1EmhGYhfNDoLc38tb2RyBkm2v1su6so3ijEUBOtdJNG3p3rb6swyJsdXkHOGDJhiZZ2abCjaMCJIxCL0Fjk/cZTPhta2mLkT+Z6+1avveeuUwcO7l9Z+XS/haFlxvaqt/Jy0OmTZ7//5T+xsngxr/xm1vAHWJgh5T1tyRBItdY3R3rb3svm0vOaxICAi+JXmnZOib3qmjhUYEgFWuameB+gfrRZQE1p3Njud9ceOv2xR1+7ePhIbziYfvB9d25eWOX5alJKQWXO5xsP2z+e1zzrg1MJbml6lnJ0AkcoqiJOYRORSnY1Yh4DdI9VJS22rsLmJqbxvQnR/SReMqDHLjrnXvmfv913k0xDevHzxWo797p6NnasD74oyA4OgyY1NaNPvJFrKrkDRykYSq04v21aIEX7hkNZW6D0tVkcrkhwaHmxdDwl1kLS8pFezmrH4OY6LEsk4r2REgm0nAWR9jJRQPMX01qmug4jwBp+0+6Bffv/71f8wp2331v7P/OVbEa42fpTr/qNfXsu5TfV5JJx+YkHrEh47AcZ6NXYyYA3bDgXYbogdhNkoqVMwpImkKQFR5wjnzQ7ZsjNXDzppYvNqBD1mSULpDpJesYhoPXhhfFg/V/9n9/w7Gc/7fbb7nnZS//zpZddxmcj810wStLAhHxstJLEBAJGAYqnTChuBgHRmKuPfg2jCw5QUYAI7qvh9AIn9FBxMDXILKdGjOXylmvp4XCzNz+44cbDTB741px84qlFzwNWBiVNJH0YO9JqhqmFo1hRoYL4OQU0TD0WoW3ModeZDKuZsb6yn8WCvU9RCIdS5FpGUhnaLQUcBCOIK8hghsRIcgoFSD0CgRXbqxam0Y0ZKY09nbPnNvvdfb/6S3/2K7/4JwXps/SHVxzfdtvJhf7e+YXF+cVuf6HYizroHLWjGnnW6F8Mz9YzUHugZFbFA7+SPNw+uqDiwGOeO4WSioB8nMb87xHxd770mQcP7r/t1nve+RcfvvjwVeu80GLC521Mn07Qh8kIT2LnsSG2QDKRJV3Q0AepJukUjMMc8jspEnjO4SYkFy7bwq3EmvHAB3h8Zrm1ubZv8e//v+2dCZxlV13n6631auvqrXrLRkISSFgEgQSQHQcEQZYR5OMnOgqIjH4QhBlh3PjMqLjCqAgCI7iiIoKgjEKIQBIwoyghGyFJJ5Cl0510d3XXXq/qvar5/n7/c8+7tXSnk3QnQPp09X1n+e/nf84995xzz/0v3+cPlhXQ+u3JB8FQMNvSpJIdkBbogAGAQJy8EIMkwIHONWxNhD/y/Sf0SNI0AyDok89Nh2K0Q1QmgvQraKiq5QhTSeXlRzeTUxfh9umuIpYqdf8pgp1ANEJPE1epyTvCQ4rBgRAr9TADt94yOdA6xN5DT/4UtB7A32uu2v2v/3L93Ex9kFdC6HdlkTrmUJ/mXhJ11KNgTzwDu0h0lRS2kpXIxdyohYmsqlRUjVl5Cqy3UG3XSLnLUj/l2zsXHhDFBWJgsGm6v8N5CjqsjqMRF5/69McydL7t1n3XXfNNTgtdXOR4XlUaoAggibQARCoF3bBTKSTppV1jqmUDSLQiZulUfaofCGIHUUqQBsdXXEQpf/CjVWrqRcBLfAt1kYP7yd62c+OjH3vWaafzsrV0DfFA9D5OaNi82mgAogUwPQ3+itUrFfi/xZOEtocMGyioShRrR4Zypb/rSwkFA0g9/kSs+LXr60aDKEwK1PSiLAlFGDvGzU2kA4MryEGlyo5BAJTQbIJBEtUSm8iGqmladOB1c5HbJPpowqIyBl7qNNqz1QP7D2/bvjlhPoA/c3MLX/nyTZ/6u/83MnwaztFZVAv0hIlrR/2DpLFfo4528Ce16YY0UevSdAWUGogdga6pak0bCoKErxAVXSOKMKWKux/jl9ZWXaSDs8nZ9VXjLBEmBjkacWRj7eFnn8opI3vuGN+753CzNiZ/Yh7RJy6k2opxt4XRhSrMOaJM/RajGRcBIokLeMVxAEsoYCej6n0NQKksN+QjOJqDRTm5ftx7mPQ+82GnfdfjzvG7R5mwuFDb3MCqenIhHyL8OVtQ6RlFrqH+xoVck3h0obil3psmh6+d2mIGSwDkym9NTtRFobjmpLIqrEoKALMCVJedA07JBhUqYSLEfYI7TZFkWGgsrO47EPn5XgIYcV91ywSp5i0MmjTG4gV8oqUfjrkk0B/svnHv29/2wd/5g58eHOS70PDviSCIExkuveTKW24cHxnetdxHF6tuDDN6uIN97ITeCuX+0Y1WxpB4HlKiQ0pqgClfi7Ztv49xRq2hO2thQgAUbHOZq9qgBHLq4cisc/o1PsFcDZ+2Zjxd6R+sLHaXRkZbb/vFVzSb9Tf91HunJjid95TlTqOvPluptFhFEkEej0Na2T2sB0XLH8SVx0sduu3aX+23qKbKDXhdrZSFhRpd3HI96q48fqVqkaxWGUBeWhb9Rb2/snFz8+679ldrc2ec9d1PuGDtSiVtu9FXaWpvhqQKjhJc8srxHIiUXcXupKJa0zD4rR2Jn/BJLEyx7lZ241WumMGIODBUggSrIrOhMrhyNjNXvIBTBk2Mq7N0oWbdgyV44rpD6u4oKCAMwFXATiqDCF17xEAogpoYpuXJTlyXpmbmXv+T/+P9H/gN3hAXygMVLr30+q9fexcHXC53JppDHd2ZaN5Ue6eNgNTusvL0KEmDYNSJsJI39JJS0t4a2BaAFtLzNiYtib5O2lgjwBRwyVCwuIFEPnmd+YHq8rCMzpJ3p75/enFgsLV569gZp2/bsXPH1ERn4lB1dqrbNzzXV5upcVIi/aUaTaoCaNPn4A0iX2XPMLpoxyb3KukAOBWBHhZHMjAjE5IkySRdiAoR3d+iVHyMFZhQ7VTnO8N4MbMB8oHu0qF9h6bmFv/wg286/cyttkdByCQZ50xOH9q0yCHuDdo2s1E0QuYGGDNJYKyEtOxT0kAEHTChBSoEQJKQSsRg50LJRj4ZqjIPKSIJrIsE5aKkhcWqzMzMz860Ew1RNTH9AJbi4BErJcXGoQwPgKxEPrlrQ0FQhaabiZPRo0Mh6jJ2HBvbtGJaYC3F450zPj6t8bT0wB4xes+qhLQ5WShhGZzbKwrtemkbE8CVBszlmXIyCD+Uucs3jI1KJr2rpsNqfGyrhXS88KBqZowkKCo9Gd8SrbmIqKhaDJMXF2MK9yghsOKawXpJUXSvyI+Mhhheado6toEtYkYQb0d0Yc3k7n2HOEK6lBnCB4jpJWhhrTSaClaQO2IycwyCcmBCjxpO9o1b7vzmLXfS4HrBjU8ZGZ0oTl1K9oCJrYHPwGJYcAvmQXYFAARMOWVy6jez0pXq4uLC459w7sZNIyt4HeeExOEuRPu/7uqb59sMpqPycKr4ZxsgnhXRNUIpJ6ySVKDUhkrKRtm61isIilIBlogXRTI6uIKo8qWJbdtHx8ZGh4YHDh2Y3X3LbZPjLLnx5TlGKiYQjmxJhRW5WWBlJfKpKKWM4KKyzBFPdZflKRFR1MTNW08PyqFp6gm1/YxnPomHt8yhHJmdneelysGhgVjnKMZ/ZUEFngQoYzoudiFPUQTkagMavZe5Ej6IM61Sv2X3nZ+7+CvdvGEfuCxGNNrgwR2knCwYC3gtfAbWkwo3WptWzUtT5+To9hTUfGMq4nRijByrA032RdZ4t25s2yjngvT3n7hFLonOpOBtt+6/9HPXTE3N0mHRVGP0qBuwg6akLbDutujA/yJHnVyAWR3i8sAoRc1QHHgQNfqU6imYYEI3blGQeGm8QoduyzFHPrJh+MlPe+TwcKvZ37zphn1XXHHd7bfu5SmPvcq6S2JUkxeRQDF9sTNP5WUuohxA5hmQRIkQAsxxsFV3lkSlIJXwlC94eDMwB00LaTzM9w92n/yUxx3J9flGxt/97aVj2zdzyr/smaYHgrfopbAmI+XDR1gFGL+r1ImSMkw5XpRq5+bkRPeO29retIz51mWIM1AJ8ThWsIzJmZRpAJk5DLMeHeC1NENP4FGtOwnnGAXrEVS6iCmaTU5BwKIdtrU97wUXPvNZF9gDylYvxLh/vzx0MpG6/+7Dv/ILH2m1OJBVz9oShYNmWZpMweokfW2fsIau4co4cHR7SIh21qVAlk3Wtd4qe/bgixh+Ibfgoa2fLfdzC1/9gZdfsHHT8J7b9//Gr31446ZRdj52+f5Epy0/RmCaXY8zTEudrnaX6bnQoaROkVWq3KhKpC5VN6RUdwgDbsFDmVjDPKtNtw/qbnF4Q+3lz7ngKO8eMQ972y0z7bkWWyfVXYsAZoRy1K+vwTGLlwR3jWQXlVUpiBqxhBm+JzCKZABJm0HoW70bl3neGr0SBYk93Z6TAaknOj3blYJzBC9DqtQMeqRXABsPADJpocCTAUpix49bA5mqPCi3F5b6+0fm5+fv+MbB8f0zMtBaeiVh7nOUXdt79tz14T/9ZKulWTPmDV0NunHjLP70SGhHzaspWIpkDd8Z1CdSe0xtWh0pRrsJ63mhkaT1w3e0BhlJrrIGOQU6RcINUCK4bezRxaGXKrOd6t7/+saXnHr6tk98/LN/81efbg3uGmy2ZmYX/MxX4ZhGjCby8g15qKYNsJr8CpIqAIAyFSuf9VHVV9zcLJWEiXKd8CxakXSepbV0JJVvAMCIasaUT8BAtVHrm52bZnv3M579xAaJIwc9wml+BVLakIQ8UtdBLUDLyRC3o8tPgh1Gli5wxFYWQO6icYJMJ3i1WkkHvNw1VA5FIgfHk7C6AYO4xCuSCmpzRrMAxk9AKSNqAjnMT8Ce/wdHwq+s7GTTTCoiUbuOSx9sr3G1giQO0+sDnuxLXK62+ZJz33J/c+s//N2/feHzX/79P3yrIY/PJdSF1sL80sTBxVtumF6Y62sO8NafmqVcRq96qGKxpo2ou3pMzyBVfLOdGpKw9mIgsU9JQSfZQCkaGulIO3QtLOyag7KLBZIcnUjwJ0KnvrjIucptXmPrdquPf/yjeZmu2t06VH1UtTE3v0BnL8u77qJbiX7TdeGJtqDOVXVXsBYzy5NmTorunXZuad3bA7ACodwPquKQPGkkcpp9bfQ3ms3K817wrGc+9zGNhieyXXTkC4sYuhHRelE5mdTqQ1ntIAmsOLIVdOQ5wTqmp5RfqIYTa1yhddyeeELXFgxRcMNQEdrRZOn1HWxCMwDInUaR8G9coq5CDsVVTy5R/5LgI8OFJUwEdPMKKHmMYykJjuey+HUlQZf5bH3RoTY/v4SJOGG40ZScK0jep0T2e7Av+8K/f+2a26Ynl1oDw11tvydYpOQXsEPBEBLeWUdZm1z1nCkIJjBdFcLK+jo/AwAo7Ch1UaCuUI3ODMemEnn02bxt43Ofe+HQ8OClX/i3a6/9Jk9l6jVFQLwDLQtZEE9FMmSOJtiM5JJ0WS2tRHSRI2JSiKrcrJpB2GGhJcvxw/uXa+eObY93TQEP0QKkdyWXv+jSyc1ARIKFdVN+mWPGt9rJ6yJzFVghW2SLvGOip4SCMug1kgzcdejw/Ccf1U0IJ7RFAYx4gZRcEEIGU8dDJGTS4Fm3YdUbf+LhQESjGQUViaYnyItSOKrI6BQCA72lhcWFWrW/vzF89VW7oWv0+3sJqaCyb++BSz/3H1d86dq+SqteZ1M+wz6Ekk4IADPdAWQuZSB83EwlZVFfRCIeKjoJpNSHCui2j5WFhG90trAoFtYoSvWrIH4eQ0KIzQvN5tApp2y56NXf227P8RG4a665ud2dKXAlKCzAQDb+yI8iWTCoSTKTjR8Tj7LC+QRLIYiQiloAx2Sz/CLGfz/HyGMKYIHpjzF+p81K1oZR9tDBL5hbgiNcsuOpcSbnESiYEAwBIkI8rMIvcQzo0h5dUMwvfgVAAMbw1KPqA4FdOyIVdIBJR1DFrTnoAUUSDVf9CZr/cggBEhdhvMObioj7XpOugUuOIAyvuJWIIjLhYgqKEAIABHYCsiCpZSN1b41D+9u/+zt/4t38hhPscQif+uQXOp3+7TvO2Do2xuutGntLVomEJNJUuiKbBjaFbORpnBghKWY7AKN8jTIFHBoluCiyxWyDxEK0CjMGffoExlfUFYunHc4YYWtCpblxdJSZk6uv/vr89HCtMlSptQMYdlQzjDKvYA3ZsHCmTyRkNn1SKQQ811AQTT0mFjA0kcR9FM5SIBS6g6Jhg/8YmA2MVBfbh9745h/6/hc/vQDt4RQ56VdGSuKQk4YiFk98kATWIQDaEYk4mTwfUCqcwv5OJWWlRUlQYAKefAJXKivMBZGgUDz4w4NHDomlQCQMCpBxnRuzfrYI+QawIirUWJdxldfQEUIvRQOukhBY8FoQF73EY4UGPEciXHQGsdGPOZZak9dZGNS2a7WRX/3lP/7F//XjmzdvKCko8vcpwLry+Uuu56R5TqRgH3yTN+c4PUOiyQiIijrq0yUtDqHBIeLZ6+UnHm76Bprcn0VMKYt2WtGW4npStf4WEEqa0SXTRBmMwoygm4GqX1XrcTuLmtjStHgPa/ysR+x86y9zRFffe3/74uW+1uiG/marNTU9J6uKAP/54yFP9vYb6NQMotCNczyira0CWZdStOuy+8Wc4Wh4WpqkzVZ1xTHThY498bvaxkPJIt7OFhlU44Qf9j9AkDcNl+ZGn/P87+LT81IyiQTXIwTcjNcn+xY4tkuiq+fkdsL+fljEXQcJeQTVASoip2dySQh7khEYYinYFRW3RsqRU/PSMsN4n0jhtgQanidPFphMrURXp/tjeT6kIKRVwb6YqfYKgZRY7u8TlubOBMnr5oKTg/fiAcNSlRD13yBcsRz/yHCO+jtJISGxLeS9gWygvzmo7YoLAZt1EJH7Fvbffehn3/Dr9douNrF47xBsOV1NX7RIevUhKjLRCZKBHfFHCylbEyylACy80hTI3BTIwjFtF6awiNw4hChwBVFT5xPxiralwcwslI8PQHJ5/AkXbnrk+dsnDs+8+/f+bGBw00Kb11zbSwsL9coGUbAY+hViMg5x9XCQ152zeDwEBBXYbSNIEQ/evrXjHY0SdpToCZDzOgEF1k2c2AIda2BiE5xWAxDfByYmd7/slW/dvHlENSf6Rw10IIt4tr8eovkZe85yPBmrJ8B6JpOelU1TcVjnkLnIDtJXwYZA2qQOykYIgEBJkLJdpc5z5MQhWoI0sZohu2COoomLhRHQuIa9orBSwfVIvyGBSl1lFsuOYy1USkcGTXpeLRDq/jo92Hnvez/0rGc/+WlPe/KRyB5L/sz04k3XHz6wlz0k6nuRwBsT1Qnr1CQZ38ow86BmikYomeW1w5IStC529lSspKJhZMlCDkFUTICCQHI2F5Xr8aZ4Q1oDZzwXCTjlc3rfi1/5uPMecc7kZPuq/7hjdmKYl807SzPd5flmbRCKGAayYXh3Q+ZEE5JO2pimInWk/JOY6lxVxRYmSRJ7xyxcqv2QFpOrKksFJDnmgc01EHFB0q3CCzIvfMmFGzcOc/9U0T0FntnuuHO2WR+lkccjijtijUYQF52SyZPxjkIuSVCGABnV0ypZEjP0CLpl2GodofmCFeVUe544kN3uKQR8hlqVzPlHiqCqb29hazkMUqtzhLfMrvuS7C+h9K/a6Fx55SVnn3Oa6vN+BHbpzEwtPf5xT5rkNAN1tUt+MuNoFFnHPkLnplf95CMSR6EwhwzD7Kse7aKPN8YKcZJXJe0CWe0YPE+XZ9tiMYjzl27fsgF08Qg2THf2HT58/nnnnXXWGXv3HBob27kw0hgeHuwszvG8OziwA1vVqzo4X+J4iCV5ZUNNtmioRRPCCaDIik32BWA07pI2eo4y95DHwkhpQlSlJFYCfWiaGITzRlnz9yiIAoPCiynXl7/yORwsqB7qGAI7L84859Qzdu2o8wKjJuXRAolZWtRcLQ6AeXWo4D0RU91ICsmYA9rxvk4j5kotP2A4UFm7AJYGquxvpyBfo9p8vSfzrNCrp+wxVtIK7AcjgX/DtpD2Xin7QIgbnlOI90BwPL486uok6CY0W3xvmwGVoUGu205qP2GIcs4RxVV7TNUZRkQMdxzltiiA+M+xMnS0fNETFv0tD/50W88juiPyiYIQiU+hE+EeXcpM9N0LaEigIjWTAIkrCWVFv1bI11PZ8gdMwlplFuWKQBAJOycG8aPOm4kyntA4DpausI8nbw6Z0qM/n81l0V0sjA0lE9cNUVKKmOMiVBBTJIkn1ilEaRhZN7givyhO1g8hfc+jUzWYNIe/DC4dRJwnsS47Fzgsvn8VnaMnIci5T/T91iO7XAgjX7IeK+QPfdeQlVCErEiknVR0Tb4UJzPAuB/WL/n01Z/99FW6r93HgND83bMLrtAmKs2ScxFv6ZEbUhIlZJJVNLzoTByc6B8cGODwgdrMO37np4/d74PcYnvpj9732VtuvssjAXPEc8J+tH9JEQytkMykjJzlYVhPMEl1rCExsRf18MzZ1dHXXl7qZ2qoo8N3p2qtmXe/523wfs87P7n7hr2cpl+t8mrKAKIImRFBpY1FVoq3VhT1C8GRa7AJIDTKQlgyGlihZYlMGKbIYPjEgxc2gazM0my2hjcunvnwsR/64ecWMMf0e2D/5M/+1Pu2jG1k6yRDtXqdXfuIh0/igoxzkiQh+boUDbyOwAEcBIzux5LCM0HIWguSlwT4ivz4gWnfWlcxWg3s4mCZiYSDYIsAjtJMB7CcE/GMCEygZODkcMpP+zdSkXG4cGoX23sWZ2e79cbCFy+78kkXPprlLhEq7FWitToKzPve89Hrr5mam+GJikWDEM3i8a5atNwsrLBDvMjKPW7In4vWJgv41fwjvbZU9djpzC33NWuVQYD6h1pn7GJBtPJPn7rsG7fdfnDicHexMjK8cWlJ30vESWmk9Spvvob8/EQsX0uM5FORXHVdmbsOGAAQzAHr0DiYx1zQi4U8OfBKWKvveS969rmPPIUblFz2mAPzF+P75zkcWi+p4Pq1hWI0DolQJ2iVBShRV7bFS5VOOqsTKIXwOVXCLqL0HyudzAVgBFJcC2D9lnMSDCQ8raGkbon+M04C5seO49+CwkqwoiirYPyCoBKm0Fdv8mDEfABz6FVex15c0EbLYwlg3PrNO2+6Yc/sNGfUhWmCaQjkPkKEUqZpFlIFiO7z/KVQkp+cXJQBIlJOZsukzMImeDIW5EsVHB+rJsx5zuc/+iz6wJu+vmd2hgMh+cS56okxKX+aoY/z+iwPbncESSznCpnhu+ovSV5UX5YwdCwnJbNOytfzPZ7GRGln05bWaWds275zS0Df+6tuuDit5U8cCwlJJisVZEuSo5T/CgOughSGi5DTkEVyjaH6mEOlI+FclMRFXa5XZzX1t/I+6BzA5KFRyjWEotUDrB5MxfrpoVvB3C0gTsyWS0QdZ6tf/hNWsSNHsxT0c3IKxGQSkihYy+25zj9/5toXvuipQ8Psfc20TWW9C19p/JMPfmJmVm/oVSq8652O1gmtqYJgTS+kwXWhYEHJG8IQQBJyUUzySH4kBDuKtH0NXCggNgRtAdEgSfDMSOjqdLypoRLIsaow1RxY4BjKsR0jL3rx90xPzV531b6ZWT5I0M/7TKwAxZ2QhyO9Jdu3QEaoHTd1t+eCkcRRCOutUScKQ0J5CRRQnGBSrkLhKh9OCBdVqaUW+miWLJZqc0uHnvI9j2YHterW5jKBY7wwm8u5Y11W2CAvk7JTU8MpgvgVprOVTBIB/LvignjBe63byAGTa2lG1s7jehJDkTXB4jExqHMtnjwlgYEEF6XOSQJl+TRIjkDfZCNGlWSBSPJHMucEGLXFOhoTbbZ4QaT4LTjK6wFz1aIQ65F0eky18fJK8y1v+s3rv3ZzgbHOL1Pm8mTsurR8zVf3Ly/2dzucVMmttgfshqra5Y82GY5CcQjsa1I/48gE6EpTl6MnyBCYXBoDWJHMKNKdTGmjmlCpNqjy4x691m40N44fuvvs80af/6JHzc21f/K1v1JvDPBWClWltahMKEcCPS1KpTpCfv4gHn9ZHZISYGWQDFJDfm81MW/P78lhWEPjMZgwFzkueR7RZitN1rYmn/q0R226ry/QwShkUcth3BF1FI5vv4Q7fO2K0iXE83WFDmF8soApw6OWfMYNKSqL0oJ8j0Jd7qEtV2JWuASE1AeEEwNLnFILRErORIhMIqQDGDZEyKCCw92VcjDvIlHgAhw2IBLmAJFgUyTgLLLdUtUkmGUej5r1xuiBu6bu3npo245NPdKlmKaJ+/puuvGb7/rtP9mycYw+i/rTBPLSALrggqvYreomrYvIEQl1DJ/GiJaZwtBA3lPoKOsFVkSUAE7W74UCWKDL1QMD1cdXR2fPPvv0sx5+1p7bJwYHts/MzmJFGhKMIA5YcA8SBXpRGcnyKgxpiZi7mJJTXN0fJpGda9WgZoMoB+NneAD5Iyl27PWgkCeThfY7f/+/bdrC2q2MmKjcmx8ev7VgaG5mrTGdKlqsZUZnQpqIbrmYzvYXQsimei0CwEQlv+BTbqGOcgKFgrIB8fn0LS29pFHydSj4Ydu5zifHX+HIdOQNwYgrcGrBcVc2d8OLnVOJTqRj8Yh6ZekmF4cN6QwF44THQsJ2FrkYi3YuDN6h2jA8gJE++fErrv/a7a9/w0sEtzL4TlG54eu3fumy6+YmBip9C8tt8Gk8TKxpoFXI5EZQyI+lyA+p4gpVIvyhfnhFaEoOFWOeXAtihQyktTRlswMPuzBcRuA9TGAREv+pLT5sZunmN7zl5Wefs3P/3Qc/8L6P8GaWDx4UOVVEklZc3Kv0agGC5EAedtG6rLgQi2A7S/h44x5P6aEDEyIV2hXWEMekVAB0Fpb4qF6ztbxxS2fbjvtxShLkOIJHwkFftgzfhSF6Bi/Kitr3dhwLyeYK44QRkllExqGAVyLilh4c+j+5mTkGrFXmBX81ZMwfgKlIUomRZUA6ZcEAACS7SURBVCMvCSSjhe8JLmUaReiG78mu/KBiOgbzRZwCPmElUs5PYIpnNBM2A/SQFvwxRcP2m+q+PRP9zf477th36qkc8bVO4OXDW79xV98yHxqJwbYX2/H/uMskDLODKi7BVWorKOqQIrQ91CdgxWQGu4eSCSXg44op0m3UAKrkEk33euRoabXa199oLZx9zvbWQOOGr+/fe+eBZvU07k0xN6lbl+kLHz7mHizEFUmcI8u7dgSWg+F142A1VlcVyOxrQ2hnHoWoiWEQ5MRPBulI+Ijzdq7FPvYcVLE2yAOfoF0WKMd7kQCy8qVKSag9sJIMykwdBkwMkjkVEc4VYoDIlJXO4o+KFQUVq0FgMdxEAXR9QKAIvgVFIroQmdZYti4lpiYw9R+CCZTo/qS16QcrNg4AYHmBVLcVt8NgEFfQ3etz16V7q07OMQU+NzA4fHB87i///O/f/N9fs+o9aDgc2H/olpv23HT9nqXuEF+ttMn1hvsC35qytLZJYgJ9MmGuRXspa5mzBJKQD3lQwvNe6JIeNdFP0ga64ZXKiDIbGeF0XFNta1Ol7KX8WnPqnEfqY/HXXXvjFy+/csumM6cO6NtrfBsRSkgCNe2tSDRlZ+57qeOgT18IUakdSnIDjUrkar0QVioIMlQjIv5CkAycF+hUXKIjThkBxgBzuW9+x86tr/mJH6bqKCv10SXUe44uL8wtUHl+nzLcEltIsBSQRxUhqQghLcqH8VFPHTC8EUGuFWom4EDp2UfokWcwLA4eq7e4EPsout35xcXDzPF4M2qiVVhZaDgaQ8EoTWSO/AOjJI1hynQCKc0clJ7cCtlUvhY+sFzSYZmT4RySk0kLqA/UpuYO7b17+sYbFl/5qheffsb2VbM9b37TOw7ubzdqG/jebdoHiB/I54JPmXPiE/IXTPW7NmdVKclQORNdo4UzeAvMuxQhSCusxEcjGYV0O3Pz47/7/t8eaLVuuOGmSy+9bKCxfcPQtg5vJ/JhIHlZyEklRnWvYJeF4bZO/QPO1EnOxGAYPNfdKsFoXJDmZLeA11waQS0yzYAp5Swu9eXaOeeedsGFj7THQymkUvG9CqxY33Xw9o1b+aAUdUILTl7rFyRxbD3cys+tbKYcLxNHMqtD0sDpGqXkeJdz7ikSjUw/0jrHgrNLF3XInkI2TVAkh0iEXFRkrPObsSgrx8ugQXAVtZyZI2WUHM80A4x806EZLw8N9WY5qf7okGZn5jQESP1sJnMPkcwFuJWM1kcMmLJGZQrr4mSyqmT+VfoGB/uRk86Qj+3Aloov1YbULKfL8Uy/R7PALOcAVpYwsMoAa0szZdoTfYombZnaZLr1CAfs9OCPGqN2pqf4Vo3nb0pShTAhBvFV8hxF1HWBV6EjUZl+JDXuOKqoJwtPrAVyQ3V1l6v4xPI9Sb1+aHxq/OBUGILbjG+aRSdz5IqghA6VlttrN71YamJkiFoiXbQ7kpFVEBcpCsksclbUykrgSK0QkpsjoxiP6XbtGmsNNLudzq233bm0yLtiUKIzjRm9HnViau+rutYVXEt+WBIsoqUMiYzw3Fz19GIK5dIgKXZW0CM1bKKBLU9XfEls0+bRTZyoU6veduseTlY3JLD8oaLuVkHNgzSbjTQhc4q4gYTjUhkzwwi6oBLxnPSoglQQy4V6dMkCSCms1200qzt3bbuf/X2wWFjo7L7xDn1cKOti+bMAihw5RzbxEFAVHhSAz/FCGUqwICFZY62y7Af593+98eJP/4f2b0LJt4BA06iLyU/jFwSdyBdGaXklgEwP2kRF2+7XhAIYgLTtrIwb6KtyTEN7sIisKRIdPXhCjR0488t9bIDpvuqiZ593/pkMGj70fz4+NV6r8TaKHQif81SjCPnP0q6haYbFxQKLtRkVuev8SpJCu3WKc5YHXmqieoCrzrUn5xcOPv8FT3/B9z+Td1Xe/4cfXZj1yroeohmtcqhTDMHR0q3K0q6whglSKiFdmiQJjmXtSuKpIxC8BoXI4QrviWhdKZ/v6+O7try2prnvbnfmzHNGf/THXjYywiuI9zdMHJ7+nz//p7tOHfNzOp9116SF/Qy+Ek2hJHBkkIMhiqeRNf6FsmUA4wQtYUGvVKokFcDIbWa6s3/fXB4PU8AftDUl4DeB+FXST9x+8qdcwecuqeuP9uGji2JqOcHHYUZhTRBZZShPHJAMOtDHQ0ulsRqqQ4WA93oskUjShgleGGbeI4nHoseizrCrdN/7+x956X9+xvO+7+lPecqTP3/xDTOTc+rBWA+uVabnOFKXKWT5U7z7WhKPfNGnCAMXU/DilLVTIgWklQWSeLKWzWXtaImFNZKVQlrTFxfB6p3UxuaNOxoj7Q2jA/39tSsu+8b0eOXQBEcPsUnJyyfLC4hqE8lKRpSJbEwyIK58Ted78TjDECFYl54AtnAvib1kWJNA3UgGInkkufT1TVHtjfoQ78V3+xb/56tfMTR07zYnFwRX/7Ive/xgu9E/R7uCEw9qgkiz+xLShlVmNn7Ujs2eAIShWcCeD5GTQ/iS6cpMRKh1MrEVKZPmWaOjZq0mgY+k4NF/9Dl8JaDINXuZO4ciB0T7rmTVPwUB5tXfTMNFLpZ9HXKTK/yJXPmWq1lAauwSnhCZigQwbmY6nNM+DEt9zKzTuPP2w0xoPv1Zj/mzD/59Z4HXzVn0bbLdrdXSZ9bSq9bFeiFNzmTDqwqZxCtyVGp2zlJmiugnObmiYWvFihA5hs/q8FIE74JxL2Wne/vg9Piv/tZrtm3bxIDz3e/6eH2wOtwYpuVQD8w1u4ny6re4Q7KgX2avOPCxc8HmCvGijoIpICQTVsCEOsRxHcQL6JC6kBY6TAHzCfG+9sJMf6v9spdfePTT1AL92K9VnazP/QbBEn/7UkjLNVU0DdsVFIQlLfDC0Wtc8gn3MqIQDqP7qemFe8StISkvGhrDoDGKw46mnw4jocSkBUJhxHNORMJR6GwjWfZocnptRzSQxj/FJZNClEAMAKACEIAMU0bP8AUliRdx4FlP9ZKqfJp85jGvu+bOT3zs8qGhgTe/9UdHN7f4GFZ/q9+vjWoxiyXUeHnNuHBEF7wg0YYU9RFiIB5/YcrIyewimeWJSCgFpWKJt6eOERGbIvyeWuNmO/+0ZzxidMPQtdd+7W//5h+Gh0dbtcHZdpvJNq0s6B6I3iiVKgIWBXdJFQGCiAe7tfIAU4YPlKxOFtWUpD7AZSK4Dm81csrD0vJ0f2v6e57+qOPr+uEC1JdtgiMmlaxO0o4fN+xeEjBU4G+Vp/UgHFulC+4ebSDQueF6CKPxUbxK7NGDJMDi/BFRjlqByRHT8MI3egusUjKRlWsQZ666EEJ0DK+IcCGokaUAlKWf9BtqmI3uPRHAFeEY5RuFnCgiHyjpYzlcKH/17Q8WAzMT87fOj3/+kisufMoTOKj57n2TC+12hZEroyMx1zSub3xYQGtjlpBI2IfCpDIxqyjRg7WBFXWkaPgCEoqBCshAQtIeMW5JUoL3McCoNtoXPPlRNMg7bh2/+srbGvXtfFa80QiatGF5KYzwarPGMrobOOgnJHFv42qSbQlYJAEZhkWzeK5OT2yuPlktnAfQTCfpKPElowaQfQN80OKR55/xxAvO3Lx1g8gfv+CPoIbBw3yyX7gSUklArold+GEkKFTta54AGW3dAHP3HzDCdmZorag0El3hxp8Vr9QHhpqbtgxre6BX1ERet12j+1YCctwrA8Ac6GkEQPcgYPPSN4l6gQ/bZ4IASM+8KQUBuNvQ++llQYW4O2tkL+a6iWtIrreMLCsQBSSc0uhWR39gCFnMbqElUwaPrU53sNvXvuJfrnr6M5/4sLN2UTp5qN3fGuJtIPQI10fwgrBkxzDJXLC3SGH9iFvCVB8RF5SHjIjne6iPdNDysOSFomtRsI77V3WmlyuZxmGFqdZaePg5p9Peuh0eUlqj2v27wFf0RNZnzqCL0FYKY/8Pi4m4G4rntrweC3eBu96sDmZRnwOZlZWFlHqwgRo+RBCXTFXwSDBfXxqabVce993nveBFF4rZ8QtME/HRkC2bRnxwggRwPSNF+FHmhEzSJ4QnN7sHtqQiEVx1b3A/28g3WC2w68o2RqRc3aL67RI8pSI9PT3L57aXyht5Te4oF/lc2BgS0UrcUlehlMHMrIdFEo2lbSkUrpyzVnqRsq1pctYAsyAFHUbJpHlhlLdvRzaM8Fbf9PQcn41gkMNBDCDwCnJYmPlEqHOwJTaQFYKyBUKwIL3m2pPHqqlc1DI8GjmrRyYyvO4uxurygahs2NgaHh6YmJxkTxivSlBnPPzp3AQ1GtvEtzUgSdjCqkI4RaEYOwQwwlueVWJneGhEkXoKUZcQKYdfoVss5amYo5srsxzjvLzEdz1GNx7nT3vw2tBd+/geDEFryenLK7JhoY1UyxIq4ZDVyWnUCYEjp5RYYyjBuZ6sKZB0vRzpKm9w95lofhv/hCKhHg0ATdJ0WKrpB1+1kI2qyQ3GOQ++YKskSG2hJOcqgPuTTDPpNDI574MT5CrfmqZ/cOxxkqstILd48JzyAauE+s037btl9774oFDpnpH6Sd0AHcrNM+5GuagMkDNXkQqURKu4n60CLqMAmTkGbgbORa4hwRFhNoJ9JoIRFd3/mTZmDvFhZ+448+G7GM597rP/1l7oMtnj6WQdB2xEfgJFPVCwCL5lpiIJGGQTWsJN7mFQwchjgGP4rslBDZr9/MXbtSxhDgzUeFvmtNPHRkdHLr/8S31dHdPXV+Vcp87ywhjAPN1qUBRBNHneBd9DekGKNEw8uDEfXeDJxSqki0U1aCA4aswi5nxdTBxksdCJkZrSWWovzLcX7nrZy1/S7Ne8e4F03H4ZXX/q7780OrIBi0Mf9gSGfAzxrItbnfULlgCFfgFZzjRirzRkLYNlgMAq43I/q+++ae9n/vErsYNNMzYypjiHqf0YJwMky0sO3SiAAC6zyQBl+CIuZYJoFo4kBAsA8SNu7j2aJIFfy47M+MNR1Dlp2YvjVNmwyJBeg3dEw41wQY7pe+KF57YG6yPDw//4qS8ePDw7OjTE+Tb12oBWdPyUJxXiv4RUTA9EZsHVOWKCeFJYnP2KDVGCrl5Xs8mQQ6A8oS6x6smjRZetuaCwtjA33R4eWX7MBZuHhuscVHbJxZctzmzmWaOvOs1nNJZnzxU8M4rMglkGbbassVTNO6zioVkCZn2ghbd6JQ95WGvVowtnkSMeZZJcV4nqEAZMCedTAgj5thyTDYvQY/rBkxwD9B8cRjs3P9kYuPPFP/BCu37GPm6RmZm5j/zlJafu2sVKI2JEy2bcjQlZRYod1EkTS3sk37Cdeq5F0saPiZ0kLcqmuivEjxyAtVLdnp+bGB/XGzwRZOboCPgJW0XE04OxY1gSuktyxQg+5aBIQUeZGd0OorkL5iE0fsTauVQ1pdlaqy6sCNDpoTsrkgInaKnXBJXWdE9899hllC73zXXmG5XOX//FR7946cW/+553nHbmhqmrJycPsf2w2z94iCkU9Z8hLo0FwTTt6SypFr4UMoimHLy3vlfKl0YqWmGQyiELj4F5F6J7eJKl2aWDew6/9sKfOevMM3nImxnfNjvd5DDdvsooRwg3qgfEwzcKZtjBsn2QJvrdQnFWglAMXtr2aH2NVlzoPDQvpBkaBYSMkCzmnHJcpWpaNY5aYH6uOzM3xbl9u04Z/dXf+s2BwYEShUTouPzQXKdmZifHZzl1EG1Y5FBDVE+hTkv9kZYYehYuiRHCe2ZK7TsUTJk2eFQfHkyTyq4YAJDP8CZe4zPGS81ud8SfkZNqOBFVyfZ8AqZm5iEiSjsTp3WjYUkSNwoRV8EHj4yeWAJsajmpkyHVacv+0l1rfHJ3gggW3BM8mcBR50yECGChALAXd2i6teVqmgSlIVRGmtvnZ7sbhjbzWt3lX/jKz77lta/7kXfNTW7uZ+dUY4IXl9EGSqaOtbWwgni4fX76kXiJnTtlS2bZUFzC42mqvI4EQzvN1QBfw/W8aaKvytwZ8xj9TYZe8+/6vV/YddrWz3z6i5/4+KUzh1qDA0xDJfaL+qALjKEDc8yEJ7I4rbMP5Jmym5Vtq2oExYe+kEjVIda+O0oRaoarzZhKNWkEiENJnSCom4bod3TCyfJyY3iAQUibaQ8WBGGT1D3uP9zc2tsXuyN8ahF5NaulboeXMbj56DRbOb9dC9VkEHsdUoRenhBTHCsjo1c0Cnh1CwCqdgr7qI6AJEf1JesRsd92tFriLIzNCp6+pi2diWjIoLmnCn9EohskAgA5JAVTGIh4gKnSHI9SrvEXpQFGHBi1SoBR1PcZioJLMCIZLBA9aGISMkM8NWvt2uGMPlZnQ+BUwViDNFOXnaXZ+sB0a2B5fqbvsn++g/cYX//GFz3i0dtbQ3hVDf31+k1C4q6jwCdoWUbDHUIGPssZjw8Ixo3AV4GFqLFCprQFi3yLh7zQ47T+6vDA5uGBsU67te+u8Y1bR1iunZle7i4ODQ5s6nS0WMu7KJ1F7l+4N2pAie+GawQCL6ax0VG6V7p1Hywrvrq72XTix0IGb7zo/RyKQA5bgUtQqXALDV1fYT3JLGsvVqoLfKiiW52vVtvdxcnu0sQppw/9zJtfRrlpnJCLSbd1/P0ymw7nK/UO7ybX9Ll3iUoppg4LB3u8RYrYPchRkR0GfUPM8BPhsghtrQMx4qo2QVplW0PUwGTnJoNLvkBJTBETyHrbbEpRlEqhI3NqtOhSYQQeaQGRpm6S7aIDVV4qUEQ7DpzWWN3g5KamFejqPB3SY5+TEjb+uQim0AkAESQgPvYAyP81Bqm1ual2OjXWdD93yRWPffwjBka+1lker+vke1agssRmKyKMFEMEu1fw87hYNFMRMNER0VOifpJLjAVADmTxWcZP9Et63h0c7rvo+79vcLD5f//hS1ddeQtbgPVOuj78qfOw6HliK5IIYTAzpVVLGsmisaVpQ9nP8eSJh/KQRNURYqRcFxkB2gGW7CMADRR02xSOHwpkOSIIWW8NLm8d6z/73FPIOpEBuejb+YwcTDzGR3O1BCWtrxSXgK4RG0WeJVej2MoYOIwgSDuM8FHMV8cCyCiKOhlVjgWIMJpEc/ZrqOKMBx3Zg9AjY8RIZjblUgGX0rhGQcOEXLoqB8/ggU2tyKGHHc+URaZuhwXpHkywk7MoRNdm62AvZ3HhG4jaj8Mghk/zNC/5zBWsTY5sXBrcsDg/RRuRj3Jzh74aYJl0ELAYlGEV0e/BIHLUAv1PanqKcK8NWQHG9fn6KIdddWYZD23ZUn3N617CK2NfvPyrt9x4cGRwa7fK8yW7SukFaD/05PYCN3+Jb43VG8hk3KNCPIwKmMoJ0fgUca2VbRuqYDPjSfRSqdTR7U4sghoAuM5y/2Bjx6kbtu08zgtYFnblhQaprYZ6wtYAliqQTjzT448U+b4mKcmUK4amJJWh2hI1XxQhSNNklchIVxNwPJ4kCiyRwvIazjS7A8PtTryjqKZmi9CxEUnJTBEOEFzLJ0sSAEBBB8+Aib0kaEbSjV1E4EMdRCgD97gBkUOZqcmCIgoGwB50japqDwDVrVEEixkOKuPTN/XKwMzM0qFDU2988yt237Tn13/lz5lmsXicpqQFdZGRQ/i2ijbVZbZzdxCebgFT+aUXweAkwGsnFEMqDU21x0tDcs2S8OFygPUGCue79XHD4Stw/ewd3bFLp/N9/p//hQNUduzcsNCer9dna3XO2aS1MvhrVTpDqlL37uxuYDKUHQ+dpelaHUJ0aqz12uq624i/JI8AHxwHxcmTqNnaFNvC2WV6xnc+5Rruqb54dGjUGvMLEz/4qh95xCNPT5RP2A+dzvDG+f7WnL/e6dF3ITwdAXu29XEkffXIdZE0LdW+qjgXRb59MjxWGoUbAFNYKcyigrCeIOqNut8HPebDK4X+bRSii5A51LM0+xt6x3RpaX6unfbKhXEoK6zUU842VHItTC7qQRss52dq7tC48P0Fpo+7Hc1F4qF2uTJyxnQmKVHId8RChjLG/YwnFgUVJ3n+1/zwCQ40d7aW6BFzbch52YBrYY5fTgzHjx+9k5ROWuDbxAInvJV/m9jhpJgPOQucdP2HXJWfVDgsUGd7CX+M/51mkJUHXCfaRPeH1z3irgKIJOPs0HK50az19zfZT8IeWqYRGPoXZQLABAG5xizKLoo8GC8S2Xwu5lGMo4EG9SUAnnoXOkyoM9nqJw4LULpkREciVSpOUdjkonJ8LSQ5AZAUAq300CB45wiMSW0G94ODg+sOvAV6AgJj/ampGZZy19DOCiJhL16oswb8iBlFlbgmSnZbgcATV/1TH7vyY3/1ZQRKJZghx1cAH+fEPVbgceZncsynLvHGd//kc5537o+9+hU/95bfuOrKm4cHT9m0qZ9joPq6g8zWaBKH9TIWm/Q2EZNgTJIWxlE9MGOqKRWt/rL/Ps2pMC3D/ZMZ+oo++7K4u9O398N//Z7rrtl99Vdvvvjir20ZGT00NTnYHKlWeRdLr/9ZnFjXYIaX2STekiZTszxHC/dUO7TikNZyMslFo2ZtkzfKUWFRjVyzh4jKusPCrXdefv5jTvnjP33n0Tge77K9ew+89IVvePhZZ/KVJOyKAfUKDx+E7rKJiJfpOIqCN/OTGSRtyfj3SpZAhMK6WPR29b7afLV/ougYojJW9hNaeerVPYSUUD+pancc6magzyH1gl6Bd3lBXEXKsTLiZOSiLyShigWmDN8jp6JM3vFgJ93AY94xsXOSpdJyv8KMMVQxJN8+W1qcqf7r5TdcdFH3ta+76Prrbv3ERy9f6m5kZbFam+bgfpNjVYB3oiMaUgVriaf1EPTvNvkck0WiiKWlDs1By83Nhf7a4Lv+4N1bxzZfffXNX//6nWOjp3LsxYbBZrXO2YPx5WuPM71EYn5zmtNOnKWxbFu8n2kLSH6ZRSJlO6yNUAidNLMsObVqwDzXiOb/hS7p1UbZ/zQ//2vv+LlHPfZ0G8ZMHpALmwFGBs6qV8ewFhXoXQZMey2xpUbfTqjMSH3+ybukr10ijC/t7B0knZOSdsWeuVBYFkB5K1TghjUKHSGs72TUqxw44e7LzgczrBx4AenKTkhFPjLF4qJIF0xco5bLORQVJb1YQcC8yl5OgfWEXnBPakd+RqO0AEvszFCrY5HvSCSTzKJopXDNRqXWXx1a6oy//30f/k/Pf+ZZZ+8c3dhcmGean/VuvuskPtJfts9WkyI5IUgtWMfygaBjUaVC5S33DW9onXP+uTt3br/8si/vvWOmPdus1QfrrcP1Roc5ey3ZyCaICvVk5JjS78mqIn29OtSz+ivkCUkKg0i2wI38LLlZqGR5eVE73nxDgzOewt/h9uTWsdFt27ZIlAc24HCMACUeJmC9OzkSRkfjLI7ilIX6qhCriStimRDZVyW9YzcZExS7QUomNCtI3G4gWmz54tMS1aVOQ7sFZSOj+SZRWDbghJpziJurMsshpCSHCH/IHigBHPEo5Zo0K/CBofEBkylLGEmqPEUSpLJCdXIyfJQWMCk/kxKqqYHMja7eP9iptP/yLz793U94zM6dY+c95vRrrzzE/gJrH3tJktaJrHGhYYKiEQu6lkryadmJ7Tfak9MZ3rDx2d/7BNIX/9MV+/Z0ljocBtpt9GtfA59nYJE5CxNSCj+Pc8yPtoHCWXgiEedKeU6GTtgH0AAICU1DTARNUHPzmi+cZWJW66rzizMPe/iWoeEm4zYDPZAXbtDt5WV6mbp9GB+VZnp9lq17hbI9LZxjLzCcJc1CZ7DIiSTXTGeVYhRFqdZz+dBCa7AZB9S49VAWd4CEhWG5aZKgdns2XkXSSaMjZAiwDsQq+j14+j31c/dAfx2KzkK4zDLaD9naoeF8BFJzISF7YOjuYmff8tLw+ec+9Y7bD41sGP7RH/uBt331Qx1G4GzU02kIck+2lC0ycqdHEYp22Wg4JUJye33XS50NHuo+n53Hi3ONWo0v7vDg+LjHPXZ+tnPoAGv1lXoTtVjZZQ/wyuDKlIPTB+Sg1WK46IMfWaNcuG4EeGTStlUvNStlxSWoVYYFB1Xw+bAuHxLnNXjW14YGJw/M/8LbX79tx8ZeC1uX+gnIhCPrZpUGQ0OGx9w50V/G1G4KNWPZRfXk9ly2zVFkkdGOUrxeEfXLa+lzfi2dYZYrVnxNKawSJJUTIkVxkQyiR+IsgqYWYFBINEVKJZGM0gTjHwjmZI6TU5glKWq+XHDFVVAQ55bqnkQyhMvasomwTh/hYPr2LEdUbdmyde+d+zmmUPpTG3pmEAecXrcACZsC+SqifujV4UuRRGKDJ3XEd52rbFvg0E9OqLzttjta/UMutWgirTke5WgfsnYPageRC2Gkt0VsDzMPsmE6Q8As6x5x2daSFTYMZUWd7FwqeQGU5a2+TI4kTLBs2aqzPil9gIMOGd83rj2kIXlSQi6vDP5j2yhCMulSFrBUHcr3f3dr7qEK+KAlyom6SIS5hCQsDbmYfZNpSoGinBEy5GQJqhctw/dyHTsWdIgHWOAehdoq4iQTYmGQVbjJaPwUAKaQzEk2+wrwBRyR073lB3oiJODbIiw4kZDTGFFmIUNcIr3yWvgWDwGMfNiaJjpqTEVYJV6RveK3DLPKMiGFRVqBEonEZmXdFYKvA5+G2+uUnNgsrESbx4qwsX2SLaWXo+vaFuBV1ihLGahHASgD53ivXnPWQzASXns/FT8uRO6nDMeIjqhAuoEfI8Z3INhJ1/8OrNSTKh2LBR6E0d6xiHUS5qQFTrQFTrr+ibbwSfrfohY46frfohVzUqwTbYH65Z+77rLPX+tDuuMhWo/e8Rh0BN48HfGEoNm9YjpCOcZSZjnEdMS68wysKkKEK/AR8VXYR4BfJ7/gGw9t6wCsFAaOQPamECS3XvCNJaXazOzUs7/3sU980tlv/8UPjG3atbTExh6twGr3gZccKpqRjukEfmrN+sDs/Hj/QOdtv/TjB/fP/NH7/3F2ApD+SmOy9G6tnyYxDHRitufe9TaSMKyddYH3uiay7axfYoGoWpdoNpv7x2/5+V/6iU2bj/OZyVmkY48cPDDxy2/70Ni2zWxnQjzs4nUIVwqXmPuR4D2S9qLVddcrvk+xGnPR+/dPXH/d7TrVRSaOp/6wdbiIRVBBcJBQRWUweUcdAEZGeHCgAJlwLXRRT4lIQcg1igMZWpOMdn2VstwHSfPryaDyTD5LU7QckCwMSGXEnBSxQuzIFC1OeOWH5SqtYy3Xp2cnzjhz66mnbuIM2GuuuaW6PKxvnFBUm4/Tin02AHgg0WKanOQ2uKG76/QhpjKvveama6/6Znuar9+2+pqHfa6R5Q3b8GqhFp3MWqYSP34cVsUjM5fCSX1EoRelMWcaAOBmeNMhG1jrY69iDaHaag4uVac6HHrwLRDYJnz1V3efcuqOwvVxgBC691vIH9qpZmU+vZ9JSJm9CNiC0I8BuJTjK5NyQnktO4jqbGCjsjhMRntSQEmB+sHVtCWMtQe9hepAPaauS41VAOaqqIqUiQDK1i9+2SNIRuTym6TXnLdWjcQ61y5ZpipSQUiUYauVDpF11WclnZNuIACRTMBIXmxpS8BiYfktqkDZyMmV86G0XN3pjo62dt/4zeWl+d/632+66FVvH2yxCKpOnwXvvsYi5mJhVhiit8yLuPPzk8971oUvf+XTZqZn3vXOD9S7O/pbtWaTQz76+hrILqdFB1VbgzdhuWOACCpEebOXw0psTKumRTELQyH/ohdwF2AE5A5jqn8oo1Oa4fW2cFgHItpeyoE+NjE7tF/6gy8ZHh6Eg2rpQQ0IMDDE2p/aJMLLDrIX5lKNF7VW2EcFElf1Fi/vWwHZRwuPUldX+UzJnjGaMKJLiQkMVC8jih21Xp9fvHti5lr6OQP1LvaPlEy+3CtcJybheswEAIXsu3YEJQu34+XuPj7RbkUEW0AKMdNxaa8o5wuoRD+SxVUsVkEWRb1fTrCp1Jrz83wvbbnB6998sHZhiF2XB8bnxg8PvPp1L33RS7/r05+6fHZOG321i7PGt7VppV7+C7F4272xWO8/n2+af+zjH3vYaWfdftue8endS30zg61Rq4653WVokyD7VTgWhUNfyJGZsnEU76u0hvBLzuRZSOcD9CRdHQsDhoKOA5Cq1qB6Y16M1EBkSfr6A4cbT33mRQOD2in2oAedhVG9Y6J90J8FYlm5xivL9EISDIPh0NEhORXShq1CWbuQ9Mq+ES7kHPl3OJKIKaVf/udM56iIfQxsZJiZmZkVsYdaWNky3StjJry8smXL5pnp2bl5HUWGVZINC/uEpdTZ9vXRlQ4MtmZnZ+fn+N48vS71xj6shFFAFiSObOTo+VZXUcHxXv7C3Y0hpPAS9bZtm4t2ci+JHW9wNjIcODCeDCTiScoyH0tfzjgB8WhPJ4DwSZInLfCtbgENsE6GkxZ4CFrgpOs/BCv9pMqywEnXP+kHD1ELnHT9h2jFn1T7pOt/Z/sAkyUxz/SdreZ90e7/AyVrVgnK9YJRAAAAAElFTkSuQmCC'),('c70a086b9b8c42f79c84560434131caa','京都精工株式会社','611-0041','京都府宇治市槇島町千足19-8','0774-22-1071','','2018-11-26 14:42:34.754779','2018-11-26 14:42:34.754831','103391e2d93449168a0bdcc1bb808b97','d897d6292a83448b98a1d0c723b59e54',NULL),('d93be677cabc4c89b16263c39983b242','PT Kyotoseiko Indonesia','17550','Jl. Samsung 2 C Blick C 2 S UKM Center Kota Jababeka, Cikarang, Bekasi','021-2909-4282','','2018-11-26 14:44:11.422710','2018-11-26 14:44:11.422807','c03beed21cf34547b88896e44eb9ef72','3fc80130b99340f08b1f79c081a70d2e',NULL);
/*!40000 ALTER TABLE `user_company` ENABLE KEYS */;
UNLOCK TABLES;

--
-- Table structure for table `user_groups`
--

DROP TABLE IF EXISTS `user_groups`;
/*!40101 SET @saved_cs_client     = @@character_set_client */;
/*!40101 SET character_set_client = utf8 */;
CREATE TABLE `user_groups` (
  `id` int(11) NOT NULL AUTO_INCREMENT,
  `user_id` char(32) NOT NULL,
  `group_id` int(11) NOT NULL,
  PRIMARY KEY (`id`),
  UNIQUE KEY `user_groups_user_id_group_id_40beef00_uniq` (`user_id`,`group_id`),
  KEY `user_groups_group_id_b76f8aba_fk_auth_group_id` (`group_id`),
  CONSTRAINT `user_groups_group_id_b76f8aba_fk_auth_group_id` FOREIGN KEY (`group_id`) REFERENCES `auth_group` (`id`),
  CONSTRAINT `user_groups_user_id_abaea130_fk_user_id` FOREIGN KEY (`user_id`) REFERENCES `user` (`id`)
) ENGINE=InnoDB DEFAULT CHARSET=utf8;
/*!40101 SET character_set_client = @saved_cs_client */;

--
-- Dumping data for table `user_groups`
--

LOCK TABLES `user_groups` WRITE;
/*!40000 ALTER TABLE `user_groups` DISABLE KEYS */;
/*!40000 ALTER TABLE `user_groups` ENABLE KEYS */;
UNLOCK TABLES;

--
-- Table structure for table `user_user_permissions`
--

DROP TABLE IF EXISTS `user_user_permissions`;
/*!40101 SET @saved_cs_client     = @@character_set_client */;
/*!40101 SET character_set_client = utf8 */;
CREATE TABLE `user_user_permissions` (
  `id` int(11) NOT NULL AUTO_INCREMENT,
  `user_id` char(32) NOT NULL,
  `permission_id` int(11) NOT NULL,
  PRIMARY KEY (`id`),
  UNIQUE KEY `user_user_permissions_user_id_permission_id_7dc6e2e0_uniq` (`user_id`,`permission_id`),
  KEY `user_user_permission_permission_id_9deb68a3_fk_auth_perm` (`permission_id`),
  CONSTRAINT `user_user_permission_permission_id_9deb68a3_fk_auth_perm` FOREIGN KEY (`permission_id`) REFERENCES `auth_permission` (`id`),
  CONSTRAINT `user_user_permissions_user_id_ed4a47ea_fk_user_id` FOREIGN KEY (`user_id`) REFERENCES `user` (`id`)
) ENGINE=InnoDB DEFAULT CHARSET=utf8;
/*!40101 SET character_set_client = @saved_cs_client */;

--
-- Dumping data for table `user_user_permissions`
--

LOCK TABLES `user_user_permissions` WRITE;
/*!40000 ALTER TABLE `user_user_permissions` DISABLE KEYS */;
/*!40000 ALTER TABLE `user_user_permissions` ENABLE KEYS */;
UNLOCK TABLES;
/*!40103 SET TIME_ZONE=@OLD_TIME_ZONE */;

/*!40101 SET SQL_MODE=@OLD_SQL_MODE */;
/*!40014 SET FOREIGN_KEY_CHECKS=@OLD_FOREIGN_KEY_CHECKS */;
/*!40014 SET UNIQUE_CHECKS=@OLD_UNIQUE_CHECKS */;
/*!40101 SET CHARACTER_SET_CLIENT=@OLD_CHARACTER_SET_CLIENT */;
/*!40101 SET CHARACTER_SET_RESULTS=@OLD_CHARACTER_SET_RESULTS */;
/*!40101 SET COLLATION_CONNECTION=@OLD_COLLATION_CONNECTION */;
/*!40111 SET SQL_NOTES=@OLD_SQL_NOTES */;

-- Dump completed on 2019-04-16 23:42:59
