-- MySQL dump 10.13  Distrib 5.6.41, for Linux (x86_64)
--
-- Host: localhost    Database: bms_backend
-- ------------------------------------------------------
-- Server version	5.6.41-log

/*!40101 SET @OLD_CHARACTER_SET_CLIENT=@@CHARACTER_SET_CLIENT */;
/*!40101 SET @OLD_CHARACTER_SET_RESULTS=@@CHARACTER_SET_RESULTS */;
/*!40101 SET @OLD_COLLATION_CONNECTION=@@COLLATION_CONNECTION */;
/*!40101 SET NAMES utf8 */;
/*!40103 SET @OLD_TIME_ZONE=@@TIME_ZONE */;
/*!40103 SET TIME_ZONE='+00:00' */;
/*!40014 SET @OLD_UNIQUE_CHECKS=@@UNIQUE_CHECKS, UNIQUE_CHECKS=0 */;
/*!40014 SET @OLD_FOREIGN_KEY_CHECKS=@@FOREIGN_KEY_CHECKS, FOREIGN_KEY_CHECKS=0 */;
/*!40101 SET @OLD_SQL_MODE=@@SQL_MODE, SQL_MODE='NO_AUTO_VALUE_ON_ZERO' */;
/*!40111 SET @OLD_SQL_NOTES=@@SQL_NOTES, SQL_NOTES=0 */;

--
-- Table structure for table `Partner`
--

DROP TABLE IF EXISTS `Partner`;
/*!40101 SET @saved_cs_client     = @@character_set_client */;
/*!40101 SET character_set_client = utf8 */;
CREATE TABLE `Partner` (
  `id` char(32) NOT NULL,
  `partner_number` int(11) NOT NULL,
  `name` varchar(150) NOT NULL,
  `abbr` varchar(150) NOT NULL,
  `phone` varchar(15) NOT NULL,
  `fax` varchar(15) NOT NULL,
  `postal_code` varchar(20) NOT NULL,
  `address` longtext NOT NULL,
  `note` longtext NOT NULL,
  `is_delivery_destination` tinyint(1) NOT NULL,
  `is_supplier` tinyint(1) NOT NULL,
  `is_manufacturer` tinyint(1) NOT NULL,
  `created_at` datetime(6) NOT NULL,
  `modified_at` datetime(6) NOT NULL,
  `company_id` char(32) NOT NULL,
  `created_by_id` char(32) NOT NULL,
  `modified_by_id` char(32) NOT NULL,
  `is_customer` tinyint(1) NOT NULL,
  PRIMARY KEY (`id`),
  UNIQUE KEY `Partner_company_id_partner_number_057159aa_uniq` (`company_id`,`partner_number`),
  KEY `Partner_created_by_id_0251f090_fk_user_id` (`created_by_id`),
  KEY `Partner_modified_by_id_37357de7_fk_user_id` (`modified_by_id`),
  CONSTRAINT `Partner_company_id_85152c75_fk_user_company_id` FOREIGN KEY (`company_id`) REFERENCES `user_company` (`id`),
  CONSTRAINT `Partner_created_by_id_0251f090_fk_user_id` FOREIGN KEY (`created_by_id`) REFERENCES `user` (`id`),
  CONSTRAINT `Partner_modified_by_id_37357de7_fk_user_id` FOREIGN KEY (`modified_by_id`) REFERENCES `user` (`id`)
) ENGINE=InnoDB DEFAULT CHARSET=utf8;
/*!40101 SET character_set_client = @saved_cs_client */;

--
-- Dumping data for table `Partner`
--

LOCK TABLES `Partner` WRITE;
/*!40000 ALTER TABLE `Partner` DISABLE KEYS */;
INSERT INTO `Partner` VALUES ('03af4eba8a1440248e032cbd7735bdf5',13,'YSK CORPORATION','YSK','','','45601-8819','1 Colomet Drive Chillicothe, OH USA','',1,0,0,'2019-03-08 05:24:10.941634','2019-03-08 05:24:53.265502','934b0f1c099b4c07a6df75c894659048','1f3cc4b7c2154011a379f6fa1a16f530','1f3cc4b7c2154011a379f6fa1a16f530',1),('06b3924c9f524810af6bd9690842df99',68,'Southco','Southco','','','','','',0,0,1,'2019-03-14 22:55:37.966365','2019-03-14 22:55:37.966432','934b0f1c099b4c07a6df75c894659048','1f3cc4b7c2154011a379f6fa1a16f530','1f3cc4b7c2154011a379f6fa1a16f530',0),('0c1486686d6841ec8abdae73f4443e56',17,'MISUMI USA','MISUMI','','','','','',0,1,1,'2019-03-14 22:54:29.820703','2019-03-31 02:10:59.840962','934b0f1c099b4c07a6df75c894659048','1f3cc4b7c2154011a379f6fa1a16f530','1f3cc4b7c2154011a379f6fa1a16f530',0),('0d2e027a57d041a18b0c5c57989595e1',61,'Musashi Seimitsu Industry Co., Ltd.','Musashi','','','','','',0,0,1,'2019-03-14 22:55:29.397059','2019-03-14 22:55:29.397156','934b0f1c099b4c07a6df75c894659048','1f3cc4b7c2154011a379f6fa1a16f530','1f3cc4b7c2154011a379f6fa1a16f530',0),('130ef76db753428ba5125c82b58bce62',1,'ADVICS MANUFACTURING OHIO, INC','ADSMO','','','45036','1650 Kingsview Drive Lebanon, OH USA','',1,0,0,'2019-03-08 05:23:55.354745','2019-03-08 05:25:37.149588','934b0f1c099b4c07a6df75c894659048','1f3cc4b7c2154011a379f6fa1a16f530','1f3cc4b7c2154011a379f6fa1a16f530',1),('18f5b85ba2714962b75612d1b68738e3',24,'OTP Industrial solutions','OTP','','','45044','Park 63, 400 Wright Drive Middletown, OH','',0,1,0,'2019-03-14 22:54:39.672257','2019-03-14 22:54:39.672467','934b0f1c099b4c07a6df75c894659048','1f3cc4b7c2154011a379f6fa1a16f530','1f3cc4b7c2154011a379f6fa1a16f530',0),('1a7c04158f9f4910933677c33c276855',74,'Dongan Electric','Dongan','','','','','',0,0,1,'2019-03-14 22:55:44.956617','2019-03-14 22:55:44.956685','934b0f1c099b4c07a6df75c894659048','1f3cc4b7c2154011a379f6fa1a16f530','1f3cc4b7c2154011a379f6fa1a16f530',0),('1fe897343c7e4f15acd1add8062f65d7',45,'Patelite Corporation','Patelite','','','','','',0,0,1,'2019-03-14 22:55:07.702860','2019-03-14 22:55:07.702972','934b0f1c099b4c07a6df75c894659048','1f3cc4b7c2154011a379f6fa1a16f530','1f3cc4b7c2154011a379f6fa1a16f530',0),('206bc4bfafe7444198b6662179639876',20,'Star Manufacturing','Star','','','45246','9818 Princeton-Glendale Road, Cincinnati, OH','',0,1,1,'2019-03-14 22:54:34.297277','2019-03-14 22:54:34.297343','934b0f1c099b4c07a6df75c894659048','1f3cc4b7c2154011a379f6fa1a16f530','1f3cc4b7c2154011a379f6fa1a16f530',0),('23c834f9745741df804a6aa7e7f4c8fc',32,'Empire','Empire','','','48309','2119 Austine Ave. Rochester Hills, MI','',0,1,0,'2019-03-14 22:54:50.508463','2019-03-14 22:54:50.508531','934b0f1c099b4c07a6df75c894659048','1f3cc4b7c2154011a379f6fa1a16f530','1f3cc4b7c2154011a379f6fa1a16f530',0),('2dbe794e67f34c28a2f5e934ee672ad2',42,'Wells Brothers Inc','Wells','','','45302','105 Shue Drive Anna, OH','',0,1,0,'2019-03-14 22:55:03.891339','2019-03-14 22:55:03.891404','934b0f1c099b4c07a6df75c894659048','1f3cc4b7c2154011a379f6fa1a16f530','1f3cc4b7c2154011a379f6fa1a16f530',0),('2feadac4a4394d13b937aeb8422781f9',27,'Grainger','','','','','','',0,1,1,'2019-03-14 22:54:43.432295','2019-03-14 22:54:43.432523','934b0f1c099b4c07a6df75c894659048','1f3cc4b7c2154011a379f6fa1a16f530','1f3cc4b7c2154011a379f6fa1a16f530',0),('324d042fe2b743d4a61c769cf1939e4d',67,'TOGI','TOGI','','','','','',0,0,1,'2019-03-14 22:55:36.833464','2019-03-14 22:55:36.833557','934b0f1c099b4c07a6df75c894659048','1f3cc4b7c2154011a379f6fa1a16f530','1f3cc4b7c2154011a379f6fa1a16f530',0),('33da1411a9514481947cdbda017fbc7d',38,'Cosmo Solutions Technology, Inc','Cosmo','','','48375','40000 Grand River Avenue, Suite 206 Novi, MI','',0,1,1,'2019-03-14 22:54:58.633652','2019-03-14 22:54:58.633719','934b0f1c099b4c07a6df75c894659048','1f3cc4b7c2154011a379f6fa1a16f530','1f3cc4b7c2154011a379f6fa1a16f530',0),('388521aa1f1b4458a2a55b3d4ce06066',76,'ツバキ山九チェーン','ツバキ山九チェーン','','','','','',0,0,1,'2019-03-31 02:17:38.990763','2019-03-31 02:23:47.216042','934b0f1c099b4c07a6df75c894659048','1f3cc4b7c2154011a379f6fa1a16f530','1f3cc4b7c2154011a379f6fa1a16f530',0),('3ac1375ff661433390a0e55e96b93a9e',39,'Mechanic Machining (Shenzhen) Co., Ltd','Shenzhen','','','','','',0,1,0,'2019-03-14 22:54:59.872198','2019-03-14 22:54:59.872282','934b0f1c099b4c07a6df75c894659048','1f3cc4b7c2154011a379f6fa1a16f530','1f3cc4b7c2154011a379f6fa1a16f530',0),('3df8d11091c54f5693901248f68b3f73',51,'HIROSE','HIROSE','','','','','',0,0,1,'2019-03-14 22:55:15.471147','2019-03-14 22:55:15.471214','934b0f1c099b4c07a6df75c894659048','1f3cc4b7c2154011a379f6fa1a16f530','1f3cc4b7c2154011a379f6fa1a16f530',0),('3e5e4d1105c4441cafe1ff86bf367acd',22,'Allied Electronics','Allied','','','43085-2374','250 E.Wilson Bridge Road, Suite 270 Worthington, OH','',0,1,0,'2019-03-14 22:54:36.966195','2019-03-14 22:54:36.966289','934b0f1c099b4c07a6df75c894659048','1f3cc4b7c2154011a379f6fa1a16f530','1f3cc4b7c2154011a379f6fa1a16f530',0),('3ed21d4329d44d819f9c6d0e86579fbf',11,'Tokyo Sangyo, Inc.','Tokyo Sangyo US','','','45040','7577 Central Parke Blvd. Suite 213 Mason, OH USA','',0,0,0,'2019-03-08 05:24:08.501743','2019-03-08 05:25:00.333444','934b0f1c099b4c07a6df75c894659048','1f3cc4b7c2154011a379f6fa1a16f530','1f3cc4b7c2154011a379f6fa1a16f530',1),('427d7c2a4dc040f6b9944e05d78e99d7',10,'Sumitomo Shoji Machinex Co., Ltd.','SMX','','','541-0041','12th Floor, Sumitomo Building 4-5-33 Kitahama Chuo-ku Osaka, Japan','',0,0,0,'2019-03-08 05:24:07.150864','2019-03-08 05:25:03.961730','934b0f1c099b4c07a6df75c894659048','1f3cc4b7c2154011a379f6fa1a16f530','1f3cc4b7c2154011a379f6fa1a16f530',1),('42d8810b54f64efe87856fd59aff9643',1,'test','test','','','','','',0,0,1,'2019-03-29 06:03:29.844805','2019-03-29 06:03:29.844878','000615fcecb94400974a6781b96eabc0','1ceeb8375ae443d5823be060d730bb6e','1ceeb8375ae443d5823be060d730bb6e',0),('4412f6bb9ab941baa48c5f64c61c9950',43,'TRIAD Technologies','Triad','','','45459','985 Fall Creek Drive, Vandalia, OH','',0,1,0,'2019-03-14 22:55:05.120837','2019-03-14 22:55:05.121147','934b0f1c099b4c07a6df75c894659048','1f3cc4b7c2154011a379f6fa1a16f530','1f3cc4b7c2154011a379f6fa1a16f530',0),('49a6166df6ce49cd94d432fdbb7ba4cf',40,'SEDECO USA','Sedeco','','','','','',0,1,0,'2019-03-14 22:55:01.206122','2019-03-14 22:55:01.206187','934b0f1c099b4c07a6df75c894659048','1f3cc4b7c2154011a379f6fa1a16f530','1f3cc4b7c2154011a379f6fa1a16f530',0),('521e21dd1f464254924d9ac10231e838',58,'UNIPULSE','UNIPULSE','','','','','',0,0,1,'2019-03-14 22:55:25.931379','2019-03-14 22:55:25.931448','934b0f1c099b4c07a6df75c894659048','1f3cc4b7c2154011a379f6fa1a16f530','1f3cc4b7c2154011a379f6fa1a16f530',0),('5e3771baf0a14b9c828c86a9a868b2dd',49,'NITTO DENKO CORPORATION','NITTO','','','','','',0,0,1,'2019-03-14 22:55:12.735660','2019-03-14 22:55:12.735730','934b0f1c099b4c07a6df75c894659048','1f3cc4b7c2154011a379f6fa1a16f530','1f3cc4b7c2154011a379f6fa1a16f530',0),('624f8a1462684e348806d3532d444b37',8,'Sanritsu America, Inc.','Sanritsu','','','45431','4200 Colonel Glenn Highway, Suite 300, Beavercreek, OH USA','',0,0,0,'2019-03-08 05:24:04.615107','2019-03-08 05:25:11.113961','934b0f1c099b4c07a6df75c894659048','1f3cc4b7c2154011a379f6fa1a16f530','1f3cc4b7c2154011a379f6fa1a16f530',1),('65e5a01ee13c40c7a58d394cc846f460',50,'APISTE  CORPORATION','APISTE','','','','','',0,0,1,'2019-03-14 22:55:14.136202','2019-03-14 22:55:14.136289','934b0f1c099b4c07a6df75c894659048','1f3cc4b7c2154011a379f6fa1a16f530','1f3cc4b7c2154011a379f6fa1a16f530',0),('67ef8fead67b443881e45ce3162214b4',63,'Panasonic','Panasonic','','','','','',0,0,1,'2019-03-14 22:55:31.909291','2019-03-14 22:55:31.909463','934b0f1c099b4c07a6df75c894659048','1f3cc4b7c2154011a379f6fa1a16f530','1f3cc4b7c2154011a379f6fa1a16f530',0),('68bfe991ded04e63b36544b44fc81bc1',12,'USUI International corporation OH','USUI','','','45241','88 Partnership Way Sharonville, OH USA','',1,0,0,'2019-03-08 05:24:09.732089','2019-03-08 05:24:57.071764','934b0f1c099b4c07a6df75c894659048','1f3cc4b7c2154011a379f6fa1a16f530','1f3cc4b7c2154011a379f6fa1a16f530',1),('69771aeb221b41f0aad2311ede460ce6',75,'Oriental Mortor','Oriental Mortor','','','','','',0,0,1,'2019-03-29 05:41:10.870262','2019-03-29 05:41:10.870330','934b0f1c099b4c07a6df75c894659048','1f3cc4b7c2154011a379f6fa1a16f530','1f3cc4b7c2154011a379f6fa1a16f530',0),('6a4b37492b354fe6b9980a132f80baf9',6,'MC MACHINERY SYSTEMS, INC.','MEAA','','','60007','85 Northwest Poing Blvd. Elk Grove Village, IL USA','',1,0,0,'2019-03-08 05:24:02.079284','2019-03-08 05:25:18.106684','934b0f1c099b4c07a6df75c894659048','1f3cc4b7c2154011a379f6fa1a16f530','1f3cc4b7c2154011a379f6fa1a16f530',1),('6da3e384786e499d962ba05fe5fed277',54,'BANNER','BANNER','','','','','',0,1,1,'2019-03-14 22:55:19.349797','2019-03-14 22:55:19.349891','934b0f1c099b4c07a6df75c894659048','1f3cc4b7c2154011a379f6fa1a16f530','1f3cc4b7c2154011a379f6fa1a16f530',0),('6e98801046104504aaa96929a1ddfbf3',64,'Glockner Oil Company','Glockner','','','43217','2144 John Glenn Avenue Columbus OH','',0,1,1,'2019-03-14 22:55:33.136691','2019-03-14 22:55:33.136788','934b0f1c099b4c07a6df75c894659048','1f3cc4b7c2154011a379f6fa1a16f530','1f3cc4b7c2154011a379f6fa1a16f530',0),('73b8c8366357446299b4ede87d81278f',57,'TSUBAKIMOTO','TSUBAKI','','','','','',0,0,1,'2019-03-14 22:55:24.390893','2019-03-14 22:55:24.390981','934b0f1c099b4c07a6df75c894659048','1f3cc4b7c2154011a379f6fa1a16f530','1f3cc4b7c2154011a379f6fa1a16f530',0),('7466e07a3a244ca7a1e676c81527cf1a',18,'IDEC CORPORATION','IDEC','','','45251','3078 Compton Road, Cincinnati, OH','',0,0,1,'2019-03-14 22:54:31.057160','2019-03-14 22:54:31.057236','934b0f1c099b4c07a6df75c894659048','1f3cc4b7c2154011a379f6fa1a16f530','1f3cc4b7c2154011a379f6fa1a16f530',0),('769bb44b81c044e288e206cc7dbbfc26',9,'Sumitomo Corporation of Americas','Sumitomo','','','48393','30260 Oak Creek Drive Wixom, MI USA','',0,0,0,'2019-03-08 05:24:05.981092','2019-03-08 05:25:07.161174','934b0f1c099b4c07a6df75c894659048','1f3cc4b7c2154011a379f6fa1a16f530','1f3cc4b7c2154011a379f6fa1a16f530',1),('7fce2a8b28a6454ab6d7af18627bf012',37,'Queen City Polymers','Queen City','','','45069','6101 Schumacher Park Dr. Cincinnati, OH','',0,1,1,'2019-03-14 22:54:57.097457','2019-03-14 22:54:57.097550','934b0f1c099b4c07a6df75c894659048','1f3cc4b7c2154011a379f6fa1a16f530','1f3cc4b7c2154011a379f6fa1a16f530',0),('8207ed771b544ca4b07c3a4bb2b623b6',26,'C&E sales, inc.','C & E','','','45459','677 Congress Park Dayton, OH','',0,1,0,'2019-03-14 22:54:42.065419','2019-03-14 22:54:42.065525','934b0f1c099b4c07a6df75c894659048','1f3cc4b7c2154011a379f6fa1a16f530','1f3cc4b7c2154011a379f6fa1a16f530',0),('8267c910302f439d9db3c68b4bb81836',60,'Schuster Electronics','Schuster','','','','','',0,1,1,'2019-03-14 22:55:28.238870','2019-03-14 22:55:28.238952','934b0f1c099b4c07a6df75c894659048','1f3cc4b7c2154011a379f6fa1a16f530','1f3cc4b7c2154011a379f6fa1a16f530',0),('82e92f9259944050a80f67f8154aa633',41,'Accu-Tool','Accutool','','','45371','9765 Julie Court, Tipp City, OH','',0,1,0,'2019-03-14 22:55:02.575507','2019-03-14 22:55:02.575574','934b0f1c099b4c07a6df75c894659048','1f3cc4b7c2154011a379f6fa1a16f530','1f3cc4b7c2154011a379f6fa1a16f530',0),('8e4158d459914592ab3d519c886285a1',44,'Fuji Electric','FUJI','','','','','',0,0,1,'2019-03-14 22:55:06.452598','2019-03-31 02:30:42.686309','934b0f1c099b4c07a6df75c894659048','1f3cc4b7c2154011a379f6fa1a16f530','1f3cc4b7c2154011a379f6fa1a16f530',0),('91f8d94515634b1ebf16c10c41c05864',65,'Fujikin','Fujikin','','','','','',0,0,1,'2019-03-14 22:55:34.309411','2019-03-14 22:55:34.309523','934b0f1c099b4c07a6df75c894659048','1f3cc4b7c2154011a379f6fa1a16f530','1f3cc4b7c2154011a379f6fa1a16f530',0),('9401deb173b04474b09bcb1f72b34696',15,'OMRON AUTOMATION AMERICAS','Omron','','','43017','5860 Venture Drive, Suite D Dublin, OH','',0,0,1,'2019-03-14 22:53:30.916033','2019-03-14 22:53:30.916289','934b0f1c099b4c07a6df75c894659048','1f3cc4b7c2154011a379f6fa1a16f530','1f3cc4b7c2154011a379f6fa1a16f530',0),('968d1e380a9a447883a38e3cd2857a27',5,'MARUKA U.S.A. INC.','MARUKA','','','41042','7453 Empire Drive Suite 140 Florence, KY USA','',0,0,0,'2019-03-08 05:24:00.991367','2019-03-08 05:25:21.297844','934b0f1c099b4c07a6df75c894659048','1f3cc4b7c2154011a379f6fa1a16f530','1f3cc4b7c2154011a379f6fa1a16f530',1),('99c3ad7a8ee849898dc0860c63702b29',3,'Kyotoseiko co., ltd.','KSJ','','','611-0041','19-8, SENZOKU MAKISHIMA-CHO, UJI, KYOTO, JAPAN','',1,1,1,'2019-03-08 05:23:58.720552','2019-03-08 05:25:29.030033','934b0f1c099b4c07a6df75c894659048','1f3cc4b7c2154011a379f6fa1a16f530','1f3cc4b7c2154011a379f6fa1a16f530',1),('a082f8e06a024e0395585692e70cd5bf',33,'Tooling Zone Inc.','Tooling Zone','','','45066','285 S. Pioneer Blvd. Springboro, OH','',0,1,0,'2019-03-14 22:54:51.766072','2019-03-14 22:54:51.766180','934b0f1c099b4c07a6df75c894659048','1f3cc4b7c2154011a379f6fa1a16f530','1f3cc4b7c2154011a379f6fa1a16f530',0),('a194ee454899457d9584ff8bb80dafc6',36,'Precision Tools Service, Inc.','PTS','','','43064','8305 Estates Parkway Plain City, OH','',0,1,0,'2019-03-14 22:54:55.936520','2019-03-14 22:54:55.936606','934b0f1c099b4c07a6df75c894659048','1f3cc4b7c2154011a379f6fa1a16f530','1f3cc4b7c2154011a379f6fa1a16f530',0),('a293a2de724044de8ad32752a356f557',62,'NBK','NBK','','','','','',0,0,1,'2019-03-14 22:55:30.457414','2019-03-14 22:55:30.457481','934b0f1c099b4c07a6df75c894659048','1f3cc4b7c2154011a379f6fa1a16f530','1f3cc4b7c2154011a379f6fa1a16f530',0),('a4cc2ac4eb534f4e9e5988b23b72bac5',23,'MQ Automation','MQ','','','45237','1859 Section road Cincinnati. OH','',0,1,0,'2019-03-14 22:54:38.343971','2019-03-14 22:54:38.344038','934b0f1c099b4c07a6df75c894659048','1f3cc4b7c2154011a379f6fa1a16f530','1f3cc4b7c2154011a379f6fa1a16f530',0),('a4fb1cd8834c452ab879dfb4f14427ef',16,'IAI America, Inc.','IAI','','','60173/45434','110 E. State {arlwau. Schaumburg, IL/2964 Patsie Dr. Beavercreek, OH','',0,0,1,'2019-03-14 22:53:32.495430','2019-03-14 22:53:32.495530','934b0f1c099b4c07a6df75c894659048','1f3cc4b7c2154011a379f6fa1a16f530','1f3cc4b7c2154011a379f6fa1a16f530',0),('a7a7ad17364c4207b1c6b2a5bf4b4bb5',34,'Brehob Corporation','Brehob','','','','','',0,1,1,'2019-03-14 22:54:52.968082','2019-03-14 22:54:52.968147','934b0f1c099b4c07a6df75c894659048','1f3cc4b7c2154011a379f6fa1a16f530','1f3cc4b7c2154011a379f6fa1a16f530',0),('a826845e556040afa5a8c4c5668ab2f8',21,'Palmer Bolt & Supply Co.','Palmer','','','45356','250 First Street PO Box 401 Piqua, OH','',0,1,0,'2019-03-14 22:54:35.561154','2019-03-14 22:54:35.561233','934b0f1c099b4c07a6df75c894659048','1f3cc4b7c2154011a379f6fa1a16f530','1f3cc4b7c2154011a379f6fa1a16f530',0),('a8920239e6b64733971a1f1dba9b703b',48,'COSEL CO., LTD.','COSEL','','','','','',0,0,1,'2019-03-14 22:55:11.453750','2019-03-14 22:55:11.453817','934b0f1c099b4c07a6df75c894659048','1f3cc4b7c2154011a379f6fa1a16f530','1f3cc4b7c2154011a379f6fa1a16f530',0),('aa2c6cbd0b0a4b0c94fd68d5ffd73d6a',53,'NACHI AMERICA, Inc.','Nachi','','','','','',0,1,1,'2019-03-14 22:55:18.110264','2019-03-14 22:55:18.110334','934b0f1c099b4c07a6df75c894659048','1f3cc4b7c2154011a379f6fa1a16f530','1f3cc4b7c2154011a379f6fa1a16f530',0),('ac06443e80bc4a87a0ac3af79330d0ad',66,'Hirose Valves','Hirose Valve','','','','','',0,0,1,'2019-03-14 22:55:35.466588','2019-03-14 22:55:35.466690','934b0f1c099b4c07a6df75c894659048','1f3cc4b7c2154011a379f6fa1a16f530','1f3cc4b7c2154011a379f6fa1a16f530',0),('aff6f84322684910ab7813e3db8ae044',70,'YAMAHA Mortor Co., Ltd.','YAMAHA','','','','','',0,0,1,'2019-03-14 22:55:40.428178','2019-03-14 22:55:40.428519','934b0f1c099b4c07a6df75c894659048','1f3cc4b7c2154011a379f6fa1a16f530','1f3cc4b7c2154011a379f6fa1a16f530',0),('b82374dbcafe41c4b3abee52aa4bacea',25,'Towers Fastners Co., Inc.','Towers','','','11742','1690 North Ocean Ave, Holtsville, NY','',0,1,0,'2019-03-14 22:54:40.817599','2019-03-14 22:54:40.817664','934b0f1c099b4c07a6df75c894659048','1f3cc4b7c2154011a379f6fa1a16f530','1f3cc4b7c2154011a379f6fa1a16f530',0),('b9247e501bdf44b6912e8013891709ba',19,'KEYENCE CORP. OF AMERICA','KEYENCE','','','45242','4555 Lake Forest Drive, Suite 375, Cincinnati, OH','',0,1,1,'2019-03-14 22:54:33.013031','2019-03-31 02:18:13.517964','934b0f1c099b4c07a6df75c894659048','1f3cc4b7c2154011a379f6fa1a16f530','1f3cc4b7c2154011a379f6fa1a16f530',0),('b94340923e8e4438b7e9ccfa8221d154',55,'NOK','NOK','','','','','',0,0,1,'2019-03-14 22:55:20.561943','2019-03-14 22:55:20.562086','934b0f1c099b4c07a6df75c894659048','1f3cc4b7c2154011a379f6fa1a16f530','1f3cc4b7c2154011a379f6fa1a16f530',0),('bc2be84310824efcae40871f0e7ed422',29,'Centerline Tool & Machine','Centerline','','','45403','1330 E. Second St. Dayton OH','',0,1,0,'2019-03-14 22:54:46.193879','2019-03-14 22:54:46.193952','934b0f1c099b4c07a6df75c894659048','1f3cc4b7c2154011a379f6fa1a16f530','1f3cc4b7c2154011a379f6fa1a16f530',0),('bc71c50fff4e4f78a6a3115989533fd4',71,'Swagelok','Swagelok','','','','','',0,0,1,'2019-03-14 22:55:41.602941','2019-03-14 22:55:41.603044','934b0f1c099b4c07a6df75c894659048','1f3cc4b7c2154011a379f6fa1a16f530','1f3cc4b7c2154011a379f6fa1a16f530',0),('bd96f7ac9615450596666a07296e58b1',56,'TAIYOTEKKO','TAIYOTEKKO','','','','','',0,0,1,'2019-03-14 22:55:22.486419','2019-03-14 22:55:22.486506','934b0f1c099b4c07a6df75c894659048','1f3cc4b7c2154011a379f6fa1a16f530','1f3cc4b7c2154011a379f6fa1a16f530',0),('c408612883e341a9a88d9519891afd5b',31,'Beaver Valley Supply Company Inc.','Beaver','','','45434','781 Factory Road Beavercreek, OH 45434','',0,1,0,'2019-03-14 22:54:48.959030','2019-03-14 22:54:48.959096','934b0f1c099b4c07a6df75c894659048','1f3cc4b7c2154011a379f6fa1a16f530','1f3cc4b7c2154011a379f6fa1a16f530',0),('c47db7d115c34c389fe5059ebe8afce4',52,'CKD USA','CKD','','','','','',0,1,1,'2019-03-14 22:55:16.670592','2019-03-14 22:55:16.670661','934b0f1c099b4c07a6df75c894659048','1f3cc4b7c2154011a379f6fa1a16f530','1f3cc4b7c2154011a379f6fa1a16f530',0),('c931b8ae66084d7bbd4551d5082aef02',73,'WON','Won','','','','','',0,0,1,'2019-03-14 22:55:43.753200','2019-03-14 22:55:43.753278','934b0f1c099b4c07a6df75c894659048','1f3cc4b7c2154011a379f6fa1a16f530','1f3cc4b7c2154011a379f6fa1a16f530',0),('d2f38615a52741d393dbfee297b911f7',35,'Cincinnati Hose & Fittings/Kentucky Fluid Air','Cincinnati hose','','','45241','11632 Rockfield court Cincinnati OH','',0,1,0,'2019-03-14 22:54:54.436545','2019-03-14 22:54:54.436644','934b0f1c099b4c07a6df75c894659048','1f3cc4b7c2154011a379f6fa1a16f530','1f3cc4b7c2154011a379f6fa1a16f530',0),('d709fa36b26f4828b637887c27285e77',72,'Parker','Parker','','','','','',0,1,1,'2019-03-14 22:55:42.687870','2019-03-14 22:55:42.687967','934b0f1c099b4c07a6df75c894659048','1f3cc4b7c2154011a379f6fa1a16f530','1f3cc4b7c2154011a379f6fa1a16f530',0),('dc3c5a67dc634700922d065584bc23ca',69,'JIS','JIS','','','','','',0,0,1,'2019-03-14 22:55:39.093412','2019-03-14 22:55:39.093560','934b0f1c099b4c07a6df75c894659048','1f3cc4b7c2154011a379f6fa1a16f530','1f3cc4b7c2154011a379f6fa1a16f530',0),('e339fe6f57334caf97653a37c201b067',14,'SMC Corporation of America','SMC','','','41018','4598 Olympic Boulevard, Erlanger, KY','',0,0,1,'2019-03-14 22:53:29.628877','2019-03-29 05:42:32.221946','934b0f1c099b4c07a6df75c894659048','1f3cc4b7c2154011a379f6fa1a16f530','1f3cc4b7c2154011a379f6fa1a16f530',0),('e4c0aaf4771b43b5924b0c5acda376b5',59,'THK','THK','','','','','',0,0,1,'2019-03-14 22:55:27.114857','2019-03-14 22:55:27.115205','934b0f1c099b4c07a6df75c894659048','1f3cc4b7c2154011a379f6fa1a16f530','1f3cc4b7c2154011a379f6fa1a16f530',0),('e513285a6234405dbfe821a88493bd69',46,'Mitsubishi Electric','Mitsubishi','','','','','',0,0,1,'2019-03-14 22:55:08.884528','2019-03-14 22:55:08.884595','934b0f1c099b4c07a6df75c894659048','1f3cc4b7c2154011a379f6fa1a16f530','1f3cc4b7c2154011a379f6fa1a16f530',0),('e6cd49b1a2d94e8f83e830f36a5c51e4',2,'Hitachi Powdered Metals(USA), Inc.','HPMA','','','47240','1024 Barachel Lane P.O. Box 588 Greensburg, IN USA','',1,0,0,'2019-03-08 05:23:57.239798','2019-03-08 05:25:32.840139','934b0f1c099b4c07a6df75c894659048','1f3cc4b7c2154011a379f6fa1a16f530','1f3cc4b7c2154011a379f6fa1a16f530',1),('e7960139014b4710bf51480797e6629f',28,'McMaster-Carr','McMaster','','','','','',0,1,1,'2019-03-14 22:54:44.987510','2019-03-14 22:54:44.987581','934b0f1c099b4c07a6df75c894659048','1f3cc4b7c2154011a379f6fa1a16f530','1f3cc4b7c2154011a379f6fa1a16f530',0),('f47679821b8545a8a873fb451f6b162d',4,'MAHLE Filter Systems, North America, Inc.','MAHLE','','','37127','906 Butler Drive Murfreesboro, TN USA','',1,0,0,'2019-03-08 05:23:59.791666','2019-03-08 05:25:24.928155','934b0f1c099b4c07a6df75c894659048','1f3cc4b7c2154011a379f6fa1a16f530','1f3cc4b7c2154011a379f6fa1a16f530',1),('f75707919ea645ee8b725431e30a3a52',7,'SANKYU U.S.A. INCORPORATED','Sankyu','','','60143','555 Pierce Road, #125 Itasca, IL USA','',0,0,0,'2019-03-08 05:24:03.442898','2019-03-08 05:33:15.736723','934b0f1c099b4c07a6df75c894659048','1f3cc4b7c2154011a379f6fa1a16f530','1f3cc4b7c2154011a379f6fa1a16f530',1),('fb9fa86a9bac4c86b845b0e4fad3b8c2',30,'Fries Machine & Tool, LLC','Fries','','','45414','5729 Webster Street Dayton OH','',0,1,0,'2019-03-14 22:54:47.285926','2019-03-14 22:54:47.286018','934b0f1c099b4c07a6df75c894659048','1f3cc4b7c2154011a379f6fa1a16f530','1f3cc4b7c2154011a379f6fa1a16f530',0),('fea3bc9d34d348afb1755234f15ebb2e',47,'KASUGA SEIKI Ltd','KASUGA','','','','','',0,0,1,'2019-03-14 22:55:10.181450','2019-03-14 22:55:10.181521','934b0f1c099b4c07a6df75c894659048','1f3cc4b7c2154011a379f6fa1a16f530','1f3cc4b7c2154011a379f6fa1a16f530',0);
/*!40000 ALTER TABLE `Partner` ENABLE KEYS */;
UNLOCK TABLES;

--
-- Table structure for table `auth_group`
--

DROP TABLE IF EXISTS `auth_group`;
/*!40101 SET @saved_cs_client     = @@character_set_client */;
/*!40101 SET character_set_client = utf8 */;
CREATE TABLE `auth_group` (
  `id` int(11) NOT NULL AUTO_INCREMENT,
  `name` varchar(80) NOT NULL,
  PRIMARY KEY (`id`),
  UNIQUE KEY `name` (`name`)
) ENGINE=InnoDB DEFAULT CHARSET=utf8;
/*!40101 SET character_set_client = @saved_cs_client */;

--
-- Dumping data for table `auth_group`
--

LOCK TABLES `auth_group` WRITE;
/*!40000 ALTER TABLE `auth_group` DISABLE KEYS */;
/*!40000 ALTER TABLE `auth_group` ENABLE KEYS */;
UNLOCK TABLES;

--
-- Table structure for table `auth_group_permissions`
--

DROP TABLE IF EXISTS `auth_group_permissions`;
/*!40101 SET @saved_cs_client     = @@character_set_client */;
/*!40101 SET character_set_client = utf8 */;
CREATE TABLE `auth_group_permissions` (
  `id` int(11) NOT NULL AUTO_INCREMENT,
  `group_id` int(11) NOT NULL,
  `permission_id` int(11) NOT NULL,
  PRIMARY KEY (`id`),
  UNIQUE KEY `auth_group_permissions_group_id_permission_id_0cd325b0_uniq` (`group_id`,`permission_id`),
  KEY `auth_group_permissio_permission_id_84c5c92e_fk_auth_perm` (`permission_id`),
  CONSTRAINT `auth_group_permissio_permission_id_84c5c92e_fk_auth_perm` FOREIGN KEY (`permission_id`) REFERENCES `auth_permission` (`id`),
  CONSTRAINT `auth_group_permissions_group_id_b120cbf9_fk_auth_group_id` FOREIGN KEY (`group_id`) REFERENCES `auth_group` (`id`)
) ENGINE=InnoDB DEFAULT CHARSET=utf8;
/*!40101 SET character_set_client = @saved_cs_client */;

--
-- Dumping data for table `auth_group_permissions`
--

LOCK TABLES `auth_group_permissions` WRITE;
/*!40000 ALTER TABLE `auth_group_permissions` DISABLE KEYS */;
/*!40000 ALTER TABLE `auth_group_permissions` ENABLE KEYS */;
UNLOCK TABLES;

--
-- Table structure for table `auth_permission`
--

DROP TABLE IF EXISTS `auth_permission`;
/*!40101 SET @saved_cs_client     = @@character_set_client */;
/*!40101 SET character_set_client = utf8 */;
CREATE TABLE `auth_permission` (
  `id` int(11) NOT NULL AUTO_INCREMENT,
  `name` varchar(255) NOT NULL,
  `content_type_id` int(11) NOT NULL,
  `codename` varchar(100) NOT NULL,
  PRIMARY KEY (`id`),
  UNIQUE KEY `auth_permission_content_type_id_codename_01ab375a_uniq` (`content_type_id`,`codename`),
  CONSTRAINT `auth_permission_content_type_id_2f476e4b_fk_django_co` FOREIGN KEY (`content_type_id`) REFERENCES `django_content_type` (`id`)
) ENGINE=InnoDB AUTO_INCREMENT=73 DEFAULT CHARSET=utf8;
/*!40101 SET character_set_client = @saved_cs_client */;

--
-- Dumping data for table `auth_permission`
--

LOCK TABLES `auth_permission` WRITE;
/*!40000 ALTER TABLE `auth_permission` DISABLE KEYS */;
INSERT INTO `auth_permission` VALUES (1,'Can add log entry',1,'add_logentry'),(2,'Can change log entry',1,'change_logentry'),(3,'Can delete log entry',1,'delete_logentry'),(4,'Can view log entry',1,'view_logentry'),(5,'Can add permission',2,'add_permission'),(6,'Can change permission',2,'change_permission'),(7,'Can delete permission',2,'delete_permission'),(8,'Can view permission',2,'view_permission'),(9,'Can add group',3,'add_group'),(10,'Can change group',3,'change_group'),(11,'Can delete group',3,'delete_group'),(12,'Can view group',3,'view_group'),(13,'Can add content type',4,'add_contenttype'),(14,'Can change content type',4,'change_contenttype'),(15,'Can delete content type',4,'delete_contenttype'),(16,'Can view content type',4,'view_contenttype'),(17,'Can add session',5,'add_session'),(18,'Can change session',5,'change_session'),(19,'Can delete session',5,'delete_session'),(20,'Can view session',5,'view_session'),(21,'Can add system country',6,'add_systemcountry'),(22,'Can change system country',6,'change_systemcountry'),(23,'Can delete system country',6,'delete_systemcountry'),(24,'Can view system country',6,'view_systemcountry'),(25,'Can add system currency',7,'add_systemcurrency'),(26,'Can change system currency',7,'change_systemcurrency'),(27,'Can delete system currency',7,'delete_systemcurrency'),(28,'Can view system currency',7,'view_systemcurrency'),(29,'Can add system unit type',8,'add_systemunittype'),(30,'Can change system unit type',8,'change_systemunittype'),(31,'Can delete system unit type',8,'delete_systemunittype'),(32,'Can view system unit type',8,'view_systemunittype'),(33,'Can add user',9,'add_user'),(34,'Can change user',9,'change_user'),(35,'Can delete user',9,'delete_user'),(36,'Can view user',9,'view_user'),(37,'Can add User Company',10,'add_usercompany'),(38,'Can change User Company',10,'change_usercompany'),(39,'Can delete User Company',10,'delete_usercompany'),(40,'Can view User Company',10,'view_usercompany'),(41,'Can add staff',11,'add_userstaff'),(42,'Can change staff',11,'change_userstaff'),(43,'Can delete staff',11,'delete_userstaff'),(44,'Can view staff',11,'view_userstaff'),(45,'Can add Partner',12,'add_userpartner'),(46,'Can change Partner',12,'change_userpartner'),(47,'Can delete Partner',12,'delete_userpartner'),(48,'Can view Partner',12,'view_userpartner'),(49,'Can add Expense Category',13,'add_userexpensecategory'),(50,'Can change Expense Category',13,'change_userexpensecategory'),(51,'Can delete Expense Category',13,'delete_userexpensecategory'),(52,'Can view Expense Category',13,'view_userexpensecategory'),(53,'Can add Job Order',14,'add_joborder'),(54,'Can change Job Order',14,'change_joborder'),(55,'Can delete Job Order',14,'delete_joborder'),(56,'Can view Job Order',14,'view_joborder'),(57,'Can add Failure Category',15,'add_userfailurecategory'),(58,'Can change Failure Category',15,'change_userfailurecategory'),(59,'Can delete Failure Category',15,'delete_userfailurecategory'),(60,'Can view Failure Category',15,'view_userfailurecategory'),(61,'Can add Bill of Material',16,'add_billofmaterial'),(62,'Can change Bill of Material',16,'change_billofmaterial'),(63,'Can delete Bill of Material',16,'delete_billofmaterial'),(64,'Can view Bill of Material',16,'view_billofmaterial'),(65,'Can add System Expense Category',17,'add_systemexpensecategory'),(66,'Can change System Expense Category',17,'change_systemexpensecategory'),(67,'Can delete System Expense Category',17,'delete_systemexpensecategory'),(68,'Can view System Expense Category',17,'view_systemexpensecategory'),(69,'Can add System Failure Category',18,'add_systemfailurecategory'),(70,'Can change System Failure Category',18,'change_systemfailurecategory'),(71,'Can delete System Failure Category',18,'delete_systemfailurecategory'),(72,'Can view System Failure Category',18,'view_systemfailurecategory');
/*!40000 ALTER TABLE `auth_permission` ENABLE KEYS */;
UNLOCK TABLES;

--
-- Table structure for table `bill_of_material`
--

DROP TABLE IF EXISTS `bill_of_material`;
/*!40101 SET @saved_cs_client     = @@character_set_client */;
/*!40101 SET character_set_client = utf8 */;
CREATE TABLE `bill_of_material` (
  `id` char(32) NOT NULL,
  `name` varchar(255) NOT NULL,
  `standard` varchar(255) NOT NULL,
  `drawing_number` varchar(255) NOT NULL,
  `material` varchar(255) NOT NULL,
  `surface_treatment` varchar(255) NOT NULL,
  `unit_number` varchar(255) NOT NULL,
  `stock_appropriation` decimal(17,2) NOT NULL,
  `rate` double NOT NULL,
  `unit_price` decimal(17,2) NOT NULL,
  `desired_delivery_date` date DEFAULT NULL,
  `is_customer_supplied` tinyint(1) NOT NULL,
  `is_printed` tinyint(1) NOT NULL,
  `created_at` datetime(6) NOT NULL,
  `modified_at` datetime(6) NOT NULL,
  `company_id` char(32) NOT NULL,
  `created_by_id` char(32) NOT NULL,
  `currency_id` char(32) NOT NULL,
  `failure_id` char(32) DEFAULT NULL,
  `manufacturer_id` char(32) DEFAULT NULL,
  `modified_by_id` char(32) NOT NULL,
  `type_id` char(32) NOT NULL,
  `unit_id` char(32) NOT NULL,
  `job_order_id` char(32) NOT NULL,
  `amount` decimal(17,2) NOT NULL,
  PRIMARY KEY (`id`),
  KEY `bill_of_material_company_id_fb4bf0cc_fk_user_company_id` (`company_id`),
  KEY `bill_of_material_created_by_id_6790202e_fk_user_id` (`created_by_id`),
  KEY `bill_of_material_currency_id_1cc0ab84_fk_system_currency_id` (`currency_id`),
  KEY `bill_of_material_failure_id_eccce6cd_fk_system_fa` (`failure_id`),
  KEY `bill_of_material_manufacturer_id_6e9c2cba_fk_Partner_id` (`manufacturer_id`),
  KEY `bill_of_material_modified_by_id_ec500ed5_fk_user_id` (`modified_by_id`),
  KEY `bill_of_material_type_id_4e47e3ff_fk_system_ex` (`type_id`),
  KEY `bill_of_material_unit_id_c41ddb28_fk_system_unit_type_id` (`unit_id`),
  KEY `bill_of_material_job_order_id_227d4618_fk_job_order_id` (`job_order_id`),
  CONSTRAINT `bill_of_material_company_id_fb4bf0cc_fk_user_company_id` FOREIGN KEY (`company_id`) REFERENCES `user_company` (`id`),
  CONSTRAINT `bill_of_material_created_by_id_6790202e_fk_user_id` FOREIGN KEY (`created_by_id`) REFERENCES `user` (`id`),
  CONSTRAINT `bill_of_material_currency_id_1cc0ab84_fk_system_currency_id` FOREIGN KEY (`currency_id`) REFERENCES `system_currency` (`id`),
  CONSTRAINT `bill_of_material_failure_id_eccce6cd_fk_system_fa` FOREIGN KEY (`failure_id`) REFERENCES `system_failure_category` (`id`),
  CONSTRAINT `bill_of_material_job_order_id_227d4618_fk_job_order_id` FOREIGN KEY (`job_order_id`) REFERENCES `job_order` (`id`),
  CONSTRAINT `bill_of_material_manufacturer_id_6e9c2cba_fk_Partner_id` FOREIGN KEY (`manufacturer_id`) REFERENCES `Partner` (`id`),
  CONSTRAINT `bill_of_material_modified_by_id_ec500ed5_fk_user_id` FOREIGN KEY (`modified_by_id`) REFERENCES `user` (`id`),
  CONSTRAINT `bill_of_material_type_id_4e47e3ff_fk_system_ex` FOREIGN KEY (`type_id`) REFERENCES `system_expense_categories` (`id`),
  CONSTRAINT `bill_of_material_unit_id_c41ddb28_fk_system_unit_type_id` FOREIGN KEY (`unit_id`) REFERENCES `system_unit_type` (`id`)
) ENGINE=InnoDB DEFAULT CHARSET=utf8;
/*!40101 SET character_set_client = @saved_cs_client */;

--
-- Dumping data for table `bill_of_material`
--

LOCK TABLES `bill_of_material` WRITE;
/*!40000 ALTER TABLE `bill_of_material` DISABLE KEYS */;
INSERT INTO `bill_of_material` VALUES ('00a9efcd0ca0414bb8c1fdb0c80c7bc5','CHAIN (プラチェーン)','RSP35 (250リンク)','','','','7646-007A-K1',0.00,0.0090909,23210.00,NULL,0,0,'2019-03-31 02:24:54.881839','2019-03-31 02:24:54.881903','934b0f1c099b4c07a6df75c894659048','1f3cc4b7c2154011a379f6fa1a16f530','d897d6292a83448b98a1d0c723b59e54',NULL,'388521aa1f1b4458a2a55b3d4ce06066','1f3cc4b7c2154011a379f6fa1a16f530','19d0566f4dbc4b4a93ab2ebf417c63d9','466f895b13b144d4b1be868bd6cc7674','9750227b0342499d80d491fba7a81bda',1.00),('014eb99293384021b3ba9a08d5395c1e','BRACKET (ブラケット)','HBKTS6','','','','',0.00,0.0090909,180.00,NULL,0,0,'2019-03-30 02:53:06.507838','2019-03-30 02:53:06.507902','934b0f1c099b4c07a6df75c894659048','1f3cc4b7c2154011a379f6fa1a16f530','d897d6292a83448b98a1d0c723b59e54',NULL,NULL,'1f3cc4b7c2154011a379f6fa1a16f530','19d0566f4dbc4b4a93ab2ebf417c63d9','466f895b13b144d4b1be868bd6cc7674','c59cd8558f614f9590e03847c2628675',2.00),('01a4bd1329bb42d59a1ab8f0de194cdf','SHUTTER PLATE','','7646-006-K-002','SKS3','黒染焼入れ　HRC60以上','',0.00,0.0090909,12210.00,NULL,0,0,'2019-03-31 02:28:24.289694','2019-03-31 02:28:24.289789','934b0f1c099b4c07a6df75c894659048','1f3cc4b7c2154011a379f6fa1a16f530','d897d6292a83448b98a1d0c723b59e54',NULL,NULL,'1f3cc4b7c2154011a379f6fa1a16f530','2035b69318344939a06ac9558e935ef5','466f895b13b144d4b1be868bd6cc7674','9750227b0342499d80d491fba7a81bda',6.00),('02b7fd965db7411cb9ddbcea3eb23d8d','CHUTE COVER UPPER','','7645-004-K-018','SUS T=2.0','***','',0.00,0.0090909,770.00,NULL,0,0,'2019-03-30 03:41:31.637237','2019-03-30 03:41:31.637303','934b0f1c099b4c07a6df75c894659048','1f3cc4b7c2154011a379f6fa1a16f530','d897d6292a83448b98a1d0c723b59e54',NULL,NULL,'1f3cc4b7c2154011a379f6fa1a16f530','2035b69318344939a06ac9558e935ef5','466f895b13b144d4b1be868bd6cc7674','c59cd8558f614f9590e03847c2628675',1.00),('041156a34960429bbf0e4b361530151f','STICK (マグネットキャッチ)','HMEN6-6','','','','7646-000-K5',0.00,0.0090909,860.00,NULL,0,0,'2019-03-31 02:24:24.515698','2019-03-31 02:24:24.515766','934b0f1c099b4c07a6df75c894659048','1f3cc4b7c2154011a379f6fa1a16f530','d897d6292a83448b98a1d0c723b59e54',NULL,'0c1486686d6841ec8abdae73f4443e56','1f3cc4b7c2154011a379f6fa1a16f530','19d0566f4dbc4b4a93ab2ebf417c63d9','466f895b13b144d4b1be868bd6cc7674','9750227b0342499d80d491fba7a81bda',6.00),('0532430d9e954321a340aed9dbcdff73','CV BASE PLATE','','7645-007A-K-017','SS440','黒染 (現地追加工)','',0.00,0.0090909,0.00,NULL,0,0,'2019-03-30 03:41:41.683672','2019-03-30 03:41:41.683734','934b0f1c099b4c07a6df75c894659048','1f3cc4b7c2154011a379f6fa1a16f530','d897d6292a83448b98a1d0c723b59e54',NULL,NULL,'1f3cc4b7c2154011a379f6fa1a16f530','2035b69318344939a06ac9558e935ef5','466f895b13b144d4b1be868bd6cc7674','c59cd8558f614f9590e03847c2628675',1.00),('058134d8cf664392bf50a6292da02248','KEY (キー)','KES3-10','','','','7646-004-K25',0.00,0.0090909,330.00,NULL,0,0,'2019-03-31 02:24:35.273453','2019-03-31 02:24:35.273520','934b0f1c099b4c07a6df75c894659048','1f3cc4b7c2154011a379f6fa1a16f530','d897d6292a83448b98a1d0c723b59e54',NULL,'0c1486686d6841ec8abdae73f4443e56','1f3cc4b7c2154011a379f6fa1a16f530','19d0566f4dbc4b4a93ab2ebf417c63d9','466f895b13b144d4b1be868bd6cc7674','9750227b0342499d80d491fba7a81bda',1.00),('0817ab81b4244c7893a4523b390dbcf0','STICK (マグネットキャッチ)','HMGNA6','','','','7646-000-K6',0.00,0.0090909,490.00,NULL,0,0,'2019-03-31 02:24:23.226268','2019-03-31 02:24:23.226378','934b0f1c099b4c07a6df75c894659048','1f3cc4b7c2154011a379f6fa1a16f530','d897d6292a83448b98a1d0c723b59e54',NULL,'0c1486686d6841ec8abdae73f4443e56','1f3cc4b7c2154011a379f6fa1a16f530','19d0566f4dbc4b4a93ab2ebf417c63d9','466f895b13b144d4b1be868bd6cc7674','9750227b0342499d80d491fba7a81bda',8.00),('0d5b9c9597bd44048123ce012665ade9','CHAIN (プラチェーン)','RSP35 (75リンク)','','','','7646-012-K3',0.00,0.0090909,6970.00,NULL,0,0,'2019-03-31 02:25:11.703011','2019-03-31 02:25:11.703076','934b0f1c099b4c07a6df75c894659048','1f3cc4b7c2154011a379f6fa1a16f530','d897d6292a83448b98a1d0c723b59e54',NULL,'388521aa1f1b4458a2a55b3d4ce06066','1f3cc4b7c2154011a379f6fa1a16f530','19d0566f4dbc4b4a93ab2ebf417c63d9','466f895b13b144d4b1be868bd6cc7674','9750227b0342499d80d491fba7a81bda',1.00),('0faa724368c64eccaa56bbc362388c6b','CHUTE COVER UPPER','','7646-004-K-012','SUS T=2.0','***','',0.00,0.0090909,1100.00,NULL,0,0,'2019-03-31 02:28:18.768389','2019-03-31 02:28:18.768476','934b0f1c099b4c07a6df75c894659048','1f3cc4b7c2154011a379f6fa1a16f530','d897d6292a83448b98a1d0c723b59e54',NULL,NULL,'1f3cc4b7c2154011a379f6fa1a16f530','2035b69318344939a06ac9558e935ef5','466f895b13b144d4b1be868bd6cc7674','9750227b0342499d80d491fba7a81bda',1.00),('10b0fc44a5134ebd8ddcf8a8619a6abe','CV COVER','','7646-008-K-002','SS400','黒染め（現地追加工）','',0.00,0.0090909,0.00,NULL,0,0,'2019-03-31 02:28:27.190228','2019-03-31 02:28:27.190320','934b0f1c099b4c07a6df75c894659048','1f3cc4b7c2154011a379f6fa1a16f530','d897d6292a83448b98a1d0c723b59e54',NULL,NULL,'1f3cc4b7c2154011a379f6fa1a16f530','2035b69318344939a06ac9558e935ef5','466f895b13b144d4b1be868bd6cc7674','9750227b0342499d80d491fba7a81bda',1.00),('11375374b415490090b09596af4526dc','SENSOR (ファイバーセンサー)','F-5','','','','7646-004-K',0.00,0.0090909,7700.00,NULL,0,0,'2019-03-31 02:24:38.247159','2019-03-31 02:24:38.247224','934b0f1c099b4c07a6df75c894659048','1f3cc4b7c2154011a379f6fa1a16f530','d897d6292a83448b98a1d0c723b59e54',NULL,'b9247e501bdf44b6912e8013891709ba','1f3cc4b7c2154011a379f6fa1a16f530','19d0566f4dbc4b4a93ab2ebf417c63d9','466f895b13b144d4b1be868bd6cc7674','9750227b0342499d80d491fba7a81bda',1.00),('122aa0e75e51421fb93fd5305a3e31a0','CHUTE COVER UPPER','','7646-004-K-018','SUS T=2.0','***','',0.00,0.0090909,770.00,NULL,0,0,'2019-03-31 02:28:16.954775','2019-03-31 02:28:16.954862','934b0f1c099b4c07a6df75c894659048','1f3cc4b7c2154011a379f6fa1a16f530','d897d6292a83448b98a1d0c723b59e54',NULL,NULL,'1f3cc4b7c2154011a379f6fa1a16f530','2035b69318344939a06ac9558e935ef5','466f895b13b144d4b1be868bd6cc7674','9750227b0342499d80d491fba7a81bda',1.00),('153ebc0e328f4533955264e1e7600b0e','CLAMP (HAND 1)','','7645-004-K-004','SKA3','黒染 焼入れ　HRC60以上','',0.00,0.0090909,4070.00,NULL,0,0,'2019-03-30 03:41:39.684364','2019-03-30 03:41:39.684538','934b0f1c099b4c07a6df75c894659048','1f3cc4b7c2154011a379f6fa1a16f530','d897d6292a83448b98a1d0c723b59e54',NULL,NULL,'1f3cc4b7c2154011a379f6fa1a16f530','2035b69318344939a06ac9558e935ef5','466f895b13b144d4b1be868bd6cc7674','c59cd8558f614f9590e03847c2628675',2.00),('1573a12a76c24d1e9153845749a9e7d4','BASE SEAL','5528-P0200-004 (50゜)','','','','',0.00,0.0090909,8390.00,NULL,0,0,'2019-03-29 05:30:11.912419','2019-03-29 05:30:11.912497','934b0f1c099b4c07a6df75c894659048','1f3cc4b7c2154011a379f6fa1a16f530','d897d6292a83448b98a1d0c723b59e54',NULL,NULL,'1f3cc4b7c2154011a379f6fa1a16f530','19d0566f4dbc4b4a93ab2ebf417c63d9','466f895b13b144d4b1be868bd6cc7674','ee7a0a88442c469dad6195a477ecd6fb',10.00),('16775f2560c84404b2e3ec4571f687b4','ELECTROMAGNETIC CONTACTOR','SK06L-E01','','','','',0.00,0.0090909,1500.00,NULL,0,0,'2019-03-29 05:20:47.373428','2019-03-29 05:21:05.176686','934b0f1c099b4c07a6df75c894659048','1f3cc4b7c2154011a379f6fa1a16f530','d897d6292a83448b98a1d0c723b59e54',NULL,'8e4158d459914592ab3d519c886285a1','1f3cc4b7c2154011a379f6fa1a16f530','19d0566f4dbc4b4a93ab2ebf417c63d9','466f895b13b144d4b1be868bd6cc7674','e83c9460dd0145d5a6837b958e1b2fab',1.00),('174d7b2368eb45b9a516ff0073a23295','NOBB (ローレットノブ)','NKOS4-10','','','','7646-004-K23',0.00,0.0090909,500.00,NULL,0,0,'2019-03-31 02:24:37.274081','2019-03-31 02:24:37.274143','934b0f1c099b4c07a6df75c894659048','1f3cc4b7c2154011a379f6fa1a16f530','d897d6292a83448b98a1d0c723b59e54',NULL,'0c1486686d6841ec8abdae73f4443e56','1f3cc4b7c2154011a379f6fa1a16f530','19d0566f4dbc4b4a93ab2ebf417c63d9','466f895b13b144d4b1be868bd6cc7674','9750227b0342499d80d491fba7a81bda',6.00),('17c200de5893423c87e19bf99df466c6','CONTROLLER (スピードコントローラー)','AS1201F-M5-04A','','','','',0.00,0.0090909,350.00,NULL,0,0,'2019-03-30 02:56:18.232559','2019-03-30 02:56:18.232621','934b0f1c099b4c07a6df75c894659048','1f3cc4b7c2154011a379f6fa1a16f530','d897d6292a83448b98a1d0c723b59e54',NULL,NULL,'1f3cc4b7c2154011a379f6fa1a16f530','19d0566f4dbc4b4a93ab2ebf417c63d9','466f895b13b144d4b1be868bd6cc7674','c59cd8558f614f9590e03847c2628675',2.00),('18b66595937f4070aea96ee724237bcf','CYLINDER (エアシリンダ)','CMA2-E-LS-20-50-TOH3-D','','','','7646-004-K16',0.00,0.0090909,8140.00,NULL,0,0,'2019-03-31 02:24:51.151113','2019-03-31 02:24:51.151202','934b0f1c099b4c07a6df75c894659048','1f3cc4b7c2154011a379f6fa1a16f530','d897d6292a83448b98a1d0c723b59e54',NULL,'c47db7d115c34c389fe5059ebe8afce4','1f3cc4b7c2154011a379f6fa1a16f530','19d0566f4dbc4b4a93ab2ebf417c63d9','466f895b13b144d4b1be868bd6cc7674','9750227b0342499d80d491fba7a81bda',1.00),('1a0d33fecd6f4b14bc359bcc7c5f88bd','STEP BLOCK','','7645-012-K-017','A45C','表面焼入れ HRC50以上黒染','',0.00,0.0090909,1100.00,NULL,0,0,'2019-03-30 03:42:00.320423','2019-03-30 03:42:00.320524','934b0f1c099b4c07a6df75c894659048','1f3cc4b7c2154011a379f6fa1a16f530','d897d6292a83448b98a1d0c723b59e54',NULL,NULL,'1f3cc4b7c2154011a379f6fa1a16f530','2035b69318344939a06ac9558e935ef5','466f895b13b144d4b1be868bd6cc7674','c59cd8558f614f9590e03847c2628675',1.00),('1a80a564688946ba965c8f226ed8ad4d','COUPLING (カップリング)','CPOCG20-5-7','','','','7645-012-K1',0.00,0.0090909,2170.00,NULL,0,0,'2019-03-30 03:00:07.516176','2019-03-30 03:00:07.516230','934b0f1c099b4c07a6df75c894659048','1f3cc4b7c2154011a379f6fa1a16f530','d897d6292a83448b98a1d0c723b59e54',NULL,NULL,'1f3cc4b7c2154011a379f6fa1a16f530','19d0566f4dbc4b4a93ab2ebf417c63d9','466f895b13b144d4b1be868bd6cc7674','c59cd8558f614f9590e03847c2628675',1.00),('1a95b8aae9fb42f68d42813971a3eaed','PARTS STOPPER','','7646-012-K-001','SKS93','表面焼入れHRC60以上　黒染め','',0.00,0.0090909,1650.00,NULL,0,0,'2019-03-31 02:28:47.719658','2019-03-31 02:28:47.719723','934b0f1c099b4c07a6df75c894659048','1f3cc4b7c2154011a379f6fa1a16f530','d897d6292a83448b98a1d0c723b59e54',NULL,NULL,'1f3cc4b7c2154011a379f6fa1a16f530','2035b69318344939a06ac9558e935ef5','466f895b13b144d4b1be868bd6cc7674','9750227b0342499d80d491fba7a81bda',1.00),('1afc8f0018ef452fafe545eaed2edeed','JOINT (継手)','KQ2S04-M5A','','','','7646-003-K',0.00,0.0090909,160.00,NULL,0,0,'2019-03-31 02:24:33.024126','2019-03-31 02:24:33.024191','934b0f1c099b4c07a6df75c894659048','1f3cc4b7c2154011a379f6fa1a16f530','d897d6292a83448b98a1d0c723b59e54',NULL,'e339fe6f57334caf97653a37c201b067','1f3cc4b7c2154011a379f6fa1a16f530','19d0566f4dbc4b4a93ab2ebf417c63d9','466f895b13b144d4b1be868bd6cc7674','9750227b0342499d80d491fba7a81bda',2.00),('1bce4eebb2ec4d4d8d33ca1b240bad53','CONTROLLER (スピードコントローラー)','AS1201F-M5-04A','','','','7645-009-K1',0.00,0.0090909,350.00,NULL,0,0,'2019-03-30 02:59:57.428624','2019-03-30 02:59:57.428696','934b0f1c099b4c07a6df75c894659048','1f3cc4b7c2154011a379f6fa1a16f530','d897d6292a83448b98a1d0c723b59e54',NULL,NULL,'1f3cc4b7c2154011a379f6fa1a16f530','19d0566f4dbc4b4a93ab2ebf417c63d9','466f895b13b144d4b1be868bd6cc7674','c59cd8558f614f9590e03847c2628675',2.00),('1c924405d61f4310bb5cca7d36ed0b90','CONTROLLER (スピードコントローラー)','AS2201F-02-06A','','','','7645-007-K1',0.00,0.0090909,530.00,NULL,0,0,'2019-03-30 02:59:50.525305','2019-03-30 02:59:50.525411','934b0f1c099b4c07a6df75c894659048','1f3cc4b7c2154011a379f6fa1a16f530','d897d6292a83448b98a1d0c723b59e54',NULL,NULL,'1f3cc4b7c2154011a379f6fa1a16f530','19d0566f4dbc4b4a93ab2ebf417c63d9','466f895b13b144d4b1be868bd6cc7674','c59cd8558f614f9590e03847c2628675',2.00),('1dac2cefd92d4791b8da7988f9a81c41','NG CATCH','','7645-012-K019','SUS304','黒染','',0.00,0.0090909,1650.00,NULL,0,0,'2019-03-30 03:41:59.381753','2019-03-30 03:41:59.381819','934b0f1c099b4c07a6df75c894659048','1f3cc4b7c2154011a379f6fa1a16f530','d897d6292a83448b98a1d0c723b59e54',NULL,NULL,'1f3cc4b7c2154011a379f6fa1a16f530','2035b69318344939a06ac9558e935ef5','466f895b13b144d4b1be868bd6cc7674','c59cd8558f614f9590e03847c2628675',1.00),('1f51f34bfc15414096be41cee9df308a','CLAMP (HAND 2)','','7645-003-K-003','SKA3','焼入れ　HRC45以上　黒染','',0.00,0.0090909,3960.00,NULL,0,0,'2019-03-30 03:41:28.487308','2019-03-30 03:41:28.487431','934b0f1c099b4c07a6df75c894659048','1f3cc4b7c2154011a379f6fa1a16f530','d897d6292a83448b98a1d0c723b59e54',NULL,NULL,'1f3cc4b7c2154011a379f6fa1a16f530','2035b69318344939a06ac9558e935ef5','466f895b13b144d4b1be868bd6cc7674','c59cd8558f614f9590e03847c2628675',2.00),('20e261b1cf564d25ae62adba7fe4e3ae','PARTS STOPPER','','7645-012-K-001','SKS93','黒染 焼入れ　HRC60以上','',0.00,0.0090909,1650.00,NULL,0,0,'2019-03-30 03:42:09.083068','2019-03-30 03:42:09.083164','934b0f1c099b4c07a6df75c894659048','1f3cc4b7c2154011a379f6fa1a16f530','d897d6292a83448b98a1d0c723b59e54',NULL,NULL,'1f3cc4b7c2154011a379f6fa1a16f530','2035b69318344939a06ac9558e935ef5','466f895b13b144d4b1be868bd6cc7674','c59cd8558f614f9590e03847c2628675',1.00),('221b539268c54405940efc752e19ca69','CONTROLLER (スピードコントローラー)','AS1201F-M5-04A','','','','7645-009-K2',0.00,0.0090909,350.00,NULL,0,0,'2019-03-30 02:59:56.136317','2019-03-30 02:59:56.136467','934b0f1c099b4c07a6df75c894659048','1f3cc4b7c2154011a379f6fa1a16f530','d897d6292a83448b98a1d0c723b59e54',NULL,NULL,'1f3cc4b7c2154011a379f6fa1a16f530','19d0566f4dbc4b4a93ab2ebf417c63d9','466f895b13b144d4b1be868bd6cc7674','c59cd8558f614f9590e03847c2628675',2.00),('222dd1a1a6c34eb8a43d463dd4a838ed','JOINT (継手)','KQ2S04-M5A','','','','',0.00,0.0090909,160.00,NULL,0,0,'2019-03-30 02:54:28.313115','2019-03-30 02:54:28.313236','934b0f1c099b4c07a6df75c894659048','1f3cc4b7c2154011a379f6fa1a16f530','d897d6292a83448b98a1d0c723b59e54',NULL,NULL,'1f3cc4b7c2154011a379f6fa1a16f530','19d0566f4dbc4b4a93ab2ebf417c63d9','466f895b13b144d4b1be868bd6cc7674','c59cd8558f614f9590e03847c2628675',2.00),('23f0f74a80544552a5ef49474f14a185','INSERT HEAD 6MM','5603-P-550-032T2','','','','',0.00,0.0090909,58500.00,NULL,0,0,'2019-03-29 05:26:50.871730','2019-03-29 05:26:50.871796','934b0f1c099b4c07a6df75c894659048','1f3cc4b7c2154011a379f6fa1a16f530','d897d6292a83448b98a1d0c723b59e54',NULL,NULL,'1f3cc4b7c2154011a379f6fa1a16f530','19d0566f4dbc4b4a93ab2ebf417c63d9','466f895b13b144d4b1be868bd6cc7674','02c1dc1ccf78410cb0914941944a4545',10.00),('252391ef04564773a1067bd8e9217738','REGULATOR','AR20-02BG-B','','','','7646-013-K12',0.00,0.0090909,2220.00,NULL,0,0,'2019-03-31 02:25:16.834996','2019-03-31 02:25:16.835083','934b0f1c099b4c07a6df75c894659048','1f3cc4b7c2154011a379f6fa1a16f530','d897d6292a83448b98a1d0c723b59e54',NULL,'e339fe6f57334caf97653a37c201b067','1f3cc4b7c2154011a379f6fa1a16f530','19d0566f4dbc4b4a93ab2ebf417c63d9','466f895b13b144d4b1be868bd6cc7674','9750227b0342499d80d491fba7a81bda',2.00),('28146270122d4be3aa414855c830ac0f','BEARING (スライドペアリング)','NKX10Z+1R7X10X16','','','','7646-012-K2',0.00,0.0090909,2420.00,NULL,0,0,'2019-03-31 02:25:13.078175','2019-03-31 02:25:13.078471','934b0f1c099b4c07a6df75c894659048','1f3cc4b7c2154011a379f6fa1a16f530','d897d6292a83448b98a1d0c723b59e54',NULL,'0c1486686d6841ec8abdae73f4443e56','1f3cc4b7c2154011a379f6fa1a16f530','19d0566f4dbc4b4a93ab2ebf417c63d9','466f895b13b144d4b1be868bd6cc7674','9750227b0342499d80d491fba7a81bda',2.00),('2d33d8cc137840a6b235d80e22939434','CONTROLLER (スピードコントローラー)','AS1201F-M5-04A','','','','7645-004-K-18',0.00,0.0090909,350.00,NULL,0,0,'2019-03-30 02:59:41.567238','2019-03-30 02:59:41.567310','934b0f1c099b4c07a6df75c894659048','1f3cc4b7c2154011a379f6fa1a16f530','d897d6292a83448b98a1d0c723b59e54',NULL,NULL,'1f3cc4b7c2154011a379f6fa1a16f530','19d0566f4dbc4b4a93ab2ebf417c63d9','466f895b13b144d4b1be868bd6cc7674','c59cd8558f614f9590e03847c2628675',2.00),('2fbeef8d398d41829994b4808d7a0aaa','AIR CHUCK (フェザーハンド)','FH116-D','','','','7645-003-K1',0.00,0.0090909,13590.00,NULL,0,0,'2019-03-30 02:54:29.700212','2019-03-30 02:54:29.700302','934b0f1c099b4c07a6df75c894659048','1f3cc4b7c2154011a379f6fa1a16f530','d897d6292a83448b98a1d0c723b59e54',NULL,NULL,'1f3cc4b7c2154011a379f6fa1a16f530','19d0566f4dbc4b4a93ab2ebf417c63d9','466f895b13b144d4b1be868bd6cc7674','c59cd8558f614f9590e03847c2628675',1.00),('3009ce8a1f54423b9353b6c6df81adac','CONTROLLER (スピードコントローラー)','AS1201F-M5-04A','','','','7645-012-K5',0.00,0.0090909,350.00,NULL,0,0,'2019-03-30 03:00:02.472479','2019-03-30 03:00:02.472569','934b0f1c099b4c07a6df75c894659048','1f3cc4b7c2154011a379f6fa1a16f530','d897d6292a83448b98a1d0c723b59e54',NULL,NULL,'1f3cc4b7c2154011a379f6fa1a16f530','19d0566f4dbc4b4a93ab2ebf417c63d9','466f895b13b144d4b1be868bd6cc7674','c59cd8558f614f9590e03847c2628675',2.00),('301a9dd0b0754efeb7448d5e101075c4','PLATE','','7645-004-K-019','SS40D','黒染','',0.00,0.0090909,1100.00,NULL,0,0,'2019-03-30 03:41:30.373169','2019-03-30 03:41:30.373364','934b0f1c099b4c07a6df75c894659048','1f3cc4b7c2154011a379f6fa1a16f530','d897d6292a83448b98a1d0c723b59e54',NULL,NULL,'1f3cc4b7c2154011a379f6fa1a16f530','2035b69318344939a06ac9558e935ef5','466f895b13b144d4b1be868bd6cc7674','c59cd8558f614f9590e03847c2628675',1.00),('30348d075b5d43808132c90611bea9d1','CONTROLLER (スピードコントローラー)','AS1201F-M5-04A','','','','7646-001-K2',0.00,0.0090909,350.00,NULL,0,0,'2019-03-31 02:24:28.436010','2019-03-31 02:24:28.436141','934b0f1c099b4c07a6df75c894659048','1f3cc4b7c2154011a379f6fa1a16f530','d897d6292a83448b98a1d0c723b59e54',NULL,'e339fe6f57334caf97653a37c201b067','1f3cc4b7c2154011a379f6fa1a16f530','19d0566f4dbc4b4a93ab2ebf417c63d9','466f895b13b144d4b1be868bd6cc7674','9750227b0342499d80d491fba7a81bda',2.00),('326fc6a4c0df4e5dac8bd938b963d0a9','CHAIN (プラチェーン)','RSP35 (175リンク)','','','','7646-008-K1',0.00,0.0090909,16230.00,NULL,0,0,'2019-03-31 02:24:59.542393','2019-03-31 02:24:59.542521','934b0f1c099b4c07a6df75c894659048','1f3cc4b7c2154011a379f6fa1a16f530','d897d6292a83448b98a1d0c723b59e54',NULL,'388521aa1f1b4458a2a55b3d4ce06066','1f3cc4b7c2154011a379f6fa1a16f530','19d0566f4dbc4b4a93ab2ebf417c63d9','466f895b13b144d4b1be868bd6cc7674','9750227b0342499d80d491fba7a81bda',1.00),('33279876eb8d412a91e4d95a5989a23b','STEP BLOCK','','7646-012-K-017','S45C','黒染め','',0.00,0.0090909,1100.00,NULL,0,0,'2019-03-31 02:28:41.714601','2019-03-31 02:28:41.714665','934b0f1c099b4c07a6df75c894659048','1f3cc4b7c2154011a379f6fa1a16f530','d897d6292a83448b98a1d0c723b59e54',NULL,NULL,'1f3cc4b7c2154011a379f6fa1a16f530','2035b69318344939a06ac9558e935ef5','466f895b13b144d4b1be868bd6cc7674','9750227b0342499d80d491fba7a81bda',1.00),('33a9d859dead48069e4566a4fcb1e701','TURNING HEAD','','7646-012-K-011','SCM435','表面焼入れHRC50以上　黒染め','',0.00,0.0090909,6600.00,NULL,0,0,'2019-03-31 02:28:42.563568','2019-03-31 02:28:42.563635','934b0f1c099b4c07a6df75c894659048','1f3cc4b7c2154011a379f6fa1a16f530','d897d6292a83448b98a1d0c723b59e54',NULL,NULL,'1f3cc4b7c2154011a379f6fa1a16f530','2035b69318344939a06ac9558e935ef5','466f895b13b144d4b1be868bd6cc7674','9750227b0342499d80d491fba7a81bda',2.00),('361548bb1bcc4e67adc3b0a7e6e72851','NG SEPARATOR','','7645-012-K-020','HPM1 (NAK55)','***','',0.00,0.0090909,2150.00,NULL,0,0,'2019-03-30 03:41:58.094645','2019-03-30 03:41:58.094735','934b0f1c099b4c07a6df75c894659048','1f3cc4b7c2154011a379f6fa1a16f530','d897d6292a83448b98a1d0c723b59e54',NULL,NULL,'1f3cc4b7c2154011a379f6fa1a16f530','2035b69318344939a06ac9558e935ef5','466f895b13b144d4b1be868bd6cc7674','c59cd8558f614f9590e03847c2628675',1.00),('36f7d3fdc49e45688d9f08e3cf486206','PIN (ピン)','MSHT10-15','','','','7645-000-K3',0.00,0.0090909,230.00,NULL,0,0,'2019-03-30 02:53:03.569154','2019-03-30 02:53:03.569227','934b0f1c099b4c07a6df75c894659048','1f3cc4b7c2154011a379f6fa1a16f530','d897d6292a83448b98a1d0c723b59e54',NULL,NULL,'1f3cc4b7c2154011a379f6fa1a16f530','19d0566f4dbc4b4a93ab2ebf417c63d9','466f895b13b144d4b1be868bd6cc7674','c59cd8558f614f9590e03847c2628675',1.00),('3a84c9eb46f94c23b7eb20a6c1a54ff3','AIR CHUCK (フェザーハンド)','CKD FH116-D-T2V-R','','','','7645-004-K-20',0.00,0.0090909,15380.00,NULL,0,0,'2019-03-30 02:56:22.866703','2019-03-30 02:56:22.866859','934b0f1c099b4c07a6df75c894659048','1f3cc4b7c2154011a379f6fa1a16f530','d897d6292a83448b98a1d0c723b59e54',NULL,NULL,'1f3cc4b7c2154011a379f6fa1a16f530','19d0566f4dbc4b4a93ab2ebf417c63d9','466f895b13b144d4b1be868bd6cc7674','c59cd8558f614f9590e03847c2628675',1.00),('3e42993d2ea649a597e281f45d6f900c','CONTROLLER (スピードコントローラー)','AS1201F-M5-04A','','','','7646-012-K4',0.00,0.0090909,350.00,NULL,0,0,'2019-03-31 02:25:10.370396','2019-03-31 02:25:10.370485','934b0f1c099b4c07a6df75c894659048','1f3cc4b7c2154011a379f6fa1a16f530','d897d6292a83448b98a1d0c723b59e54',NULL,'e339fe6f57334caf97653a37c201b067','1f3cc4b7c2154011a379f6fa1a16f530','19d0566f4dbc4b4a93ab2ebf417c63d9','466f895b13b144d4b1be868bd6cc7674','9750227b0342499d80d491fba7a81bda',2.00),('3e5a9d4290854de9bba9a71b34c0a340','CHAIN (プラチェーン)','RSP35 (75リンク)','','','','7645-012-K3',0.00,0.0090909,6970.00,NULL,0,0,'2019-03-30 03:00:05.011722','2019-03-30 03:00:05.011791','934b0f1c099b4c07a6df75c894659048','1f3cc4b7c2154011a379f6fa1a16f530','d897d6292a83448b98a1d0c723b59e54',NULL,NULL,'1f3cc4b7c2154011a379f6fa1a16f530','19d0566f4dbc4b4a93ab2ebf417c63d9','466f895b13b144d4b1be868bd6cc7674','c59cd8558f614f9590e03847c2628675',1.00),('3e8042e2d58f4872b9aa2af35a05cf7e','GUIDE HAND (Φ14)','','7645-004-K-006','SS400','黒染','',0.00,0.0090909,4290.00,NULL,0,0,'2019-03-30 03:41:38.728273','2019-03-30 03:41:38.728364','934b0f1c099b4c07a6df75c894659048','1f3cc4b7c2154011a379f6fa1a16f530','d897d6292a83448b98a1d0c723b59e54',NULL,NULL,'1f3cc4b7c2154011a379f6fa1a16f530','2035b69318344939a06ac9558e935ef5','466f895b13b144d4b1be868bd6cc7674','c59cd8558f614f9590e03847c2628675',2.00),('4476834955c84da4958031db7ca120ac','STICK (セットビス)','MSSK3-3','','','','7645-004-K-24',0.00,0.0090909,10.00,NULL,0,0,'2019-03-30 02:54:33.006675','2019-03-30 02:54:33.006747','934b0f1c099b4c07a6df75c894659048','1f3cc4b7c2154011a379f6fa1a16f530','d897d6292a83448b98a1d0c723b59e54',NULL,NULL,'1f3cc4b7c2154011a379f6fa1a16f530','19d0566f4dbc4b4a93ab2ebf417c63d9','466f895b13b144d4b1be868bd6cc7674','c59cd8558f614f9590e03847c2628675',2.00),('4684459a31f143999af329a50afac30a','ORIENTATE CHUTE','','7645-004-K-007','NAK55','黒染','',0.00,0.0090909,10780.00,NULL,0,0,'2019-03-30 03:41:37.587571','2019-03-30 03:41:37.587681','934b0f1c099b4c07a6df75c894659048','1f3cc4b7c2154011a379f6fa1a16f530','d897d6292a83448b98a1d0c723b59e54',NULL,NULL,'1f3cc4b7c2154011a379f6fa1a16f530','2035b69318344939a06ac9558e935ef5','466f895b13b144d4b1be868bd6cc7674','c59cd8558f614f9590e03847c2628675',1.00),('479cb3191335417c9d90d58f7479d0a4','CONTROLLER (スピードコントローラー)','AS1201F-M5-04A','','','','7645-009-K3',0.00,0.0090909,350.00,NULL,0,0,'2019-03-30 02:59:54.861499','2019-03-30 02:59:54.861605','934b0f1c099b4c07a6df75c894659048','1f3cc4b7c2154011a379f6fa1a16f530','d897d6292a83448b98a1d0c723b59e54',NULL,NULL,'1f3cc4b7c2154011a379f6fa1a16f530','19d0566f4dbc4b4a93ab2ebf417c63d9','466f895b13b144d4b1be868bd6cc7674','c59cd8558f614f9590e03847c2628675',2.00),('47b6dda46b634be18a50cca228ee2e78','BRACKET (ブラケット)','','7645-000-K-017','','黒染','',0.00,0.0090909,3300.00,NULL,0,0,'2019-03-30 03:41:22.955061','2019-03-30 03:41:22.955134','934b0f1c099b4c07a6df75c894659048','1f3cc4b7c2154011a379f6fa1a16f530','d897d6292a83448b98a1d0c723b59e54',NULL,NULL,'1f3cc4b7c2154011a379f6fa1a16f530','2035b69318344939a06ac9558e935ef5','466f895b13b144d4b1be868bd6cc7674','c59cd8558f614f9590e03847c2628675',1.00),('47d5066e0af14812939886149be81ad5','LEFT SEAL','5528-P0400-005 (90゜)','','','','',0.00,0.0090909,6830.00,NULL,0,0,'2019-03-29 05:30:16.692160','2019-03-29 05:30:16.692268','934b0f1c099b4c07a6df75c894659048','1f3cc4b7c2154011a379f6fa1a16f530','d897d6292a83448b98a1d0c723b59e54',NULL,NULL,'1f3cc4b7c2154011a379f6fa1a16f530','19d0566f4dbc4b4a93ab2ebf417c63d9','466f895b13b144d4b1be868bd6cc7674','ee7a0a88442c469dad6195a477ecd6fb',10.00),('4aa51d71d59345ca8262b4d040c6f579','EXIT GUIDE','','7645-007A-K-027','S45C','黒染','',0.00,0.0090909,1210.00,NULL,0,0,'2019-03-30 03:41:42.700402','2019-03-30 03:41:42.700466','934b0f1c099b4c07a6df75c894659048','1f3cc4b7c2154011a379f6fa1a16f530','d897d6292a83448b98a1d0c723b59e54',NULL,NULL,'1f3cc4b7c2154011a379f6fa1a16f530','2035b69318344939a06ac9558e935ef5','466f895b13b144d4b1be868bd6cc7674','c59cd8558f614f9590e03847c2628675',1.00),('4ad45408f63f423aa101cae21a403b15','CONTROLLER (スピードコントローラー)','AS1201F-M5-04A','','','','7645-009-K4',0.00,0.0090909,350.00,NULL,0,0,'2019-03-30 02:59:53.411382','2019-03-30 02:59:53.411622','934b0f1c099b4c07a6df75c894659048','1f3cc4b7c2154011a379f6fa1a16f530','d897d6292a83448b98a1d0c723b59e54',NULL,NULL,'1f3cc4b7c2154011a379f6fa1a16f530','19d0566f4dbc4b4a93ab2ebf417c63d9','466f895b13b144d4b1be868bd6cc7674','c59cd8558f614f9590e03847c2628675',2.00),('4b1c07c53d4c4003b51585fdf50b19c5','REGULATOR','AR20-02BG-B','','','','7645-013-k12',0.00,0.0090909,2220.00,NULL,0,0,'2019-03-30 03:00:09.898522','2019-03-30 03:00:09.898592','934b0f1c099b4c07a6df75c894659048','1f3cc4b7c2154011a379f6fa1a16f530','d897d6292a83448b98a1d0c723b59e54',NULL,NULL,'1f3cc4b7c2154011a379f6fa1a16f530','19d0566f4dbc4b4a93ab2ebf417c63d9','466f895b13b144d4b1be868bd6cc7674','c59cd8558f614f9590e03847c2628675',2.00),('4dd92ea85f554f75baaa48b4da358f5e','EXIT GUIDE','','7646-007A-K-027','S45C','黒染','',0.00,0.0090909,1210.00,NULL,0,0,'2019-03-31 02:28:26.179349','2019-03-31 02:28:26.179414','934b0f1c099b4c07a6df75c894659048','1f3cc4b7c2154011a379f6fa1a16f530','d897d6292a83448b98a1d0c723b59e54',NULL,NULL,'1f3cc4b7c2154011a379f6fa1a16f530','2035b69318344939a06ac9558e935ef5','466f895b13b144d4b1be868bd6cc7674','9750227b0342499d80d491fba7a81bda',1.00),('4f0c11f8bdc54fe8baba75b246aaf700','AIR CHUCK (フェザーハンド)','FH116-D','','','','7645-001-K1',0.00,0.0090909,13590.00,NULL,0,0,'2019-03-30 02:54:22.566942','2019-03-30 02:54:22.567014','934b0f1c099b4c07a6df75c894659048','1f3cc4b7c2154011a379f6fa1a16f530','d897d6292a83448b98a1d0c723b59e54',NULL,NULL,'1f3cc4b7c2154011a379f6fa1a16f530','19d0566f4dbc4b4a93ab2ebf417c63d9','466f895b13b144d4b1be868bd6cc7674','c59cd8558f614f9590e03847c2628675',1.00),('4fd8e64bf75442ac8926e52d8b03d08e','SWITCH (オートスイッチ)','D-A93','','','','7645-012-K7',0.00,0.0090909,1160.00,NULL,0,0,'2019-03-30 02:59:59.970899','2019-03-30 02:59:59.970964','934b0f1c099b4c07a6df75c894659048','1f3cc4b7c2154011a379f6fa1a16f530','d897d6292a83448b98a1d0c723b59e54',NULL,NULL,'1f3cc4b7c2154011a379f6fa1a16f530','19d0566f4dbc4b4a93ab2ebf417c63d9','466f895b13b144d4b1be868bd6cc7674','c59cd8558f614f9590e03847c2628675',2.00),('50e69edbddb04e77bf3f25fbd97d094c','SV fee Yoke Line Cap Check','','','','','',0.00,1,2100.00,NULL,0,0,'2019-03-14 23:52:11.796339','2019-03-28 22:05:48.816366','934b0f1c099b4c07a6df75c894659048','1f3cc4b7c2154011a379f6fa1a16f530','3e412209c1d84a728f346d0e590498ad',NULL,NULL,'1f3cc4b7c2154011a379f6fa1a16f530','2035b69318344939a06ac9558e935ef5','466f895b13b144d4b1be868bd6cc7674','e6fe81eff2a845ac9dfb6e282737343f',1.00),('524ba7808a5c47c381470b8646f61a22','CONTROLLER (スピードコントローラー)','AS2201F-01-06A','','','','7646-007-K2',0.00,0.0090909,470.00,NULL,0,0,'2019-03-31 02:24:57.467499','2019-03-31 02:24:57.467566','934b0f1c099b4c07a6df75c894659048','1f3cc4b7c2154011a379f6fa1a16f530','d897d6292a83448b98a1d0c723b59e54',NULL,'e339fe6f57334caf97653a37c201b067','1f3cc4b7c2154011a379f6fa1a16f530','19d0566f4dbc4b4a93ab2ebf417c63d9','466f895b13b144d4b1be868bd6cc7674','9750227b0342499d80d491fba7a81bda',2.00),('53b5f0219f2346c7ae0b3d2885de2ab1','CONTROLLER (スピードコントローラー)','AS1201F-M5-04A','','','','7646-012-K6',0.00,0.0090909,350.00,NULL,0,0,'2019-03-31 02:25:07.783784','2019-03-31 02:25:07.783848','934b0f1c099b4c07a6df75c894659048','1f3cc4b7c2154011a379f6fa1a16f530','d897d6292a83448b98a1d0c723b59e54',NULL,'e339fe6f57334caf97653a37c201b067','1f3cc4b7c2154011a379f6fa1a16f530','19d0566f4dbc4b4a93ab2ebf417c63d9','466f895b13b144d4b1be868bd6cc7674','9750227b0342499d80d491fba7a81bda',2.00),('55161028bb7d410997bef1381f4fba02','ENTRANCE BLOCK','','7645-009-K-005','S45C','黒染 焼入れ　HRC60以上','',0.00,0.0090909,3140.00,NULL,0,0,'2019-03-30 03:41:52.045186','2019-03-30 03:41:52.045250','934b0f1c099b4c07a6df75c894659048','1f3cc4b7c2154011a379f6fa1a16f530','d897d6292a83448b98a1d0c723b59e54',NULL,NULL,'1f3cc4b7c2154011a379f6fa1a16f530','2035b69318344939a06ac9558e935ef5','466f895b13b144d4b1be868bd6cc7674','c59cd8558f614f9590e03847c2628675',1.00),('57c26f25f8e34d73a1997939f7734790','CONTROLLER (スピードコントローラー)','AS2201F-02-06A','','','','7646-007-K1',0.00,0.0090909,530.00,NULL,0,0,'2019-03-31 02:24:58.511776','2019-03-31 02:24:58.511847','934b0f1c099b4c07a6df75c894659048','1f3cc4b7c2154011a379f6fa1a16f530','d897d6292a83448b98a1d0c723b59e54',NULL,'e339fe6f57334caf97653a37c201b067','1f3cc4b7c2154011a379f6fa1a16f530','19d0566f4dbc4b4a93ab2ebf417c63d9','466f895b13b144d4b1be868bd6cc7674','9750227b0342499d80d491fba7a81bda',2.00),('590d1b5719c14679973564fb50300288','FLIPPER','','7645-012-K-034','S45C','***','',0.00,0.0090909,1320.00,NULL,0,0,'2019-03-30 03:41:54.785692','2019-03-30 03:41:54.785857','934b0f1c099b4c07a6df75c894659048','1f3cc4b7c2154011a379f6fa1a16f530','d897d6292a83448b98a1d0c723b59e54',NULL,NULL,'1f3cc4b7c2154011a379f6fa1a16f530','2035b69318344939a06ac9558e935ef5','466f895b13b144d4b1be868bd6cc7674','c59cd8558f614f9590e03847c2628675',1.00),('5bef2ddf11e74ced96dd680c880fd302','Bush','4474-P-564','','','','',0.00,0.0090909,2080.00,NULL,0,0,'2019-03-29 04:33:45.269808','2019-03-29 04:33:45.269899','934b0f1c099b4c07a6df75c894659048','1f3cc4b7c2154011a379f6fa1a16f530','d897d6292a83448b98a1d0c723b59e54',NULL,NULL,'1f3cc4b7c2154011a379f6fa1a16f530','19d0566f4dbc4b4a93ab2ebf417c63d9','466f895b13b144d4b1be868bd6cc7674','6694101bad7d4e72bb9a19ea82b12715',4.00),('5de39d69d82b43698fde1c5c09eaacf9','CONTROLLER (スピードコントローラー)','AS2201F-01-06A','','','','7645-007-K3',0.00,0.0090909,470.00,NULL,0,0,'2019-03-30 02:59:48.229039','2019-03-30 02:59:48.229102','934b0f1c099b4c07a6df75c894659048','1f3cc4b7c2154011a379f6fa1a16f530','d897d6292a83448b98a1d0c723b59e54',NULL,NULL,'1f3cc4b7c2154011a379f6fa1a16f530','19d0566f4dbc4b4a93ab2ebf417c63d9','466f895b13b144d4b1be868bd6cc7674','c59cd8558f614f9590e03847c2628675',2.00),('5f5b9d929055400fb18ad55a340c1271','SHUTTER PLATE','','7645-009-K-013','S45C','黒染','',0.00,0.0090909,2040.00,NULL,0,0,'2019-03-30 03:41:47.480634','2019-03-30 03:41:47.480698','934b0f1c099b4c07a6df75c894659048','1f3cc4b7c2154011a379f6fa1a16f530','d897d6292a83448b98a1d0c723b59e54',NULL,NULL,'1f3cc4b7c2154011a379f6fa1a16f530','2035b69318344939a06ac9558e935ef5','466f895b13b144d4b1be868bd6cc7674','c59cd8558f614f9590e03847c2628675',1.00),('5f5e3af4bb124d50853f6763cd14ebde','PUSHER HEAD','','7646-012-K-003','S50C','表面焼入れHRC60以上　黒染め','',0.00,0.0090909,3250.00,NULL,0,0,'2019-03-31 02:28:46.786898','2019-03-31 02:28:46.786981','934b0f1c099b4c07a6df75c894659048','1f3cc4b7c2154011a379f6fa1a16f530','d897d6292a83448b98a1d0c723b59e54',NULL,NULL,'1f3cc4b7c2154011a379f6fa1a16f530','2035b69318344939a06ac9558e935ef5','466f895b13b144d4b1be868bd6cc7674','9750227b0342499d80d491fba7a81bda',1.00),('5ff33abc75b04e9685393703c278d991','FRAME (アルミフレーム)','EFS6-3030-210-ZZZ1','','','','7645-000-K2',0.00,0.0090909,400.00,NULL,0,0,'2019-03-30 02:53:08.126203','2019-03-30 02:53:08.126266','934b0f1c099b4c07a6df75c894659048','1f3cc4b7c2154011a379f6fa1a16f530','d897d6292a83448b98a1d0c723b59e54',NULL,NULL,'1f3cc4b7c2154011a379f6fa1a16f530','19d0566f4dbc4b4a93ab2ebf417c63d9','466f895b13b144d4b1be868bd6cc7674','c59cd8558f614f9590e03847c2628675',1.00),('609c6cf00ba94125867b2af6aed35627','CONTROLLER (スピードコントローラー)','AS2201F-01-06A','','','','7645-007-K2',0.00,0.0090909,470.00,NULL,0,0,'2019-03-30 02:59:49.465574','2019-03-30 02:59:49.465664','934b0f1c099b4c07a6df75c894659048','1f3cc4b7c2154011a379f6fa1a16f530','d897d6292a83448b98a1d0c723b59e54',NULL,NULL,'1f3cc4b7c2154011a379f6fa1a16f530','19d0566f4dbc4b4a93ab2ebf417c63d9','466f895b13b144d4b1be868bd6cc7674','c59cd8558f614f9590e03847c2628675',2.00),('6284608b0a1c4e929b309e9dd722057b','CONTROLLER (スピードコントローラー)','AS1201F-M5-04A','','','','7646-004-K17',0.00,0.0090909,350.00,NULL,0,0,'2019-03-31 02:24:48.770481','2019-03-31 02:24:48.770543','934b0f1c099b4c07a6df75c894659048','1f3cc4b7c2154011a379f6fa1a16f530','d897d6292a83448b98a1d0c723b59e54',NULL,'e339fe6f57334caf97653a37c201b067','1f3cc4b7c2154011a379f6fa1a16f530','19d0566f4dbc4b4a93ab2ebf417c63d9','466f895b13b144d4b1be868bd6cc7674','9750227b0342499d80d491fba7a81bda',2.00),('62ba4237fb024bf18d0a315d36844e08','CHAIN (プラチェーン)','RSP35 (175リンク)','','','','7645-008-K1',0.00,0.0090909,16230.00,NULL,0,0,'2019-03-30 02:59:52.108633','2019-03-30 02:59:52.108692','934b0f1c099b4c07a6df75c894659048','1f3cc4b7c2154011a379f6fa1a16f530','d897d6292a83448b98a1d0c723b59e54',NULL,NULL,'1f3cc4b7c2154011a379f6fa1a16f530','19d0566f4dbc4b4a93ab2ebf417c63d9','466f895b13b144d4b1be868bd6cc7674','c59cd8558f614f9590e03847c2628675',1.00),('62eb48bb49aa4703b13c69a8a438359d','CYLINDER (ガイド付きシリンダー)','MGPM16-50Z-A93','','','','7645-003-K2',0.00,0.0090909,13750.00,NULL,0,0,'2019-03-30 02:54:26.153561','2019-03-30 02:54:26.153627','934b0f1c099b4c07a6df75c894659048','1f3cc4b7c2154011a379f6fa1a16f530','d897d6292a83448b98a1d0c723b59e54',NULL,NULL,'1f3cc4b7c2154011a379f6fa1a16f530','19d0566f4dbc4b4a93ab2ebf417c63d9','466f895b13b144d4b1be868bd6cc7674','c59cd8558f614f9590e03847c2628675',1.00),('64580ef86e2a47ce8109795899f6b6f7','FLIPPER','','7646-012-K-034','S45C','黒染め','',0.00,0.0090909,1320.00,NULL,0,0,'2019-03-31 02:28:36.299234','2019-03-31 02:28:36.299308','934b0f1c099b4c07a6df75c894659048','1f3cc4b7c2154011a379f6fa1a16f530','d897d6292a83448b98a1d0c723b59e54',NULL,NULL,'1f3cc4b7c2154011a379f6fa1a16f530','2035b69318344939a06ac9558e935ef5','466f895b13b144d4b1be868bd6cc7674','9750227b0342499d80d491fba7a81bda',1.00),('64ff110704974356bcb98af12cf6681b','CONTROLLER (スピードコントローラー)','AS1201F-M5-04A','','','','7646-0009-K4',0.00,0.0090909,350.00,NULL,0,0,'2019-03-31 02:25:00.751078','2019-03-31 02:25:00.751142','934b0f1c099b4c07a6df75c894659048','1f3cc4b7c2154011a379f6fa1a16f530','d897d6292a83448b98a1d0c723b59e54',NULL,'e339fe6f57334caf97653a37c201b067','1f3cc4b7c2154011a379f6fa1a16f530','19d0566f4dbc4b4a93ab2ebf417c63d9','466f895b13b144d4b1be868bd6cc7674','9750227b0342499d80d491fba7a81bda',2.00),('65693cda2438480f88a63a0ddab26bb3','JOINT (継手)','KQ2S04-M5A','','','','',0.00,0.0090909,160.00,NULL,0,0,'2019-03-30 02:54:21.052520','2019-03-30 02:54:21.052583','934b0f1c099b4c07a6df75c894659048','1f3cc4b7c2154011a379f6fa1a16f530','d897d6292a83448b98a1d0c723b59e54',NULL,NULL,'1f3cc4b7c2154011a379f6fa1a16f530','19d0566f4dbc4b4a93ab2ebf417c63d9','466f895b13b144d4b1be868bd6cc7674','c59cd8558f614f9590e03847c2628675',2.00),('65b4c76456ad4c57bf3548589551f3b5','CONTROLLER (スピードコントローラー)','AS2201F-01-06A','','','','7646-007-K3',0.00,0.0090909,470.00,NULL,0,0,'2019-03-31 02:24:56.133280','2019-03-31 02:24:56.133342','934b0f1c099b4c07a6df75c894659048','1f3cc4b7c2154011a379f6fa1a16f530','d897d6292a83448b98a1d0c723b59e54',NULL,'e339fe6f57334caf97653a37c201b067','1f3cc4b7c2154011a379f6fa1a16f530','19d0566f4dbc4b4a93ab2ebf417c63d9','466f895b13b144d4b1be868bd6cc7674','9750227b0342499d80d491fba7a81bda',2.00),('6ad67a160e7e446fbc075d662404c746','ENTRANCE GUIDE','','7646-0009-K-006','S45C','黒染','',0.00,0.0090909,1820.00,NULL,0,0,'2019-03-31 02:28:32.870040','2019-03-31 02:28:32.870182','934b0f1c099b4c07a6df75c894659048','1f3cc4b7c2154011a379f6fa1a16f530','d897d6292a83448b98a1d0c723b59e54',NULL,NULL,'1f3cc4b7c2154011a379f6fa1a16f530','2035b69318344939a06ac9558e935ef5','466f895b13b144d4b1be868bd6cc7674','9750227b0342499d80d491fba7a81bda',1.00),('6b1d4b46c9f8402cb25f1984f7f5acca','FLIPPER','','7645-004-K-008','NAK55','黒染','',0.00,0.0090909,3250.00,NULL,0,0,'2019-03-30 03:41:36.556342','2019-03-30 03:41:36.556473','934b0f1c099b4c07a6df75c894659048','1f3cc4b7c2154011a379f6fa1a16f530','d897d6292a83448b98a1d0c723b59e54',NULL,NULL,'1f3cc4b7c2154011a379f6fa1a16f530','2035b69318344939a06ac9558e935ef5','466f895b13b144d4b1be868bd6cc7674','c59cd8558f614f9590e03847c2628675',1.00),('6b20a19bd13d4bd9bd0eb551c39d9bb0','SERVO DRIVER MITSUBISHI','MR-J3-20A','','','','',0.00,0.0090909,53950.00,NULL,0,0,'2019-03-29 04:33:48.794143','2019-03-29 04:33:48.794220','934b0f1c099b4c07a6df75c894659048','1f3cc4b7c2154011a379f6fa1a16f530','d897d6292a83448b98a1d0c723b59e54',NULL,NULL,'1f3cc4b7c2154011a379f6fa1a16f530','19d0566f4dbc4b4a93ab2ebf417c63d9','466f895b13b144d4b1be868bd6cc7674','6694101bad7d4e72bb9a19ea82b12715',1.00),('6eb37b3efbf3410883fca60ff9a3bb22','CONTROLLER (スピードコントローラー)','AS1201F-M5-04A','','','','7646-003-K',0.00,0.0090909,350.00,NULL,0,0,'2019-03-31 02:24:30.980014','2019-03-31 02:24:30.980077','934b0f1c099b4c07a6df75c894659048','1f3cc4b7c2154011a379f6fa1a16f530','d897d6292a83448b98a1d0c723b59e54',NULL,'e339fe6f57334caf97653a37c201b067','1f3cc4b7c2154011a379f6fa1a16f530','19d0566f4dbc4b4a93ab2ebf417c63d9','466f895b13b144d4b1be868bd6cc7674','9750227b0342499d80d491fba7a81bda',2.00),('7145ba3e9d054218ae4b9e9d89c9dd9b','PIN GUIDE 6.5','','7645-009-K-003','SKS3','黒染','',0.00,0.0090909,1760.00,NULL,0,0,'2019-03-30 03:41:53.476259','2019-03-30 03:41:53.476322','934b0f1c099b4c07a6df75c894659048','1f3cc4b7c2154011a379f6fa1a16f530','d897d6292a83448b98a1d0c723b59e54',NULL,NULL,'1f3cc4b7c2154011a379f6fa1a16f530','2035b69318344939a06ac9558e935ef5','466f895b13b144d4b1be868bd6cc7674','c59cd8558f614f9590e03847c2628675',1.00),('719c8f45fcbe489691275e5c45c50cab','SENSOR (ファイバーセンサー)','FU-77','','','','7645-004-K-22',0.00,0.0090909,4290.00,NULL,0,0,'2019-03-30 02:56:17.376769','2019-03-30 02:56:17.376836','934b0f1c099b4c07a6df75c894659048','1f3cc4b7c2154011a379f6fa1a16f530','d897d6292a83448b98a1d0c723b59e54',NULL,NULL,'1f3cc4b7c2154011a379f6fa1a16f530','19d0566f4dbc4b4a93ab2ebf417c63d9','466f895b13b144d4b1be868bd6cc7674','c59cd8558f614f9590e03847c2628675',2.00),('74b2e72abaf741158a50588094018ba3','MOTOR MOUNT','','7646-012-K-008','SS400','黒染め','',0.00,0.0090909,2590.00,NULL,0,0,'2019-03-31 02:28:44.215230','2019-03-31 02:28:44.215295','934b0f1c099b4c07a6df75c894659048','1f3cc4b7c2154011a379f6fa1a16f530','d897d6292a83448b98a1d0c723b59e54',NULL,NULL,'1f3cc4b7c2154011a379f6fa1a16f530','2035b69318344939a06ac9558e935ef5','466f895b13b144d4b1be868bd6cc7674','9750227b0342499d80d491fba7a81bda',1.00),('753365a1706c4edc84bfa80b0f013790','STOPPER','','7645-009-K-010','S55C','真空焼入れHRC40～黒染','',0.00,0.0090909,1980.00,NULL,0,0,'2019-03-30 03:41:48.607246','2019-03-30 03:41:48.607314','934b0f1c099b4c07a6df75c894659048','1f3cc4b7c2154011a379f6fa1a16f530','d897d6292a83448b98a1d0c723b59e54',NULL,NULL,'1f3cc4b7c2154011a379f6fa1a16f530','2035b69318344939a06ac9558e935ef5','466f895b13b144d4b1be868bd6cc7674','c59cd8558f614f9590e03847c2628675',1.00),('75da37bef7d4417aac970c0651468390','CLAMP (INVT HAND)','','7645-001-K-004','S55C','真空焼入れHRC40～黒染','',0.00,0.0090909,4070.00,NULL,0,0,'2019-03-30 03:41:25.764082','2019-03-30 03:41:25.764192','934b0f1c099b4c07a6df75c894659048','1f3cc4b7c2154011a379f6fa1a16f530','d897d6292a83448b98a1d0c723b59e54',NULL,NULL,'1f3cc4b7c2154011a379f6fa1a16f530','2035b69318344939a06ac9558e935ef5','466f895b13b144d4b1be868bd6cc7674','c59cd8558f614f9590e03847c2628675',2.00),('77532ad02e064a7b9220250b83647b9b','FITTING','KQ2L04-02AS','','','','7646-013-K',0.00,0.0090909,130.00,NULL,0,0,'2019-03-31 02:25:15.629627','2019-03-31 02:25:15.629725','934b0f1c099b4c07a6df75c894659048','1f3cc4b7c2154011a379f6fa1a16f530','d897d6292a83448b98a1d0c723b59e54',NULL,'e339fe6f57334caf97653a37c201b067','1f3cc4b7c2154011a379f6fa1a16f530','19d0566f4dbc4b4a93ab2ebf417c63d9','466f895b13b144d4b1be868bd6cc7674','9750227b0342499d80d491fba7a81bda',4.00),('7a925e4c4ed8458d96b92c5077d83c9b','CONTROLLER (スピードコントローラー)','AS1201F-M5-04A','','','','7646-0011-K1',0.00,0.0090909,350.00,NULL,0,0,'2019-03-31 02:25:05.346184','2019-03-31 02:25:05.346278','934b0f1c099b4c07a6df75c894659048','1f3cc4b7c2154011a379f6fa1a16f530','d897d6292a83448b98a1d0c723b59e54',NULL,'e339fe6f57334caf97653a37c201b067','1f3cc4b7c2154011a379f6fa1a16f530','19d0566f4dbc4b4a93ab2ebf417c63d9','466f895b13b144d4b1be868bd6cc7674','9750227b0342499d80d491fba7a81bda',2.00),('7c65ea392253495e99fbab420ce177ae','PLATE','','7646-004-K-019','SS400D','黒染','',0.00,0.0090909,1100.00,NULL,0,0,'2019-03-31 02:28:16.292185','2019-03-31 02:28:16.292291','934b0f1c099b4c07a6df75c894659048','1f3cc4b7c2154011a379f6fa1a16f530','d897d6292a83448b98a1d0c723b59e54',NULL,NULL,'1f3cc4b7c2154011a379f6fa1a16f530','2035b69318344939a06ac9558e935ef5','466f895b13b144d4b1be868bd6cc7674','9750227b0342499d80d491fba7a81bda',1.00),('7e3c7b87829848a0afc66b2931c963dc','NG CATCH','','7646-012-K-019','SUS304','***','',0.00,0.0090909,1650.00,NULL,0,0,'2019-03-31 02:28:40.563484','2019-03-31 02:28:40.563546','934b0f1c099b4c07a6df75c894659048','1f3cc4b7c2154011a379f6fa1a16f530','d897d6292a83448b98a1d0c723b59e54',NULL,NULL,'1f3cc4b7c2154011a379f6fa1a16f530','2035b69318344939a06ac9558e935ef5','466f895b13b144d4b1be868bd6cc7674','9750227b0342499d80d491fba7a81bda',1.00),('7e605b42cec943129e677e170ab20435','CV BASE PLATE','','7646-007A-K-017','SS400','黒染め（現地追加工）','',0.00,0.0090909,0.00,NULL,0,0,'2019-03-31 02:28:25.257928','2019-03-31 02:28:25.258046','934b0f1c099b4c07a6df75c894659048','1f3cc4b7c2154011a379f6fa1a16f530','d897d6292a83448b98a1d0c723b59e54',NULL,NULL,'1f3cc4b7c2154011a379f6fa1a16f530','2035b69318344939a06ac9558e935ef5','466f895b13b144d4b1be868bd6cc7674','9750227b0342499d80d491fba7a81bda',1.00),('7eb059dc4f7d4516bc364ac2ef74e9f2','Spped Controller','MSM003-403','','','','',0.00,0.0090909,95.64,NULL,0,0,'2019-03-30 03:00:11.310047','2019-03-30 03:00:11.310140','934b0f1c099b4c07a6df75c894659048','1f3cc4b7c2154011a379f6fa1a16f530','d897d6292a83448b98a1d0c723b59e54',NULL,NULL,'1f3cc4b7c2154011a379f6fa1a16f530','19d0566f4dbc4b4a93ab2ebf417c63d9','466f895b13b144d4b1be868bd6cc7674','c59cd8558f614f9590e03847c2628675',1.00),('7f57af0f595244839ff3502729df5581','STICK (マグネットキャッチ)','HMGNA6','','','','7645-000-K6',0.00,0.0090909,490.00,NULL,0,0,'2019-03-30 02:52:58.900079','2019-03-30 02:52:58.900153','934b0f1c099b4c07a6df75c894659048','1f3cc4b7c2154011a379f6fa1a16f530','d897d6292a83448b98a1d0c723b59e54',NULL,NULL,'1f3cc4b7c2154011a379f6fa1a16f530','19d0566f4dbc4b4a93ab2ebf417c63d9','466f895b13b144d4b1be868bd6cc7674','c59cd8558f614f9590e03847c2628675',8.00),('7fc7c7e8cf6c42758dd201b6ef6104e3','PUSHER BASE','','7646-012-K-004','S45C','黒染め','',0.00,0.0090909,3250.00,NULL,0,0,'2019-03-31 02:28:45.917954','2019-03-31 02:28:45.918039','934b0f1c099b4c07a6df75c894659048','1f3cc4b7c2154011a379f6fa1a16f530','d897d6292a83448b98a1d0c723b59e54',NULL,NULL,'1f3cc4b7c2154011a379f6fa1a16f530','2035b69318344939a06ac9558e935ef5','466f895b13b144d4b1be868bd6cc7674','9750227b0342499d80d491fba7a81bda',1.00),('80de9a8c75d74ba0a0783c9cd25dbb0e','BRACKET (コンベアブラケット)','','7645-008-K-009','SS400','黒染','',0.00,0.0090909,4240.00,NULL,0,0,'2019-03-30 03:41:45.369494','2019-03-30 03:41:45.369559','934b0f1c099b4c07a6df75c894659048','1f3cc4b7c2154011a379f6fa1a16f530','d897d6292a83448b98a1d0c723b59e54',NULL,NULL,'1f3cc4b7c2154011a379f6fa1a16f530','2035b69318344939a06ac9558e935ef5','466f895b13b144d4b1be868bd6cc7674','c59cd8558f614f9590e03847c2628675',1.00),('81fd343bd92b4cbcb1380094fef6c31c','KEY (キー)','KES3-10','','','','7645-004-K-25',0.00,0.0090909,330.00,NULL,0,0,'2019-03-30 02:54:31.421194','2019-03-30 02:54:31.421285','934b0f1c099b4c07a6df75c894659048','1f3cc4b7c2154011a379f6fa1a16f530','d897d6292a83448b98a1d0c723b59e54',NULL,NULL,'1f3cc4b7c2154011a379f6fa1a16f530','19d0566f4dbc4b4a93ab2ebf417c63d9','466f895b13b144d4b1be868bd6cc7674','c59cd8558f614f9590e03847c2628675',1.00),('83bc582fbe294e268d960a8552374f30','SHUTTER PLATE','','7645-006-K-002','SKS3','黒染 焼入れ　HRC60以上','',0.00,0.0090909,12210.00,NULL,0,0,'2019-03-30 03:41:40.725482','2019-03-30 03:41:40.725607','934b0f1c099b4c07a6df75c894659048','1f3cc4b7c2154011a379f6fa1a16f530','d897d6292a83448b98a1d0c723b59e54',NULL,NULL,'1f3cc4b7c2154011a379f6fa1a16f530','2035b69318344939a06ac9558e935ef5','466f895b13b144d4b1be868bd6cc7674','c59cd8558f614f9590e03847c2628675',6.00),('84b84d53373e4beb8d0c309011439a76','SIDE PUSHER','','7645-009-K-007','S55C','真空焼入れHRC40～黒染','',0.00,0.0090909,2750.00,NULL,0,0,'2019-03-30 03:41:49.754779','2019-03-30 03:41:49.754845','934b0f1c099b4c07a6df75c894659048','1f3cc4b7c2154011a379f6fa1a16f530','d897d6292a83448b98a1d0c723b59e54',NULL,NULL,'1f3cc4b7c2154011a379f6fa1a16f530','2035b69318344939a06ac9558e935ef5','466f895b13b144d4b1be868bd6cc7674','c59cd8558f614f9590e03847c2628675',1.00),('86c8b2d4eb954decae72677c1de3d460','CONTROLLER (スピードコントローラー)','AS1201F-M5-04A','','','','7646-004-K',0.00,0.0090909,350.00,NULL,0,0,'2019-03-31 02:24:44.892591','2019-03-31 02:24:44.892696','934b0f1c099b4c07a6df75c894659048','1f3cc4b7c2154011a379f6fa1a16f530','d897d6292a83448b98a1d0c723b59e54',NULL,'e339fe6f57334caf97653a37c201b067','1f3cc4b7c2154011a379f6fa1a16f530','19d0566f4dbc4b4a93ab2ebf417c63d9','466f895b13b144d4b1be868bd6cc7674','9750227b0342499d80d491fba7a81bda',2.00),('87d6bbe0d44948acaedaf8bf32122480','PUSHER GUIDE','','7646-012-K-032','SUS304','***','',0.00,0.0090909,660.00,NULL,0,0,'2019-03-31 02:28:37.118701','2019-03-31 02:28:37.118862','934b0f1c099b4c07a6df75c894659048','1f3cc4b7c2154011a379f6fa1a16f530','d897d6292a83448b98a1d0c723b59e54',NULL,NULL,'1f3cc4b7c2154011a379f6fa1a16f530','2035b69318344939a06ac9558e935ef5','466f895b13b144d4b1be868bd6cc7674','9750227b0342499d80d491fba7a81bda',1.00),('8e43f539d8264ed4b2147837fe34b37e','JOINT (継手)','KQ2S04-M5A','','','','7646-001-K',0.00,0.0090909,160.00,NULL,0,0,'2019-03-31 02:24:29.192792','2019-03-31 02:24:29.192878','934b0f1c099b4c07a6df75c894659048','1f3cc4b7c2154011a379f6fa1a16f530','d897d6292a83448b98a1d0c723b59e54',NULL,'e339fe6f57334caf97653a37c201b067','1f3cc4b7c2154011a379f6fa1a16f530','19d0566f4dbc4b4a93ab2ebf417c63d9','466f895b13b144d4b1be868bd6cc7674','9750227b0342499d80d491fba7a81bda',2.00),('8e990cb05686455ab81c22ecae20f5b9','STOPPER','','7646-0009-K-010','S55C','焼入れHRC40~黒染','',0.00,0.0090909,1980.00,NULL,0,0,'2019-03-31 02:28:30.806850','2019-03-31 02:28:30.806916','934b0f1c099b4c07a6df75c894659048','1f3cc4b7c2154011a379f6fa1a16f530','d897d6292a83448b98a1d0c723b59e54',NULL,NULL,'1f3cc4b7c2154011a379f6fa1a16f530','2035b69318344939a06ac9558e935ef5','466f895b13b144d4b1be868bd6cc7674','9750227b0342499d80d491fba7a81bda',1.00),('8ebbfed878ed44a6ac748ce4b0ffe450','ORIENTATE CHUTE','','7646-004-K-007','NAK55','黒染','',0.00,0.0090909,10780.00,NULL,0,0,'2019-03-31 02:28:21.476205','2019-03-31 02:28:21.476267','934b0f1c099b4c07a6df75c894659048','1f3cc4b7c2154011a379f6fa1a16f530','d897d6292a83448b98a1d0c723b59e54',NULL,NULL,'1f3cc4b7c2154011a379f6fa1a16f530','2035b69318344939a06ac9558e935ef5','466f895b13b144d4b1be868bd6cc7674','9750227b0342499d80d491fba7a81bda',1.00),('8f06603823c545279151ca866eb08441','CONTOROLLER (スピードコントローラー)','AS2201F-01-04SA','','','','7645-004-K',0.00,0.0090909,470.00,NULL,0,0,'2019-03-30 02:59:43.695044','2019-03-30 02:59:43.695143','934b0f1c099b4c07a6df75c894659048','1f3cc4b7c2154011a379f6fa1a16f530','d897d6292a83448b98a1d0c723b59e54',NULL,NULL,'1f3cc4b7c2154011a379f6fa1a16f530','19d0566f4dbc4b4a93ab2ebf417c63d9','466f895b13b144d4b1be868bd6cc7674','c59cd8558f614f9590e03847c2628675',2.00),('8f1f403084ed4704baffa8a3f96ca41b','AIR CHUCK (180度開閉型エアチャック)','MHW2-20D1-Y69B','','','','7645-004-K-19',0.00,0.0090909,33500.00,NULL,0,0,'2019-03-30 02:56:27.286366','2019-03-30 02:56:27.286446','934b0f1c099b4c07a6df75c894659048','1f3cc4b7c2154011a379f6fa1a16f530','d897d6292a83448b98a1d0c723b59e54',NULL,NULL,'1f3cc4b7c2154011a379f6fa1a16f530','19d0566f4dbc4b4a93ab2ebf417c63d9','466f895b13b144d4b1be868bd6cc7674','c59cd8558f614f9590e03847c2628675',1.00),('8f7006c6d25c4bc4855652d9c035c497','FITTING','KQ2L04-02AS','','','','7645-013-K',0.00,0.0090909,130.00,NULL,0,0,'2019-03-30 03:00:08.698665','2019-03-30 03:00:08.698728','934b0f1c099b4c07a6df75c894659048','1f3cc4b7c2154011a379f6fa1a16f530','d897d6292a83448b98a1d0c723b59e54',NULL,NULL,'1f3cc4b7c2154011a379f6fa1a16f530','19d0566f4dbc4b4a93ab2ebf417c63d9','466f895b13b144d4b1be868bd6cc7674','c59cd8558f614f9590e03847c2628675',4.00),('910d44cc0dd4400fa7e178445cc68a13','CONTROLLER (スピードコントローラー)','AS1201F-M5-04A','','','','7645-006-K-1',0.00,0.0090909,350.00,NULL,0,0,'2019-03-30 02:59:45.555894','2019-03-30 02:59:45.556002','934b0f1c099b4c07a6df75c894659048','1f3cc4b7c2154011a379f6fa1a16f530','d897d6292a83448b98a1d0c723b59e54',NULL,NULL,'1f3cc4b7c2154011a379f6fa1a16f530','19d0566f4dbc4b4a93ab2ebf417c63d9','466f895b13b144d4b1be868bd6cc7674','c59cd8558f614f9590e03847c2628675',12.00),('923ed9d3e46040638fbd93afe1fbb73e','CONTROLLER (スピードコントローラー)','AS1201F-M5-04A','','','','7646-0009-K2',0.00,0.0090909,350.00,NULL,0,0,'2019-03-31 02:25:03.053283','2019-03-31 02:25:03.053358','934b0f1c099b4c07a6df75c894659048','1f3cc4b7c2154011a379f6fa1a16f530','d897d6292a83448b98a1d0c723b59e54',NULL,'e339fe6f57334caf97653a37c201b067','1f3cc4b7c2154011a379f6fa1a16f530','19d0566f4dbc4b4a93ab2ebf417c63d9','466f895b13b144d4b1be868bd6cc7674','9750227b0342499d80d491fba7a81bda',2.00),('92cf7c0263f146b8b8d75c3ac716d1fc','CHUTE HOLDER','','7645-004-K-009','SS400','黒染 (現地追加工)','',0.00,0.0090909,0.00,NULL,0,0,'2019-03-30 03:41:35.342680','2019-03-30 03:41:35.342745','934b0f1c099b4c07a6df75c894659048','1f3cc4b7c2154011a379f6fa1a16f530','d897d6292a83448b98a1d0c723b59e54',NULL,NULL,'1f3cc4b7c2154011a379f6fa1a16f530','2035b69318344939a06ac9558e935ef5','466f895b13b144d4b1be868bd6cc7674','c59cd8558f614f9590e03847c2628675',1.00),('92db5ed3c6ef466abb9942e67183d91e','SWITCH (オートスイッチ)','D-A93','','','','7646-012-K7',0.00,0.0090909,1160.00,NULL,0,0,'2019-03-31 02:25:06.579636','2019-03-31 02:25:06.579712','934b0f1c099b4c07a6df75c894659048','1f3cc4b7c2154011a379f6fa1a16f530','d897d6292a83448b98a1d0c723b59e54',NULL,'e339fe6f57334caf97653a37c201b067','1f3cc4b7c2154011a379f6fa1a16f530','19d0566f4dbc4b4a93ab2ebf417c63d9','466f895b13b144d4b1be868bd6cc7674','9750227b0342499d80d491fba7a81bda',2.00),('967404df05974b60a34a27139beff870','LEFT SEAL','5528-P0400-005 (70゜)','','','','',0.00,0.0090909,6830.00,NULL,0,0,'2019-03-29 05:30:13.101345','2019-03-29 05:30:13.101410','934b0f1c099b4c07a6df75c894659048','1f3cc4b7c2154011a379f6fa1a16f530','d897d6292a83448b98a1d0c723b59e54',NULL,NULL,'1f3cc4b7c2154011a379f6fa1a16f530','19d0566f4dbc4b4a93ab2ebf417c63d9','466f895b13b144d4b1be868bd6cc7674','ee7a0a88442c469dad6195a477ecd6fb',10.00),('97b70c3414f8412eb0ee99f4afabff29','BEARING HOLDER A','','7645-012-K-006','AA400','黒染','',0.00,0.0090909,1760.00,NULL,0,0,'2019-03-30 03:42:04.251159','2019-03-30 03:42:04.251473','934b0f1c099b4c07a6df75c894659048','1f3cc4b7c2154011a379f6fa1a16f530','d897d6292a83448b98a1d0c723b59e54',NULL,NULL,'1f3cc4b7c2154011a379f6fa1a16f530','2035b69318344939a06ac9558e935ef5','466f895b13b144d4b1be868bd6cc7674','c59cd8558f614f9590e03847c2628675',1.00),('988611af39984c8da4599cc24d7a53e1','NG SEPARATOR','','7646-012-K-020','HPMI(NAK55)','黒染め','',0.00,0.0090909,2150.00,NULL,0,0,'2019-03-31 02:28:39.167072','2019-03-31 02:28:39.167138','934b0f1c099b4c07a6df75c894659048','1f3cc4b7c2154011a379f6fa1a16f530','d897d6292a83448b98a1d0c723b59e54',NULL,NULL,'1f3cc4b7c2154011a379f6fa1a16f530','2035b69318344939a06ac9558e935ef5','466f895b13b144d4b1be868bd6cc7674','9750227b0342499d80d491fba7a81bda',1.00),('99c1197df0d64082a04f239a721b8265','CONTROLLER (スピードコントローラー)','AS1201F-M5-04A','','','','7646-0009-K3',0.00,0.0090909,350.00,NULL,0,0,'2019-03-31 02:25:01.900973','2019-03-31 02:25:01.901043','934b0f1c099b4c07a6df75c894659048','1f3cc4b7c2154011a379f6fa1a16f530','d897d6292a83448b98a1d0c723b59e54',NULL,'e339fe6f57334caf97653a37c201b067','1f3cc4b7c2154011a379f6fa1a16f530','19d0566f4dbc4b4a93ab2ebf417c63d9','466f895b13b144d4b1be868bd6cc7674','9750227b0342499d80d491fba7a81bda',2.00),('9a4d24c5a00a4b17b57174399a75dd70','CONTROLLER (スピードコントローラー)','AS1201F-M5-04A','','','','7645-001-K3',0.00,0.0090909,350.00,NULL,0,0,'2019-03-30 02:54:16.613902','2019-03-30 02:54:16.614005','934b0f1c099b4c07a6df75c894659048','1f3cc4b7c2154011a379f6fa1a16f530','d897d6292a83448b98a1d0c723b59e54',NULL,NULL,'1f3cc4b7c2154011a379f6fa1a16f530','19d0566f4dbc4b4a93ab2ebf417c63d9','466f895b13b144d4b1be868bd6cc7674','c59cd8558f614f9590e03847c2628675',2.00),('9cbe38ad79354a269e3f7bb05c60a519','CLAMP (HAND 2)','','7646-003-K-003','SKS3','焼入れHRC45以上　黒染','',0.00,0.0090909,3960.00,NULL,0,0,'2019-03-31 02:28:15.250928','2019-03-31 02:28:15.251060','934b0f1c099b4c07a6df75c894659048','1f3cc4b7c2154011a379f6fa1a16f530','d897d6292a83448b98a1d0c723b59e54',NULL,NULL,'1f3cc4b7c2154011a379f6fa1a16f530','2035b69318344939a06ac9558e935ef5','466f895b13b144d4b1be868bd6cc7674','9750227b0342499d80d491fba7a81bda',2.00),('9ee76f43cbad414a97263abb0f8ab3f9','BRACKET (ブラケット)','HBKTS6','','','','',0.00,0.0090909,180.00,NULL,0,0,'2019-03-30 02:53:11.194716','2019-03-30 02:53:11.194783','934b0f1c099b4c07a6df75c894659048','1f3cc4b7c2154011a379f6fa1a16f530','d897d6292a83448b98a1d0c723b59e54',NULL,NULL,'1f3cc4b7c2154011a379f6fa1a16f530','19d0566f4dbc4b4a93ab2ebf417c63d9','466f895b13b144d4b1be868bd6cc7674','c59cd8558f614f9590e03847c2628675',4.00),('9f05a19f24c7484b95db14f7cc4767ab','BEARING HOLDER A','','7646-012-K-006','SS400','黒染め','',0.00,0.0090909,1760.00,NULL,0,0,'2019-03-31 02:28:45.154813','2019-03-31 02:28:45.154883','934b0f1c099b4c07a6df75c894659048','1f3cc4b7c2154011a379f6fa1a16f530','d897d6292a83448b98a1d0c723b59e54',NULL,NULL,'1f3cc4b7c2154011a379f6fa1a16f530','2035b69318344939a06ac9558e935ef5','466f895b13b144d4b1be868bd6cc7674','9750227b0342499d80d491fba7a81bda',1.00),('a17977fe3f6345f59f7dc58cf8c78a36','CONTROLLER (スピードコントローラー)','AS1201F-M5-04A','','','','7645-001-K2',0.00,0.0090909,350.00,NULL,0,0,'2019-03-30 02:54:19.500612','2019-03-30 02:54:19.500675','934b0f1c099b4c07a6df75c894659048','1f3cc4b7c2154011a379f6fa1a16f530','d897d6292a83448b98a1d0c723b59e54',NULL,NULL,'1f3cc4b7c2154011a379f6fa1a16f530','19d0566f4dbc4b4a93ab2ebf417c63d9','466f895b13b144d4b1be868bd6cc7674','c59cd8558f614f9590e03847c2628675',2.00),('a44810a3ad11450788f390caa9143865','COUPLING (カップリング)','CPOCG20-5-7','','','','7646-012-K1',0.00,0.0090909,2170.00,NULL,0,0,'2019-03-31 02:25:14.548969','2019-03-31 02:25:14.549032','934b0f1c099b4c07a6df75c894659048','1f3cc4b7c2154011a379f6fa1a16f530','d897d6292a83448b98a1d0c723b59e54',NULL,'0c1486686d6841ec8abdae73f4443e56','1f3cc4b7c2154011a379f6fa1a16f530','19d0566f4dbc4b4a93ab2ebf417c63d9','466f895b13b144d4b1be868bd6cc7674','9750227b0342499d80d491fba7a81bda',1.00),('a58bca5d548648f792c28dd0b2c6122b','test','','','','','',0.00,1,0.00,NULL,0,0,'2019-04-04 01:40:01.686354','2019-04-04 01:40:01.686425','934b0f1c099b4c07a6df75c894659048','1f3cc4b7c2154011a379f6fa1a16f530','3e412209c1d84a728f346d0e590498ad',NULL,NULL,'1f3cc4b7c2154011a379f6fa1a16f530','13efcd86fc164d0e8ae88cd5dca9fa4f','466f895b13b144d4b1be868bd6cc7674','6694101bad7d4e72bb9a19ea82b12715',1.00),('a679fbed98b34f498d4321d8efddfe44','EXSIT GUIDE','','7646-008-K-005','S45C','黒染','',0.00,0.0090909,1210.00,NULL,0,0,'2019-03-31 02:28:29.087648','2019-03-31 02:28:29.087710','934b0f1c099b4c07a6df75c894659048','1f3cc4b7c2154011a379f6fa1a16f530','d897d6292a83448b98a1d0c723b59e54',NULL,NULL,'1f3cc4b7c2154011a379f6fa1a16f530','2035b69318344939a06ac9558e935ef5','466f895b13b144d4b1be868bd6cc7674','9750227b0342499d80d491fba7a81bda',1.00),('aa463682ada64908a3e94480efc21744','FLIPPER','','7646-004-K-008','NAK55','黒染','',0.00,0.0090909,3250.00,NULL,0,0,'2019-03-31 02:28:20.609122','2019-03-31 02:28:20.609190','934b0f1c099b4c07a6df75c894659048','1f3cc4b7c2154011a379f6fa1a16f530','d897d6292a83448b98a1d0c723b59e54',NULL,NULL,'1f3cc4b7c2154011a379f6fa1a16f530','2035b69318344939a06ac9558e935ef5','466f895b13b144d4b1be868bd6cc7674','9750227b0342499d80d491fba7a81bda',1.00),('aaa579c3d3c1477a8741cbec6d7f706f','RIGHT SEAL','5528-P0500-005 (90゜)','','','','',0.00,0.0090909,6830.00,NULL,0,0,'2019-03-29 05:30:18.114241','2019-03-29 05:30:18.114306','934b0f1c099b4c07a6df75c894659048','1f3cc4b7c2154011a379f6fa1a16f530','d897d6292a83448b98a1d0c723b59e54',NULL,NULL,'1f3cc4b7c2154011a379f6fa1a16f530','19d0566f4dbc4b4a93ab2ebf417c63d9','466f895b13b144d4b1be868bd6cc7674','ee7a0a88442c469dad6195a477ecd6fb',10.00),('ab83199f07bd4c35a9c861923ac37aa5','CYLINDER (エアシリンダ)','CMAZ-E-LS-20-50-TOH3-D','','','','7645-004-K-16',0.00,0.0090909,8140.00,NULL,0,0,'2019-03-30 02:59:44.762603','2019-03-30 02:59:44.762689','934b0f1c099b4c07a6df75c894659048','1f3cc4b7c2154011a379f6fa1a16f530','d897d6292a83448b98a1d0c723b59e54',NULL,NULL,'1f3cc4b7c2154011a379f6fa1a16f530','19d0566f4dbc4b4a93ab2ebf417c63d9','466f895b13b144d4b1be868bd6cc7674','c59cd8558f614f9590e03847c2628675',1.00),('affd76feb91f48b6a6dc54c101060fb7','CONTROLLER (スピードコントローラー)','AS1201F-M5-04A','','','','',0.00,0.0090909,350.00,NULL,0,0,'2019-03-30 02:56:25.362920','2019-03-30 02:56:25.362990','934b0f1c099b4c07a6df75c894659048','1f3cc4b7c2154011a379f6fa1a16f530','d897d6292a83448b98a1d0c723b59e54',NULL,NULL,'1f3cc4b7c2154011a379f6fa1a16f530','19d0566f4dbc4b4a93ab2ebf417c63d9','466f895b13b144d4b1be868bd6cc7674','c59cd8558f614f9590e03847c2628675',2.00),('b3d3fa1dab8146f1aded5b462f743901','Bolt','4474-P-577T','','','','',0.00,0.0090909,14300.00,NULL,0,0,'2019-03-29 05:20:52.768784','2019-03-29 05:20:52.769077','934b0f1c099b4c07a6df75c894659048','1f3cc4b7c2154011a379f6fa1a16f530','d897d6292a83448b98a1d0c723b59e54',NULL,NULL,'1f3cc4b7c2154011a379f6fa1a16f530','19d0566f4dbc4b4a93ab2ebf417c63d9','466f895b13b144d4b1be868bd6cc7674','e83c9460dd0145d5a6837b958e1b2fab',10.00),('b3f82852b2f34de99153129a03dd2c38','CHUTE COVER UPPER','','7645-004-K-012','SUS T=2.0','***','',0.00,0.0090909,1100.00,NULL,0,0,'2019-03-30 03:41:34.204806','2019-03-30 03:41:34.204870','934b0f1c099b4c07a6df75c894659048','1f3cc4b7c2154011a379f6fa1a16f530','d897d6292a83448b98a1d0c723b59e54',NULL,NULL,'1f3cc4b7c2154011a379f6fa1a16f530','2035b69318344939a06ac9558e935ef5','466f895b13b144d4b1be868bd6cc7674','c59cd8558f614f9590e03847c2628675',1.00),('b535eb9a7c024784b1400866a8ebbab5','CLAMP (INVT HAND)','','7646-001-K-004','S55C','真空焼入れHRC40~黒染','',0.00,0.0090909,4070.00,NULL,0,0,'2019-03-31 02:28:14.701340','2019-03-31 02:28:14.701598','934b0f1c099b4c07a6df75c894659048','1f3cc4b7c2154011a379f6fa1a16f530','d897d6292a83448b98a1d0c723b59e54',NULL,NULL,'1f3cc4b7c2154011a379f6fa1a16f530','2035b69318344939a06ac9558e935ef5','466f895b13b144d4b1be868bd6cc7674','9750227b0342499d80d491fba7a81bda',0.00),('b59a03d340834016ba5cc98fd0e768a6','TURNING HEAD','','7645-012-K-011','SCM435','黒染','',0.00,0.0090909,6600.00,NULL,0,0,'2019-03-30 03:42:01.406730','2019-03-30 03:42:01.406823','934b0f1c099b4c07a6df75c894659048','1f3cc4b7c2154011a379f6fa1a16f530','d897d6292a83448b98a1d0c723b59e54',NULL,NULL,'1f3cc4b7c2154011a379f6fa1a16f530','2035b69318344939a06ac9558e935ef5','466f895b13b144d4b1be868bd6cc7674','c59cd8558f614f9590e03847c2628675',2.00),('b6552b62eb56414c9030e48b0359b0df','PIN GUIDE 6.5','','7646-0009-K-003','SKS3','黒染焼入れ　HRC60以上','',0.00,0.0090909,1760.00,NULL,0,0,'2019-03-31 02:28:35.131917','2019-03-31 02:28:35.131984','934b0f1c099b4c07a6df75c894659048','1f3cc4b7c2154011a379f6fa1a16f530','d897d6292a83448b98a1d0c723b59e54',NULL,NULL,'1f3cc4b7c2154011a379f6fa1a16f530','2035b69318344939a06ac9558e935ef5','466f895b13b144d4b1be868bd6cc7674','9750227b0342499d80d491fba7a81bda',1.00),('b7e39bac63964dc2b7c95481037b47c7','CYLINDER (ロッドレスシリンダ)','MY1C-16-10OL-A93','','','','7645-004-K-21',0.00,0.0090909,48950.00,NULL,0,0,'2019-03-30 02:56:20.261380','2019-03-30 02:56:20.261447','934b0f1c099b4c07a6df75c894659048','1f3cc4b7c2154011a379f6fa1a16f530','d897d6292a83448b98a1d0c723b59e54',NULL,NULL,'1f3cc4b7c2154011a379f6fa1a16f530','19d0566f4dbc4b4a93ab2ebf417c63d9','466f895b13b144d4b1be868bd6cc7674','c59cd8558f614f9590e03847c2628675',1.00),('bb11558094784a6a828570b3a633a0b3','ENTRANCE BLOCK','','7646-0009-K-005','S45C','黒染','',0.00,0.0090909,3140.00,NULL,0,0,'2019-03-31 02:28:34.223282','2019-03-31 02:28:34.223345','934b0f1c099b4c07a6df75c894659048','1f3cc4b7c2154011a379f6fa1a16f530','d897d6292a83448b98a1d0c723b59e54',NULL,NULL,'1f3cc4b7c2154011a379f6fa1a16f530','2035b69318344939a06ac9558e935ef5','466f895b13b144d4b1be868bd6cc7674','9750227b0342499d80d491fba7a81bda',1.00),('bb51a6ad2e8c4bf0bbbf260477149274','CONTROLLER (スピードコントローラー)','AS1201F-M5-04A','','','','7646-0009-K1',0.00,0.0090909,350.00,NULL,0,0,'2019-03-31 02:25:04.309104','2019-03-31 02:25:04.309169','934b0f1c099b4c07a6df75c894659048','1f3cc4b7c2154011a379f6fa1a16f530','d897d6292a83448b98a1d0c723b59e54',NULL,'e339fe6f57334caf97653a37c201b067','1f3cc4b7c2154011a379f6fa1a16f530','19d0566f4dbc4b4a93ab2ebf417c63d9','466f895b13b144d4b1be868bd6cc7674','9750227b0342499d80d491fba7a81bda',2.00),('bb7a9034113e4425a6bc049b451e9182','CONTROLLER (スピードコントローラー)','AS1201F-M5-04A','','','','7645-012-K4',0.00,0.0090909,350.00,NULL,0,0,'2019-03-30 03:00:03.680796','2019-03-30 03:00:03.680853','934b0f1c099b4c07a6df75c894659048','1f3cc4b7c2154011a379f6fa1a16f530','d897d6292a83448b98a1d0c723b59e54',NULL,NULL,'1f3cc4b7c2154011a379f6fa1a16f530','19d0566f4dbc4b4a93ab2ebf417c63d9','466f895b13b144d4b1be868bd6cc7674','c59cd8558f614f9590e03847c2628675',2.00),('bc6b914a5b5a4c84a861e18f133e81d3','CYLINDER (ロッドレスシリンダ)','MY1C-16-100L-A93','','','','7646-004-K21',0.00,0.0090909,48950.00,NULL,0,0,'2019-03-31 02:24:41.557205','2019-03-31 02:24:41.557281','934b0f1c099b4c07a6df75c894659048','1f3cc4b7c2154011a379f6fa1a16f530','d897d6292a83448b98a1d0c723b59e54',NULL,'e339fe6f57334caf97653a37c201b067','1f3cc4b7c2154011a379f6fa1a16f530','19d0566f4dbc4b4a93ab2ebf417c63d9','466f895b13b144d4b1be868bd6cc7674','9750227b0342499d80d491fba7a81bda',1.00),('bc6e750597ae4686ac83a77502570b5e','BASE PLATE','','7645-012-K-024','A2017','黒染','',0.00,0.0090909,36850.00,NULL,0,0,'2019-03-30 03:41:56.877791','2019-03-30 03:41:56.877854','934b0f1c099b4c07a6df75c894659048','1f3cc4b7c2154011a379f6fa1a16f530','d897d6292a83448b98a1d0c723b59e54',NULL,NULL,'1f3cc4b7c2154011a379f6fa1a16f530','2035b69318344939a06ac9558e935ef5','466f895b13b144d4b1be868bd6cc7674','c59cd8558f614f9590e03847c2628675',1.00),('be7f10ca8ca6454e95a7ff2ea9db428f','AIR CHUCK (フェザーハンド)','FH116-D','','','','7646-001-K1',0.00,0.0090909,13590.00,NULL,0,0,'2019-03-31 02:24:30.205191','2019-03-31 02:24:30.205253','934b0f1c099b4c07a6df75c894659048','1f3cc4b7c2154011a379f6fa1a16f530','d897d6292a83448b98a1d0c723b59e54',NULL,'c47db7d115c34c389fe5059ebe8afce4','1f3cc4b7c2154011a379f6fa1a16f530','19d0566f4dbc4b4a93ab2ebf417c63d9','466f895b13b144d4b1be868bd6cc7674','9750227b0342499d80d491fba7a81bda',1.00),('c05b9cc1853d48839a7055e2ff16bcb3','CLAMP (HAND 1)','','7646-004-K-004','SKS3','黒染焼入れ　HRC60以上','',0.00,0.0090909,4070.00,NULL,0,0,'2019-03-31 02:28:23.369139','2019-03-31 02:28:23.369320','934b0f1c099b4c07a6df75c894659048','1f3cc4b7c2154011a379f6fa1a16f530','d897d6292a83448b98a1d0c723b59e54',NULL,NULL,'1f3cc4b7c2154011a379f6fa1a16f530','2035b69318344939a06ac9558e935ef5','466f895b13b144d4b1be868bd6cc7674','9750227b0342499d80d491fba7a81bda',2.00),('c06c91e156e647e29625a59f88010897','SIDE PUSHER','','7646-0009-K-007','S55C','焼入れHRC40~黒染','',0.00,0.0090909,2750.00,NULL,0,0,'2019-03-31 02:28:31.818180','2019-03-31 02:28:31.818244','934b0f1c099b4c07a6df75c894659048','1f3cc4b7c2154011a379f6fa1a16f530','d897d6292a83448b98a1d0c723b59e54',NULL,NULL,'1f3cc4b7c2154011a379f6fa1a16f530','2035b69318344939a06ac9558e935ef5','466f895b13b144d4b1be868bd6cc7674','9750227b0342499d80d491fba7a81bda',1.00),('c07b30036d2c4e659ba1bee3cb719680','BRACKET','','7645-004-K-017','SS400','黒染','',0.00,0.0090909,880.00,NULL,0,0,'2019-03-30 03:41:32.925671','2019-03-30 03:41:32.925781','934b0f1c099b4c07a6df75c894659048','1f3cc4b7c2154011a379f6fa1a16f530','d897d6292a83448b98a1d0c723b59e54',NULL,NULL,'1f3cc4b7c2154011a379f6fa1a16f530','2035b69318344939a06ac9558e935ef5','466f895b13b144d4b1be868bd6cc7674','c59cd8558f614f9590e03847c2628675',1.00),('c1ac5e09c70340bbb851ff9239468ade','BRACKET (コンベアブラケット)','','7646-008-K-009','SS400','黒染','',0.00,0.0090909,4240.00,NULL,0,0,'2019-03-31 02:28:28.090133','2019-03-31 02:28:28.090226','934b0f1c099b4c07a6df75c894659048','1f3cc4b7c2154011a379f6fa1a16f530','d897d6292a83448b98a1d0c723b59e54',NULL,NULL,'1f3cc4b7c2154011a379f6fa1a16f530','2035b69318344939a06ac9558e935ef5','466f895b13b144d4b1be868bd6cc7674','9750227b0342499d80d491fba7a81bda',1.00),('c313641a7fca4d8da15f4a3be6e74793','BRACKET','','7646-004-K-017','SS400D','黒染','',0.00,0.0090909,880.00,NULL,0,0,'2019-03-31 02:28:18.041482','2019-03-31 02:28:18.041545','934b0f1c099b4c07a6df75c894659048','1f3cc4b7c2154011a379f6fa1a16f530','d897d6292a83448b98a1d0c723b59e54',NULL,NULL,'1f3cc4b7c2154011a379f6fa1a16f530','2035b69318344939a06ac9558e935ef5','466f895b13b144d4b1be868bd6cc7674','9750227b0342499d80d491fba7a81bda',1.00),('c3bb6d3e6d604a988f1db69ff96679aa','BEARING (スライドペアリング)','NKX10Z+1R7X10X16','','','','7645-012-K2',0.00,0.0090909,2420.00,NULL,0,0,'2019-03-30 03:00:06.112978','2019-03-30 03:00:06.113131','934b0f1c099b4c07a6df75c894659048','1f3cc4b7c2154011a379f6fa1a16f530','d897d6292a83448b98a1d0c723b59e54',NULL,NULL,'1f3cc4b7c2154011a379f6fa1a16f530','19d0566f4dbc4b4a93ab2ebf417c63d9','466f895b13b144d4b1be868bd6cc7674','c59cd8558f614f9590e03847c2628675',2.00),('c497365338b64805a4794c98043157a9','CONTROLLER (スピードコントローラー)','AS1201F-M5-04A','','','','7646-001-K3',0.00,0.0090909,350.00,NULL,0,0,'2019-03-31 02:24:27.586702','2019-03-31 02:24:27.586793','934b0f1c099b4c07a6df75c894659048','1f3cc4b7c2154011a379f6fa1a16f530','d897d6292a83448b98a1d0c723b59e54',NULL,'e339fe6f57334caf97653a37c201b067','1f3cc4b7c2154011a379f6fa1a16f530','19d0566f4dbc4b4a93ab2ebf417c63d9','466f895b13b144d4b1be868bd6cc7674','9750227b0342499d80d491fba7a81bda',2.00),('c7d36906c5184310bb40f020dfee0a7b','JOINT (継手)','KQ2S04-M5A','','','','',0.00,0.0090909,160.00,NULL,0,0,'2019-03-30 02:56:21.410742','2019-03-30 02:56:21.410807','934b0f1c099b4c07a6df75c894659048','1f3cc4b7c2154011a379f6fa1a16f530','d897d6292a83448b98a1d0c723b59e54',NULL,NULL,'1f3cc4b7c2154011a379f6fa1a16f530','19d0566f4dbc4b4a93ab2ebf417c63d9','466f895b13b144d4b1be868bd6cc7674','c59cd8558f614f9590e03847c2628675',2.00),('c8a7ced811624fe39867b7f42d658d5d','Housing','4474-P-566T2','','','','',0.00,0.0090909,101400.00,NULL,0,0,'2019-03-29 05:20:31.957503','2019-03-29 05:20:31.957581','934b0f1c099b4c07a6df75c894659048','1f3cc4b7c2154011a379f6fa1a16f530','d897d6292a83448b98a1d0c723b59e54',NULL,NULL,'1f3cc4b7c2154011a379f6fa1a16f530','19d0566f4dbc4b4a93ab2ebf417c63d9','466f895b13b144d4b1be868bd6cc7674','e83c9460dd0145d5a6837b958e1b2fab',4.00),('c908c61eef714571ae98c31f182003cf','SHAFT','6586P0550-032','','','','',0.00,0.0090909,23400.00,NULL,0,0,'2019-03-29 05:20:50.077087','2019-03-29 05:20:50.077149','934b0f1c099b4c07a6df75c894659048','1f3cc4b7c2154011a379f6fa1a16f530','d897d6292a83448b98a1d0c723b59e54',NULL,NULL,'1f3cc4b7c2154011a379f6fa1a16f530','19d0566f4dbc4b4a93ab2ebf417c63d9','466f895b13b144d4b1be868bd6cc7674','e83c9460dd0145d5a6837b958e1b2fab',4.00),('ca1958f5d4b4482babfda27c9c583946','CV COVER','','7645-008-K-002','SS400','黒染 (現地追加工)','',0.00,0.0090909,0.00,NULL,0,0,'2019-03-30 03:41:43.899090','2019-03-30 03:41:43.899152','934b0f1c099b4c07a6df75c894659048','1f3cc4b7c2154011a379f6fa1a16f530','d897d6292a83448b98a1d0c723b59e54',NULL,NULL,'1f3cc4b7c2154011a379f6fa1a16f530','2035b69318344939a06ac9558e935ef5','466f895b13b144d4b1be868bd6cc7674','c59cd8558f614f9590e03847c2628675',1.00),('ca62e245b01f46f19327eb6013b94ace','CONTROLLER (スピードコントローラー)','AS1201F-M5-04A','','','','7645-012-K6',0.00,0.0090909,350.00,NULL,0,0,'2019-03-30 03:00:01.213261','2019-03-30 03:00:01.213328','934b0f1c099b4c07a6df75c894659048','1f3cc4b7c2154011a379f6fa1a16f530','d897d6292a83448b98a1d0c723b59e54',NULL,NULL,'1f3cc4b7c2154011a379f6fa1a16f530','19d0566f4dbc4b4a93ab2ebf417c63d9','466f895b13b144d4b1be868bd6cc7674','c59cd8558f614f9590e03847c2628675',2.00),('cb60b660da4f403aaa7df0770a553c82','CONTROLLER (スピードコントローラー)','AS1201F-M5-04A','','','','',0.00,0.0090909,350.00,NULL,0,0,'2019-03-30 02:54:24.093825','2019-03-30 02:54:24.093903','934b0f1c099b4c07a6df75c894659048','1f3cc4b7c2154011a379f6fa1a16f530','d897d6292a83448b98a1d0c723b59e54',NULL,NULL,'1f3cc4b7c2154011a379f6fa1a16f530','19d0566f4dbc4b4a93ab2ebf417c63d9','466f895b13b144d4b1be868bd6cc7674','c59cd8558f614f9590e03847c2628675',2.00),('cf3d644450e24296b3b71b11b83d561d','STICK (マグネットキャッチ)','HMEN6-6','','','','7645-000-K5',0.00,0.0090909,860.00,NULL,0,0,'2019-03-30 02:53:00.730649','2019-03-30 02:53:00.730721','934b0f1c099b4c07a6df75c894659048','1f3cc4b7c2154011a379f6fa1a16f530','d897d6292a83448b98a1d0c723b59e54',NULL,NULL,'1f3cc4b7c2154011a379f6fa1a16f530','19d0566f4dbc4b4a93ab2ebf417c63d9','466f895b13b144d4b1be868bd6cc7674','c59cd8558f614f9590e03847c2628675',6.00),('cf5acd463842425eaf554ed63935776b','NOBB (ローレットノブ)','NKOS4-10','','','','7645-004-K-23',0.00,0.0090909,500.00,NULL,0,0,'2019-03-30 02:54:35.650902','2019-03-30 02:54:35.650967','934b0f1c099b4c07a6df75c894659048','1f3cc4b7c2154011a379f6fa1a16f530','d897d6292a83448b98a1d0c723b59e54',NULL,NULL,'1f3cc4b7c2154011a379f6fa1a16f530','19d0566f4dbc4b4a93ab2ebf417c63d9','466f895b13b144d4b1be868bd6cc7674','c59cd8558f614f9590e03847c2628675',6.00),('d0d03ba10e594c9ea4769efaf814365f','AIR CHUCK (フェザーハンド)','FH116-D','','','','7646-003-K1',0.00,0.0090909,13590.00,NULL,0,0,'2019-03-31 02:24:34.287524','2019-03-31 02:24:34.287593','934b0f1c099b4c07a6df75c894659048','1f3cc4b7c2154011a379f6fa1a16f530','d897d6292a83448b98a1d0c723b59e54',NULL,'c47db7d115c34c389fe5059ebe8afce4','1f3cc4b7c2154011a379f6fa1a16f530','19d0566f4dbc4b4a93ab2ebf417c63d9','466f895b13b144d4b1be868bd6cc7674','9750227b0342499d80d491fba7a81bda',1.00),('d219b593128246368778ba8656437a3f','EXIT GUIDE','','7645-008-K-005','S45C','黒染','',0.00,0.0090909,1210.00,NULL,0,0,'2019-03-30 03:41:46.466083','2019-03-30 03:41:46.466146','934b0f1c099b4c07a6df75c894659048','1f3cc4b7c2154011a379f6fa1a16f530','d897d6292a83448b98a1d0c723b59e54',NULL,NULL,'1f3cc4b7c2154011a379f6fa1a16f530','2035b69318344939a06ac9558e935ef5','466f895b13b144d4b1be868bd6cc7674','c59cd8558f614f9590e03847c2628675',1.00),('d5b10412039947f7b5cbe0f071271798','STICK (セットビス)','MSSK3-3','','','','7646-004-K24',0.00,0.0090909,10.00,NULL,0,0,'2019-03-31 02:24:36.301064','2019-03-31 02:24:36.301179','934b0f1c099b4c07a6df75c894659048','1f3cc4b7c2154011a379f6fa1a16f530','d897d6292a83448b98a1d0c723b59e54',NULL,'0c1486686d6841ec8abdae73f4443e56','1f3cc4b7c2154011a379f6fa1a16f530','19d0566f4dbc4b4a93ab2ebf417c63d9','466f895b13b144d4b1be868bd6cc7674','9750227b0342499d80d491fba7a81bda',2.00),('d6e2dde96c2b4d148bb14c1b0280c5bf','CONTROLLER (スピードコントローラー)','AS1201F-M5-04A','','','','7645-004-K-17',0.00,0.0090909,350.00,NULL,0,0,'2019-03-30 02:59:42.400818','2019-03-30 02:59:42.400882','934b0f1c099b4c07a6df75c894659048','1f3cc4b7c2154011a379f6fa1a16f530','d897d6292a83448b98a1d0c723b59e54',NULL,NULL,'1f3cc4b7c2154011a379f6fa1a16f530','19d0566f4dbc4b4a93ab2ebf417c63d9','466f895b13b144d4b1be868bd6cc7674','c59cd8558f614f9590e03847c2628675',2.00),('d83cefcc39a94a0dae8f195ac65309cd','AIR CHUCK (180度開閉型エアチャック)','MHW2-20D1-Y69B','','','','7646-004-K19',0.00,0.0090909,33500.00,NULL,0,0,'2019-03-31 02:24:46.464127','2019-03-31 02:24:46.464190','934b0f1c099b4c07a6df75c894659048','1f3cc4b7c2154011a379f6fa1a16f530','d897d6292a83448b98a1d0c723b59e54',NULL,'e339fe6f57334caf97653a37c201b067','1f3cc4b7c2154011a379f6fa1a16f530','19d0566f4dbc4b4a93ab2ebf417c63d9','466f895b13b144d4b1be868bd6cc7674','9750227b0342499d80d491fba7a81bda',1.00),('d97bb8be47394c83b8bf74e015872c13','ELECTROMAGNETIC CONTACTOR','SK06L-E01','','','','',0.00,0.0090909,1500.00,NULL,0,0,'2019-03-31 02:31:59.651658','2019-03-31 02:31:59.651750','934b0f1c099b4c07a6df75c894659048','1f3cc4b7c2154011a379f6fa1a16f530','d897d6292a83448b98a1d0c723b59e54',NULL,'8e4158d459914592ab3d519c886285a1','1f3cc4b7c2154011a379f6fa1a16f530','19d0566f4dbc4b4a93ab2ebf417c63d9','466f895b13b144d4b1be868bd6cc7674','d0fd10cf1b3c4ed6ad09e5fda433dc4a',1.00),('d9bdf2d156c34bb1a75b15b27cb94925','PLATE (プレート)','','7645-000-K-018','','黒染','',0.00,0.0090909,1760.00,NULL,0,0,'2019-03-30 03:32:34.766173','2019-03-30 03:32:34.766288','934b0f1c099b4c07a6df75c894659048','1f3cc4b7c2154011a379f6fa1a16f530','d897d6292a83448b98a1d0c723b59e54',NULL,NULL,'1f3cc4b7c2154011a379f6fa1a16f530','2035b69318344939a06ac9558e935ef5','466f895b13b144d4b1be868bd6cc7674','c59cd8558f614f9590e03847c2628675',1.00),('db5fe202d2644dd8af9ef0ba70b119b3','PUSHER GUIDE','','7645-012-K-032','SUS304','白アルマイト','',0.00,0.0090909,660.00,NULL,0,0,'2019-03-30 03:41:55.773921','2019-03-30 03:41:55.774012','934b0f1c099b4c07a6df75c894659048','1f3cc4b7c2154011a379f6fa1a16f530','d897d6292a83448b98a1d0c723b59e54',NULL,NULL,'1f3cc4b7c2154011a379f6fa1a16f530','2035b69318344939a06ac9558e935ef5','466f895b13b144d4b1be868bd6cc7674','c59cd8558f614f9590e03847c2628675',1.00),('dbb7768a6e0b4283b99476b491e8f578','ENTRANCE GUIDE','','7645-009-K-006','S45C','黒染','',0.00,0.0090909,1820.00,NULL,0,0,'2019-03-30 03:41:50.928124','2019-03-30 03:41:50.928191','934b0f1c099b4c07a6df75c894659048','1f3cc4b7c2154011a379f6fa1a16f530','d897d6292a83448b98a1d0c723b59e54',NULL,NULL,'1f3cc4b7c2154011a379f6fa1a16f530','2035b69318344939a06ac9558e935ef5','466f895b13b144d4b1be868bd6cc7674','c59cd8558f614f9590e03847c2628675',1.00),('dd9e8dc34f7a4594b2568646b62084c0','CONTROLLER (スピードコントローラー)','AS1201F-M5-04A','','','','7646-012-K4',0.00,0.0090909,0.00,NULL,0,0,'2019-03-31 02:25:18.050377','2019-03-31 02:25:18.050440','934b0f1c099b4c07a6df75c894659048','1f3cc4b7c2154011a379f6fa1a16f530','d897d6292a83448b98a1d0c723b59e54',NULL,'e339fe6f57334caf97653a37c201b067','1f3cc4b7c2154011a379f6fa1a16f530','19d0566f4dbc4b4a93ab2ebf417c63d9','466f895b13b144d4b1be868bd6cc7674','9750227b0342499d80d491fba7a81bda',4.00),('de70c28d83134fa1bd64684ae142a764','MOTOR MOUNT','','7645-012-K-008','AA400','黒染','',0.00,0.0090909,2590.00,NULL,0,0,'2019-03-30 03:42:03.406187','2019-03-30 03:42:03.406253','934b0f1c099b4c07a6df75c894659048','1f3cc4b7c2154011a379f6fa1a16f530','d897d6292a83448b98a1d0c723b59e54',NULL,NULL,'1f3cc4b7c2154011a379f6fa1a16f530','2035b69318344939a06ac9558e935ef5','466f895b13b144d4b1be868bd6cc7674','c59cd8558f614f9590e03847c2628675',1.00),('dfdc7616d7b64fd8b8618fc22d84c336','BASE PLATE','','7646-012-K-024','A2017','白アルマイト','',0.00,0.0090909,36850.00,NULL,0,0,'2019-03-31 02:28:38.145604','2019-03-31 02:28:38.145673','934b0f1c099b4c07a6df75c894659048','1f3cc4b7c2154011a379f6fa1a16f530','d897d6292a83448b98a1d0c723b59e54',NULL,NULL,'1f3cc4b7c2154011a379f6fa1a16f530','2035b69318344939a06ac9558e935ef5','466f895b13b144d4b1be868bd6cc7674','9750227b0342499d80d491fba7a81bda',1.00),('e0a1312083d4456fb2c37d15a573d58e','SHUTTER PLATE','','7646-0009-K-013','S45C','黒染','',0.00,0.0090909,2040.00,NULL,0,0,'2019-03-31 02:28:29.989618','2019-03-31 02:28:29.989681','934b0f1c099b4c07a6df75c894659048','1f3cc4b7c2154011a379f6fa1a16f530','d897d6292a83448b98a1d0c723b59e54',NULL,NULL,'1f3cc4b7c2154011a379f6fa1a16f530','2035b69318344939a06ac9558e935ef5','466f895b13b144d4b1be868bd6cc7674','9750227b0342499d80d491fba7a81bda',1.00),('e1b2de137bc54bbabf99ea2d2713ecf8','Clamp','4474-P-562T1','','','','',0.00,0.0090909,2145.00,NULL,0,0,'2019-03-29 04:33:47.244809','2019-03-29 04:33:47.244870','934b0f1c099b4c07a6df75c894659048','1f3cc4b7c2154011a379f6fa1a16f530','d897d6292a83448b98a1d0c723b59e54',NULL,NULL,'1f3cc4b7c2154011a379f6fa1a16f530','19d0566f4dbc4b4a93ab2ebf417c63d9','466f895b13b144d4b1be868bd6cc7674','6694101bad7d4e72bb9a19ea82b12715',11.00),('e3c77880dd344467b43672ab6243c48b','CONTROLLER (スピードコントローラー)','AS1201F-M5-04A','','','','7646-012-K5',0.00,0.0090909,350.00,NULL,0,0,'2019-03-31 02:25:08.865336','2019-03-31 02:25:08.865399','934b0f1c099b4c07a6df75c894659048','1f3cc4b7c2154011a379f6fa1a16f530','d897d6292a83448b98a1d0c723b59e54',NULL,'e339fe6f57334caf97653a37c201b067','1f3cc4b7c2154011a379f6fa1a16f530','19d0566f4dbc4b4a93ab2ebf417c63d9','466f895b13b144d4b1be868bd6cc7674','9750227b0342499d80d491fba7a81bda',2.00),('e423a3e36c3740c98a43eba3e95da33d','CHAIN (プラチェーン)','RSP35 (250リンク)','','','','7645-007A-K1',0.00,0.0090909,23210.00,NULL,0,0,'2019-03-30 02:59:46.978538','2019-03-30 02:59:46.978602','934b0f1c099b4c07a6df75c894659048','1f3cc4b7c2154011a379f6fa1a16f530','d897d6292a83448b98a1d0c723b59e54',NULL,NULL,'1f3cc4b7c2154011a379f6fa1a16f530','19d0566f4dbc4b4a93ab2ebf417c63d9','466f895b13b144d4b1be868bd6cc7674','c59cd8558f614f9590e03847c2628675',1.00),('e52b0740b92f431da18e76a3b6540328','ロータリーシリンダー','MSQB7AE-M9BM','','','','7645-001-K4',0.00,0.0090909,28240.00,NULL,0,0,'2019-03-30 02:53:23.172851','2019-03-30 02:53:23.172943','934b0f1c099b4c07a6df75c894659048','1f3cc4b7c2154011a379f6fa1a16f530','d897d6292a83448b98a1d0c723b59e54',NULL,NULL,'1f3cc4b7c2154011a379f6fa1a16f530','19d0566f4dbc4b4a93ab2ebf417c63d9','466f895b13b144d4b1be868bd6cc7674','c59cd8558f614f9590e03847c2628675',1.00),('e5cfed3436814d46b10ff493fdb93a84','SENSOR (ファイバーセンサー)','F-5','','','','7645-004-K',0.00,0.0090909,7700.00,NULL,0,0,'2019-03-30 02:54:36.868049','2019-03-30 02:54:36.868116','934b0f1c099b4c07a6df75c894659048','1f3cc4b7c2154011a379f6fa1a16f530','d897d6292a83448b98a1d0c723b59e54',NULL,NULL,'1f3cc4b7c2154011a379f6fa1a16f530','19d0566f4dbc4b4a93ab2ebf417c63d9','466f895b13b144d4b1be868bd6cc7674','c59cd8558f614f9590e03847c2628675',1.00),('e5f284c81979402e9276e55e924e0d01','CONTROLLER (スピードコントローラー)','AS1201F-M5-04A','','','','7646-004-K18',0.00,0.0090909,350.00,NULL,0,0,'2019-03-31 02:24:47.609172','2019-03-31 02:24:47.609256','934b0f1c099b4c07a6df75c894659048','1f3cc4b7c2154011a379f6fa1a16f530','d897d6292a83448b98a1d0c723b59e54',NULL,'e339fe6f57334caf97653a37c201b067','1f3cc4b7c2154011a379f6fa1a16f530','19d0566f4dbc4b4a93ab2ebf417c63d9','466f895b13b144d4b1be868bd6cc7674','9750227b0342499d80d491fba7a81bda',2.00),('e9dc8874e56341c0bec376dc67d02083','CYLINDER (ガイド付きシリンダー)','MGPM16-50Z-A93','','','','7646-003-K2',0.00,0.0090909,13750.00,NULL,0,0,'2019-03-31 02:24:32.016660','2019-03-31 02:24:32.016722','934b0f1c099b4c07a6df75c894659048','1f3cc4b7c2154011a379f6fa1a16f530','d897d6292a83448b98a1d0c723b59e54',NULL,'e339fe6f57334caf97653a37c201b067','1f3cc4b7c2154011a379f6fa1a16f530','19d0566f4dbc4b4a93ab2ebf417c63d9','466f895b13b144d4b1be868bd6cc7674','9750227b0342499d80d491fba7a81bda',1.00),('eb9823886855443abfd1a91694d5d543','SLIDE HEAD','','7645-012-K-010','AA400','黒染','',0.00,0.0090909,3080.00,NULL,0,0,'2019-03-30 03:42:02.454276','2019-03-30 03:42:02.454338','934b0f1c099b4c07a6df75c894659048','1f3cc4b7c2154011a379f6fa1a16f530','d897d6292a83448b98a1d0c723b59e54',NULL,NULL,'1f3cc4b7c2154011a379f6fa1a16f530','2035b69318344939a06ac9558e935ef5','466f895b13b144d4b1be868bd6cc7674','c59cd8558f614f9590e03847c2628675',1.00),('ebef616784564e8db31da5c5db033fb9','SENSOR (ファイバーセンサー)','FU-77','','','','7646-004-K22',0.00,0.0090909,4290.00,NULL,0,0,'2019-03-31 02:24:39.310585','2019-03-31 02:24:39.310654','934b0f1c099b4c07a6df75c894659048','1f3cc4b7c2154011a379f6fa1a16f530','d897d6292a83448b98a1d0c723b59e54',NULL,'b9247e501bdf44b6912e8013891709ba','1f3cc4b7c2154011a379f6fa1a16f530','19d0566f4dbc4b4a93ab2ebf417c63d9','466f895b13b144d4b1be868bd6cc7674','9750227b0342499d80d491fba7a81bda',2.00),('eccc9651907d4796829e6e322e47862f','RIGHT SEAL','5528-P0500-005 (70゜)','','','','',0.00,0.0090909,6830.00,NULL,0,0,'2019-03-29 05:30:14.733918','2019-03-29 05:30:14.734445','934b0f1c099b4c07a6df75c894659048','1f3cc4b7c2154011a379f6fa1a16f530','d897d6292a83448b98a1d0c723b59e54',NULL,NULL,'1f3cc4b7c2154011a379f6fa1a16f530','19d0566f4dbc4b4a93ab2ebf417c63d9','466f895b13b144d4b1be868bd6cc7674','ee7a0a88442c469dad6195a477ecd6fb',10.00),('ed6d8aae56714fec855ed965cae0f3fa','CONTOROLLER (スピードコントローラー)','AS2201F-01-04SA','','','','7646-004-K',0.00,0.0090909,470.00,NULL,0,0,'2019-03-31 02:24:49.866707','2019-03-31 02:24:49.866778','934b0f1c099b4c07a6df75c894659048','1f3cc4b7c2154011a379f6fa1a16f530','d897d6292a83448b98a1d0c723b59e54',NULL,'e339fe6f57334caf97653a37c201b067','1f3cc4b7c2154011a379f6fa1a16f530','19d0566f4dbc4b4a93ab2ebf417c63d9','466f895b13b144d4b1be868bd6cc7674','9750227b0342499d80d491fba7a81bda',2.00),('edee79effc1144829391854f5125090e','JOINT (継手)','KQ2S04-M5A','','','','7646-004-K',0.00,0.0090909,160.00,NULL,0,0,'2019-03-31 02:24:42.563214','2019-03-31 02:24:42.563279','934b0f1c099b4c07a6df75c894659048','1f3cc4b7c2154011a379f6fa1a16f530','d897d6292a83448b98a1d0c723b59e54',NULL,'e339fe6f57334caf97653a37c201b067','1f3cc4b7c2154011a379f6fa1a16f530','19d0566f4dbc4b4a93ab2ebf417c63d9','466f895b13b144d4b1be868bd6cc7674','9750227b0342499d80d491fba7a81bda',2.00),('ee50d1850bb947d880f4569373b439f2','Shaft','4474-P-578-2','','','','',0.00,0.0090909,58500.00,NULL,0,0,'2019-03-29 05:20:35.051498','2019-03-29 05:20:35.051566','934b0f1c099b4c07a6df75c894659048','1f3cc4b7c2154011a379f6fa1a16f530','d897d6292a83448b98a1d0c723b59e54',NULL,NULL,'1f3cc4b7c2154011a379f6fa1a16f530','19d0566f4dbc4b4a93ab2ebf417c63d9','466f895b13b144d4b1be868bd6cc7674','e83c9460dd0145d5a6837b958e1b2fab',10.00),('ef2b7ee9edb5420394590a6e0e041a69','test p','','','','','',0.00,1,0.00,NULL,0,0,'2019-04-04 01:40:17.176387','2019-04-04 01:40:17.176451','934b0f1c099b4c07a6df75c894659048','1f3cc4b7c2154011a379f6fa1a16f530','3e412209c1d84a728f346d0e590498ad',NULL,NULL,'1f3cc4b7c2154011a379f6fa1a16f530','2035b69318344939a06ac9558e935ef5','466f895b13b144d4b1be868bd6cc7674','6694101bad7d4e72bb9a19ea82b12715',1.00),('f1a15f5a87e24b01ba6e6c13d8576a91','CYLINDER (エアシリンダー)','MXH16-20Z-A90L','','','','7646-006-K1',0.00,0.0090909,2040.00,NULL,0,0,'2019-03-31 02:24:53.496774','2019-03-31 02:24:53.496838','934b0f1c099b4c07a6df75c894659048','1f3cc4b7c2154011a379f6fa1a16f530','d897d6292a83448b98a1d0c723b59e54',NULL,'e339fe6f57334caf97653a37c201b067','1f3cc4b7c2154011a379f6fa1a16f530','19d0566f4dbc4b4a93ab2ebf417c63d9','466f895b13b144d4b1be868bd6cc7674','9750227b0342499d80d491fba7a81bda',1.00),('f1a797c972f24ea18d6935c0856f0997','FRAME (アルミフレーム)','EFS6-3030-318-ZZZ1','','','','7645-000-K1',0.00,0.0090909,260.00,NULL,0,0,'2019-03-30 02:53:13.949605','2019-03-30 02:53:13.949710','934b0f1c099b4c07a6df75c894659048','1f3cc4b7c2154011a379f6fa1a16f530','d897d6292a83448b98a1d0c723b59e54',NULL,NULL,'1f3cc4b7c2154011a379f6fa1a16f530','19d0566f4dbc4b4a93ab2ebf417c63d9','466f895b13b144d4b1be868bd6cc7674','c59cd8558f614f9590e03847c2628675',1.00),('f2197f0ce6b543c796418bfd1ad0b681','CHUTE HOLDER','','7646-004-K-009','SS400D','黒染め（現地追加工）','',0.00,0.0090909,0.00,NULL,0,0,'2019-03-31 02:28:19.833634','2019-03-31 02:28:19.833716','934b0f1c099b4c07a6df75c894659048','1f3cc4b7c2154011a379f6fa1a16f530','d897d6292a83448b98a1d0c723b59e54',NULL,NULL,'1f3cc4b7c2154011a379f6fa1a16f530','2035b69318344939a06ac9558e935ef5','466f895b13b144d4b1be868bd6cc7674','9750227b0342499d80d491fba7a81bda',1.00),('f3b6b5c9ed0c4ce9b34a87905977c95e','GUIDE HAND (Φ14)','','7646-004-K-006','SS400','黒染','',0.00,0.0090909,4290.00,NULL,0,0,'2019-03-31 02:28:22.636002','2019-03-31 02:28:22.636247','934b0f1c099b4c07a6df75c894659048','1f3cc4b7c2154011a379f6fa1a16f530','d897d6292a83448b98a1d0c723b59e54',NULL,NULL,'1f3cc4b7c2154011a379f6fa1a16f530','2035b69318344939a06ac9558e935ef5','466f895b13b144d4b1be868bd6cc7674','9750227b0342499d80d491fba7a81bda',2.00),('f5d73ee23e86481085c750d1f84dd816','PUSHER BASE','','7645-012-K-004','A45C','黒染','',0.00,0.0090909,3250.00,NULL,0,0,'2019-03-30 03:42:05.262531','2019-03-30 03:42:05.262600','934b0f1c099b4c07a6df75c894659048','1f3cc4b7c2154011a379f6fa1a16f530','d897d6292a83448b98a1d0c723b59e54',NULL,NULL,'1f3cc4b7c2154011a379f6fa1a16f530','2035b69318344939a06ac9558e935ef5','466f895b13b144d4b1be868bd6cc7674','c59cd8558f614f9590e03847c2628675',1.00),('f60239d5e7834f77b6d80a94d2e535d3','SLIDE HEAD','','7646-012-K-010','SS400','黒染め','',0.00,0.0090909,3080.00,NULL,0,0,'2019-03-31 02:28:43.487546','2019-03-31 02:28:43.487607','934b0f1c099b4c07a6df75c894659048','1f3cc4b7c2154011a379f6fa1a16f530','d897d6292a83448b98a1d0c723b59e54',NULL,NULL,'1f3cc4b7c2154011a379f6fa1a16f530','2035b69318344939a06ac9558e935ef5','466f895b13b144d4b1be868bd6cc7674','9750227b0342499d80d491fba7a81bda',1.00),('f6469fcd1bf941c49e764d0f00757afa','CONTROLLER (スピードコントローラー)','AS1201F-M5-04A','','','','7646-006-K',0.00,0.0090909,350.00,NULL,0,0,'2019-03-31 02:24:52.230783','2019-03-31 02:24:52.230871','934b0f1c099b4c07a6df75c894659048','1f3cc4b7c2154011a379f6fa1a16f530','d897d6292a83448b98a1d0c723b59e54',NULL,'e339fe6f57334caf97653a37c201b067','1f3cc4b7c2154011a379f6fa1a16f530','19d0566f4dbc4b4a93ab2ebf417c63d9','466f895b13b144d4b1be868bd6cc7674','9750227b0342499d80d491fba7a81bda',12.00),('f64936a54f5749288da73aef6b7406aa','Cylinder (ロータリーシリンダー)','MSQB7AE-M9BM','','','','7646-001-K4',0.00,0.0090909,28240.00,NULL,0,0,'2019-03-31 02:24:26.574361','2019-03-31 02:24:26.574425','934b0f1c099b4c07a6df75c894659048','1f3cc4b7c2154011a379f6fa1a16f530','d897d6292a83448b98a1d0c723b59e54',NULL,'e339fe6f57334caf97653a37c201b067','1f3cc4b7c2154011a379f6fa1a16f530','19d0566f4dbc4b4a93ab2ebf417c63d9','466f895b13b144d4b1be868bd6cc7674','9750227b0342499d80d491fba7a81bda',1.00),('f799e2517bd44dd19fef45902a06d94c','CONTROLLER (スピードコントローラー)','AS1201F-M5-04A','','','','7645-011-K1',0.00,0.0090909,350.00,NULL,0,0,'2019-03-30 02:59:58.712170','2019-03-30 02:59:58.712259','934b0f1c099b4c07a6df75c894659048','1f3cc4b7c2154011a379f6fa1a16f530','d897d6292a83448b98a1d0c723b59e54',NULL,NULL,'1f3cc4b7c2154011a379f6fa1a16f530','19d0566f4dbc4b4a93ab2ebf417c63d9','466f895b13b144d4b1be868bd6cc7674','c59cd8558f614f9590e03847c2628675',2.00),('f92983845c6e4b03bc1e6cec5ec2b6d0','AIR CHUCK (フェザーハンド)','CKD FH116-D-T2V-R','','','','7646-004-K20',0.00,0.0090909,15380.00,NULL,0,0,'2019-03-31 02:24:43.842135','2019-03-31 02:24:43.842196','934b0f1c099b4c07a6df75c894659048','1f3cc4b7c2154011a379f6fa1a16f530','d897d6292a83448b98a1d0c723b59e54',NULL,'c47db7d115c34c389fe5059ebe8afce4','1f3cc4b7c2154011a379f6fa1a16f530','19d0566f4dbc4b4a93ab2ebf417c63d9','466f895b13b144d4b1be868bd6cc7674','9750227b0342499d80d491fba7a81bda',1.00),('fab117e7b23f4f5580941de709e426e6','PUSHER HEAD','','7645-012-K-003','A50C','黒染 焼入れ　HRC60以上','',0.00,0.0090909,3250.00,NULL,0,0,'2019-03-30 03:42:06.341863','2019-03-30 03:42:06.341927','934b0f1c099b4c07a6df75c894659048','1f3cc4b7c2154011a379f6fa1a16f530','d897d6292a83448b98a1d0c723b59e54',NULL,NULL,'1f3cc4b7c2154011a379f6fa1a16f530','2035b69318344939a06ac9558e935ef5','466f895b13b144d4b1be868bd6cc7674','c59cd8558f614f9590e03847c2628675',1.00),('fce7c0b7daba4023918b9e0d5bdbcace','CONTROLLER (スピードコントローラー)','AS1201F-M5-04A','','','','7646-004-K',0.00,0.0090909,350.00,NULL,0,0,'2019-03-31 02:24:40.577198','2019-03-31 02:24:40.577259','934b0f1c099b4c07a6df75c894659048','1f3cc4b7c2154011a379f6fa1a16f530','d897d6292a83448b98a1d0c723b59e54',NULL,'e339fe6f57334caf97653a37c201b067','1f3cc4b7c2154011a379f6fa1a16f530','19d0566f4dbc4b4a93ab2ebf417c63d9','466f895b13b144d4b1be868bd6cc7674','9750227b0342499d80d491fba7a81bda',2.00);
/*!40000 ALTER TABLE `bill_of_material` ENABLE KEYS */;
UNLOCK TABLES;

--
-- Table structure for table `django_admin_log`
--

DROP TABLE IF EXISTS `django_admin_log`;
/*!40101 SET @saved_cs_client     = @@character_set_client */;
/*!40101 SET character_set_client = utf8 */;
CREATE TABLE `django_admin_log` (
  `id` int(11) NOT NULL AUTO_INCREMENT,
  `action_time` datetime(6) NOT NULL,
  `object_id` longtext,
  `object_repr` varchar(200) NOT NULL,
  `action_flag` smallint(5) unsigned NOT NULL,
  `change_message` longtext NOT NULL,
  `content_type_id` int(11) DEFAULT NULL,
  `user_id` char(32) NOT NULL,
  PRIMARY KEY (`id`),
  KEY `django_admin_log_content_type_id_c4bce8eb_fk_django_co` (`content_type_id`),
  KEY `django_admin_log_user_id_c564eba6_fk_user_id` (`user_id`),
  CONSTRAINT `django_admin_log_content_type_id_c4bce8eb_fk_django_co` FOREIGN KEY (`content_type_id`) REFERENCES `django_content_type` (`id`),
  CONSTRAINT `django_admin_log_user_id_c564eba6_fk_user_id` FOREIGN KEY (`user_id`) REFERENCES `user` (`id`)
) ENGINE=InnoDB AUTO_INCREMENT=36 DEFAULT CHARSET=utf8;
/*!40101 SET character_set_client = @saved_cs_client */;

--
-- Dumping data for table `django_admin_log`
--

LOCK TABLES `django_admin_log` WRITE;
/*!40000 ALTER TABLE `django_admin_log` DISABLE KEYS */;
INSERT INTO `django_admin_log` VALUES (1,'2019-03-08 04:05:09.607175','29bdece7-4330-4b5b-9916-b2d1e81234a2','Yuji Arai',1,'[{\"added\": {}}]',11,'1ceeb8375ae443d5823be060d730bb6e'),(2,'2019-03-08 04:05:34.533285','1f3cc4b7-c215-4011-a379-f6fa1a16f530','yujiksa',1,'[{\"added\": {}}]',9,'1ceeb8375ae443d5823be060d730bb6e'),(3,'2019-03-08 04:06:42.176899','1f3cc4b7-c215-4011-a379-f6fa1a16f530','yujiksa',2,'[{\"changed\": {\"fields\": [\"password\"]}}]',9,'1ceeb8375ae443d5823be060d730bb6e'),(4,'2019-03-08 04:07:17.322503','1f3cc4b7-c215-4011-a379-f6fa1a16f530','yujiksa',2,'[{\"changed\": {\"fields\": [\"is_staff\"]}}]',9,'1ceeb8375ae443d5823be060d730bb6e'),(5,'2019-03-08 04:07:50.454309','1f3cc4b7-c215-4011-a379-f6fa1a16f530','yujiksa',2,'[{\"changed\": {\"fields\": [\"is_superuser\"]}}]',9,'1ceeb8375ae443d5823be060d730bb6e'),(6,'2019-03-10 03:24:46.195114','52485ebc-ed0d-4a79-9acb-711f22a51018','Processed Parts',2,'[{\"changed\": {\"fields\": [\"is_processed_parts\"]}}]',13,'1f3cc4b7c2154011a379f6fa1a16f530'),(7,'2019-03-10 04:08:31.355253','1dfe2e8c-fd6e-4e58-ac20-5fd9ed56a315','Box',1,'[{\"added\": {}}]',8,'1f3cc4b7c2154011a379f6fa1a16f530'),(8,'2019-03-10 04:08:42.506050','3d9b107f-f76f-47c6-acec-723168f94b13','Set',1,'[{\"added\": {}}]',8,'1f3cc4b7c2154011a379f6fa1a16f530'),(9,'2019-03-10 04:08:58.987525','ebe7493e-da24-483d-92bd-7053dce79f61','kg',1,'[{\"added\": {}}]',8,'1f3cc4b7c2154011a379f6fa1a16f530'),(10,'2019-03-10 04:09:47.904729','ebe7493e-da24-483d-92bd-7053dce79f61','kg',3,'',8,'1f3cc4b7c2154011a379f6fa1a16f530'),(11,'2019-03-10 04:09:47.915781','bf73d397-4424-46aa-afb3-aa9fe11b1ff0','quantity',3,'',8,'1f3cc4b7c2154011a379f6fa1a16f530'),(12,'2019-03-10 04:09:47.931564','3d9b107f-f76f-47c6-acec-723168f94b13','Set',3,'',8,'1f3cc4b7c2154011a379f6fa1a16f530'),(13,'2019-03-10 04:09:47.938770','1dfe2e8c-fd6e-4e58-ac20-5fd9ed56a315','Box',3,'',8,'1f3cc4b7c2154011a379f6fa1a16f530'),(14,'2019-03-10 04:23:24.031602','466f895b-13b1-44d4-b1be-868bd6cc7674','Quantity',1,'[{\"added\": {}}]',8,'1f3cc4b7c2154011a379f6fa1a16f530'),(15,'2019-03-10 04:30:30.723333','cb770cfd-d181-4cf7-b850-006ff960330a','Bag',1,'[{\"added\": {}}]',8,'1f3cc4b7c2154011a379f6fa1a16f530'),(16,'2019-03-10 04:32:06.357949','36364563-fd7c-4f20-a37b-ce8f66da3b96','Box',1,'[{\"added\": {}}]',8,'1f3cc4b7c2154011a379f6fa1a16f530'),(17,'2019-03-10 04:32:15.718426','3f2463b9-39aa-4c53-8c48-42f76f257c43','Set',1,'[{\"added\": {}}]',8,'1f3cc4b7c2154011a379f6fa1a16f530'),(18,'2019-03-10 04:32:46.574970','8943d2a0-c38b-4c46-b417-0a5f94f1945f','Meter',1,'[{\"added\": {}}]',8,'1f3cc4b7c2154011a379f6fa1a16f530'),(19,'2019-03-10 04:34:18.217948','261294ea-d599-4cc0-a8e7-28cd2e39b7e7','Liter',1,'[{\"added\": {}}]',8,'1f3cc4b7c2154011a379f6fa1a16f530'),(20,'2019-03-10 04:34:49.297658','e61ada6b-e4ea-42ba-8273-da6680dc2acd','Kilogram',1,'[{\"added\": {}}]',8,'1f3cc4b7c2154011a379f6fa1a16f530'),(21,'2019-03-13 23:26:53.693848','52485ebc-ed0d-4a79-9acb-711f22a51018','Processed Parts',2,'[{\"changed\": {\"fields\": [\"is_active\"]}}]',13,'1f3cc4b7c2154011a379f6fa1a16f530'),(22,'2019-03-13 23:27:08.546130','52485ebc-ed0d-4a79-9acb-711f22a51018','Processed Parts',2,'[{\"changed\": {\"fields\": [\"is_active\"]}}]',13,'1f3cc4b7c2154011a379f6fa1a16f530'),(23,'2019-03-14 21:44:00.437531','e1bbd662-6498-4eff-b491-8b4b1fa31545','BillOfMaterial object (e1bbd662-6498-4eff-b491-8b4b1fa31545)',1,'[{\"added\": {}}]',16,'1f3cc4b7c2154011a379f6fa1a16f530'),(24,'2019-03-14 23:31:10.928716','19d0566f-4dbc-4b4a-93ab-2ebf417c63d9','Commercial Parts',1,'[{\"added\": {}}]',17,'1f3cc4b7c2154011a379f6fa1a16f530'),(25,'2019-03-14 23:31:24.668055','13efcd86-fc16-4d0e-8ae8-8cd5dca9fa4f','Electrical Parts',1,'[{\"added\": {}}]',17,'1f3cc4b7c2154011a379f6fa1a16f530'),(26,'2019-03-14 23:31:38.930542','2035b693-1834-4939-a06a-c9558e935ef5','Processed Parts',1,'[{\"added\": {}}]',17,'1f3cc4b7c2154011a379f6fa1a16f530'),(27,'2019-03-14 23:52:11.798059','50e69edb-ddb0-4e77-bf3f-25fbd97d094c','BillOfMaterial object (50e69edb-ddb0-4e77-bf3f-25fbd97d094c)',1,'[{\"added\": {}}]',16,'1f3cc4b7c2154011a379f6fa1a16f530'),(28,'2019-03-15 00:36:28.993503','50e69edb-ddb0-4e77-bf3f-25fbd97d094c','BillOfMaterial object (50e69edb-ddb0-4e77-bf3f-25fbd97d094c)',2,'[{\"changed\": {\"fields\": [\"stock_appropriation\", \"unit_price\"]}}]',16,'1f3cc4b7c2154011a379f6fa1a16f530'),(29,'2019-03-15 02:20:48.556161','2035b693-1834-4939-a06a-c9558e935ef5','Processed Parts',2,'[{\"changed\": {\"fields\": [\"is_processed_parts\"]}}]',17,'1f3cc4b7c2154011a379f6fa1a16f530'),(30,'2019-03-15 22:04:23.487283','81742a01-7802-4461-af36-85d434a9f8a3','Other',1,'[{\"added\": {}}]',18,'1f3cc4b7c2154011a379f6fa1a16f530'),(31,'2019-03-15 22:04:31.557485','ff47dd4b-5a91-40bd-be87-8c39f8f24e86','Design',1,'[{\"added\": {}}]',18,'1f3cc4b7c2154011a379f6fa1a16f530'),(32,'2019-03-15 22:04:51.906809','afa625f0-e4d1-4b68-a59e-04b2c5f240e5','Purchase',1,'[{\"added\": {}}]',18,'1f3cc4b7c2154011a379f6fa1a16f530'),(33,'2019-03-15 22:05:03.173172','fe6cd1b1-bb54-47b7-8294-c0295e60fe8f','Assemble',1,'[{\"added\": {}}]',18,'1f3cc4b7c2154011a379f6fa1a16f530'),(34,'2019-03-16 03:19:55.181402','b52f8cbf-c0e6-41b6-8325-2358693b9a41','BillOfMaterial object (b52f8cbf-c0e6-41b6-8325-2358693b9a41)',2,'[{\"changed\": {\"fields\": [\"is_printed\"]}}]',16,'1f3cc4b7c2154011a379f6fa1a16f530'),(35,'2019-03-29 06:03:29.846242','42d8810b-54f6-4efe-8785-6fd59aff9643','test',1,'[{\"added\": {}}]',12,'1f3cc4b7c2154011a379f6fa1a16f530');
/*!40000 ALTER TABLE `django_admin_log` ENABLE KEYS */;
UNLOCK TABLES;

--
-- Table structure for table `django_content_type`
--

DROP TABLE IF EXISTS `django_content_type`;
/*!40101 SET @saved_cs_client     = @@character_set_client */;
/*!40101 SET character_set_client = utf8 */;
CREATE TABLE `django_content_type` (
  `id` int(11) NOT NULL AUTO_INCREMENT,
  `app_label` varchar(100) NOT NULL,
  `model` varchar(100) NOT NULL,
  PRIMARY KEY (`id`),
  UNIQUE KEY `django_content_type_app_label_model_76bd3d3b_uniq` (`app_label`,`model`)
) ENGINE=InnoDB AUTO_INCREMENT=19 DEFAULT CHARSET=utf8;
/*!40101 SET character_set_client = @saved_cs_client */;

--
-- Dumping data for table `django_content_type`
--

LOCK TABLES `django_content_type` WRITE;
/*!40000 ALTER TABLE `django_content_type` DISABLE KEYS */;
INSERT INTO `django_content_type` VALUES (1,'admin','logentry'),(3,'auth','group'),(2,'auth','permission'),(4,'contenttypes','contenttype'),(16,'manufacturing_data','billofmaterial'),(14,'manufacturing_data','joborder'),(5,'sessions','session'),(6,'system_master','systemcountry'),(7,'system_master','systemcurrency'),(17,'system_master','systemexpensecategory'),(18,'system_master','systemfailurecategory'),(8,'system_master','systemunittype'),(9,'system_users','user'),(10,'system_users','usercompany'),(13,'system_users','userexpensecategory'),(15,'system_users','userfailurecategory'),(12,'system_users','userpartner'),(11,'system_users','userstaff');
/*!40000 ALTER TABLE `django_content_type` ENABLE KEYS */;
UNLOCK TABLES;

--
-- Table structure for table `django_migrations`
--

DROP TABLE IF EXISTS `django_migrations`;
/*!40101 SET @saved_cs_client     = @@character_set_client */;
/*!40101 SET character_set_client = utf8 */;
CREATE TABLE `django_migrations` (
  `id` int(11) NOT NULL AUTO_INCREMENT,
  `app` varchar(255) NOT NULL,
  `name` varchar(255) NOT NULL,
  `applied` datetime(6) NOT NULL,
  PRIMARY KEY (`id`)
) ENGINE=InnoDB AUTO_INCREMENT=53 DEFAULT CHARSET=utf8;
/*!40101 SET character_set_client = @saved_cs_client */;

--
-- Dumping data for table `django_migrations`
--

LOCK TABLES `django_migrations` WRITE;
/*!40000 ALTER TABLE `django_migrations` DISABLE KEYS */;
INSERT INTO `django_migrations` VALUES (1,'system_master','0001_initial','2019-03-08 03:37:14.088724'),(2,'contenttypes','0001_initial','2019-03-08 03:37:14.134464'),(3,'contenttypes','0002_remove_content_type_name','2019-03-08 03:37:14.206655'),(4,'auth','0001_initial','2019-03-08 03:37:14.432491'),(5,'auth','0002_alter_permission_name_max_length','2019-03-08 03:37:14.505967'),(6,'auth','0003_alter_user_email_max_length','2019-03-08 03:37:14.519417'),(7,'auth','0004_alter_user_username_opts','2019-03-08 03:37:14.532715'),(8,'auth','0005_alter_user_last_login_null','2019-03-08 03:37:14.544895'),(9,'auth','0006_require_contenttypes_0002','2019-03-08 03:37:14.552722'),(10,'auth','0007_alter_validators_add_error_messages','2019-03-08 03:37:14.568028'),(11,'auth','0008_alter_user_username_max_length','2019-03-08 03:37:14.582405'),(12,'auth','0009_alter_user_last_name_max_length','2019-03-08 03:37:14.598853'),(13,'system_users','0001_initial','2019-03-08 03:37:15.376717'),(14,'admin','0001_initial','2019-03-08 03:37:15.487054'),(15,'admin','0002_logentry_remove_auto_add','2019-03-08 03:37:15.509374'),(16,'admin','0003_logentry_add_action_flag_choices','2019-03-08 03:37:15.538194'),(17,'system_users','0002_auto_20181225_1808','2019-03-08 03:37:15.666760'),(18,'system_users','0003_auto_20181225_1810','2019-03-08 03:37:15.736603'),(19,'system_users','0004_auto_20181227_1819','2019-03-08 03:37:15.907330'),(20,'system_users','0005_auto_20190103_1413','2019-03-08 03:37:15.972296'),(21,'system_users','0006_auto_20190103_1445','2019-03-08 03:37:16.062893'),(22,'system_users','0007_auto_20190103_1449','2019-03-08 03:37:16.134106'),(23,'system_users','0008_auto_20190109_1814','2019-03-08 03:37:16.234141'),(24,'system_users','0009_auto_20190109_1819','2019-03-08 03:37:16.272076'),(25,'system_users','0010_auto_20190109_1821','2019-03-08 03:37:16.293788'),(26,'system_users','0011_auto_20190109_1823','2019-03-08 03:37:16.326693'),(27,'manufacturing_data','0001_initial','2019-03-08 03:37:16.766703'),(28,'manufacturing_data','0002_auto_20190206_1426','2019-03-08 03:37:16.965983'),(29,'manufacturing_data','0003_auto_20190206_1433','2019-03-08 03:37:17.030251'),(30,'manufacturing_data','0004_auto_20190206_1446','2019-03-08 03:37:17.160194'),(31,'manufacturing_data','0005_auto_20190221_1959','2019-03-08 03:37:17.292777'),(32,'sessions','0001_initial','2019-03-08 03:37:17.335468'),(33,'system_users','0012_auto_20190209_0956','2019-03-08 03:37:17.451631'),(34,'manufacturing_data','0006_billofmaterial','2019-03-09 23:09:55.905765'),(35,'system_users','0013_auto_20190309_2309','2019-03-09 23:09:56.094299'),(36,'system_users','0014_auto_20190309_2312','2019-03-09 23:12:35.736684'),(37,'system_users','0015_auto_20190310_0323','2019-03-10 03:23:21.942717'),(38,'system_users','0016_auto_20190310_0324','2019-03-10 03:24:13.588776'),(39,'system_master','0002_systemunittype_number','2019-03-10 04:23:08.205531'),(40,'manufacturing_data','0007_auto_20190312_2258','2019-03-12 22:58:20.597129'),(41,'manufacturing_data','0008_billofmaterial_type','2019-03-13 03:38:12.151849'),(42,'manufacturing_data','0009_auto_20190314_2142','2019-03-14 21:43:06.439093'),(43,'manufacturing_data','0010_auto_20190314_2143','2019-03-14 21:43:55.811531'),(44,'system_master','0003_systemexpensecategory','2019-03-14 23:20:31.072311'),(45,'system_master','0004_systemfailurecategory','2019-03-14 23:21:59.336309'),(46,'manufacturing_data','0011_auto_20190314_2340','2019-03-14 23:40:48.602004'),(47,'manufacturing_data','0012_billofmaterial','2019-03-14 23:42:47.344293'),(48,'system_users','0017_auto_20190315_0001','2019-03-15 00:01:35.223054'),(49,'manufacturing_data','0013_billofmaterial_job_order','2019-03-15 00:17:09.878646'),(50,'manufacturing_data','0014_auto_20190315_0036','2019-03-15 00:36:16.738629'),(51,'manufacturing_data','0015_auto_20190315_0545','2019-03-15 05:45:34.251308'),(52,'manufacturing_data','0016_auto_20190316_0314','2019-03-16 03:14:36.189716');
/*!40000 ALTER TABLE `django_migrations` ENABLE KEYS */;
UNLOCK TABLES;

--
-- Table structure for table `django_session`
--

DROP TABLE IF EXISTS `django_session`;
/*!40101 SET @saved_cs_client     = @@character_set_client */;
/*!40101 SET character_set_client = utf8 */;
CREATE TABLE `django_session` (
  `session_key` varchar(40) NOT NULL,
  `session_data` longtext NOT NULL,
  `expire_date` datetime(6) NOT NULL,
  PRIMARY KEY (`session_key`),
  KEY `django_session_expire_date_a5c62663` (`expire_date`)
) ENGINE=InnoDB DEFAULT CHARSET=utf8;
/*!40101 SET character_set_client = @saved_cs_client */;

--
-- Dumping data for table `django_session`
--

LOCK TABLES `django_session` WRITE;
/*!40000 ALTER TABLE `django_session` DISABLE KEYS */;
INSERT INTO `django_session` VALUES ('cnmuw0ekdqkesh8m0s0fn22i9jwmlnpv','ODkzMDRlMjMwY2Q3NjI5NDkxZjkzMDk5NDk4NWEyNGVjOGZkNmU0Mzp7Il9hdXRoX3VzZXJfaWQiOiIxZjNjYzRiNy1jMjE1LTQwMTEtYTM3OS1mNmZhMWExNmY1MzAiLCJfYXV0aF91c2VyX2JhY2tlbmQiOiJkamFuZ28uY29udHJpYi5hdXRoLmJhY2tlbmRzLk1vZGVsQmFja2VuZCIsIl9hdXRoX3VzZXJfaGFzaCI6ImM1ZGNlNDRjNWU0MjlmMWIxZGZlYTFhMWM2MTJjZDE2ZmU5MDQyZTAifQ==','2019-04-11 02:22:00.059018'),('nkoke6382j27eyv3mrh5pxt8qggyw357','ODkzMDRlMjMwY2Q3NjI5NDkxZjkzMDk5NDk4NWEyNGVjOGZkNmU0Mzp7Il9hdXRoX3VzZXJfaWQiOiIxZjNjYzRiNy1jMjE1LTQwMTEtYTM3OS1mNmZhMWExNmY1MzAiLCJfYXV0aF91c2VyX2JhY2tlbmQiOiJkamFuZ28uY29udHJpYi5hdXRoLmJhY2tlbmRzLk1vZGVsQmFja2VuZCIsIl9hdXRoX3VzZXJfaGFzaCI6ImM1ZGNlNDRjNWU0MjlmMWIxZGZlYTFhMWM2MTJjZDE2ZmU5MDQyZTAifQ==','2019-03-23 23:14:13.303316');
/*!40000 ALTER TABLE `django_session` ENABLE KEYS */;
UNLOCK TABLES;

--
-- Table structure for table `job_order`
--

DROP TABLE IF EXISTS `job_order`;
/*!40101 SET @saved_cs_client     = @@character_set_client */;
/*!40101 SET character_set_client = utf8 */;
CREATE TABLE `job_order` (
  `id` char(32) NOT NULL,
  `mfg_no` varchar(20) NOT NULL,
  `name` varchar(255) NOT NULL,
  `order_rate` double NOT NULL,
  `order_price` decimal(17,2) NOT NULL,
  `tax_percent` int(11) NOT NULL,
  `order_date` date DEFAULT NULL,
  `delivery_date` date DEFAULT NULL,
  `completion_date` date DEFAULT NULL,
  `notes` longtext NOT NULL,
  `created_at` datetime(6) NOT NULL,
  `modified_at` datetime(6) NOT NULL,
  `company_id` char(32) NOT NULL,
  `created_by_id` char(32) NOT NULL,
  `customer_id` char(32) DEFAULT NULL,
  `delivery_destination_id` char(32) DEFAULT NULL,
  `designer_id` char(32) DEFAULT NULL,
  `modified_by_id` char(32) NOT NULL,
  `order_currency_id` char(32) NOT NULL,
  `publisher_id` char(32) DEFAULT NULL,
  `commercial_parts_budget` decimal(17,2) NOT NULL,
  `electrical_parts_budget` decimal(17,2) NOT NULL,
  `processed_parts_budget` decimal(17,2) NOT NULL,
  PRIMARY KEY (`id`),
  UNIQUE KEY `job_order_company_id_mfg_no_d4d00351_uniq` (`company_id`,`mfg_no`),
  KEY `job_order_created_by_id_fc0dcba1_fk_user_id` (`created_by_id`),
  KEY `job_order_modified_by_id_6b20171c_fk_user_id` (`modified_by_id`),
  KEY `job_order_order_currency_id_5c0bfbd5_fk_system_currency_id` (`order_currency_id`),
  KEY `job_order_designer_id_0c82db25_fk_staff_id` (`designer_id`),
  KEY `job_order_publisher_id_6b2c109b_fk_staff_id` (`publisher_id`),
  KEY `job_order_customer_id_9f154d07_fk_Partner_id` (`customer_id`),
  KEY `job_order_delivery_destination_id_e4c05c96_fk_Partner_id` (`delivery_destination_id`),
  CONSTRAINT `job_order_company_id_217a1234_fk_user_company_id` FOREIGN KEY (`company_id`) REFERENCES `user_company` (`id`),
  CONSTRAINT `job_order_created_by_id_fc0dcba1_fk_user_id` FOREIGN KEY (`created_by_id`) REFERENCES `user` (`id`),
  CONSTRAINT `job_order_customer_id_9f154d07_fk_Partner_id` FOREIGN KEY (`customer_id`) REFERENCES `Partner` (`id`),
  CONSTRAINT `job_order_delivery_destination_id_e4c05c96_fk_Partner_id` FOREIGN KEY (`delivery_destination_id`) REFERENCES `Partner` (`id`),
  CONSTRAINT `job_order_designer_id_0c82db25_fk_staff_id` FOREIGN KEY (`designer_id`) REFERENCES `staff` (`id`),
  CONSTRAINT `job_order_modified_by_id_6b20171c_fk_user_id` FOREIGN KEY (`modified_by_id`) REFERENCES `user` (`id`),
  CONSTRAINT `job_order_order_currency_id_5c0bfbd5_fk_system_currency_id` FOREIGN KEY (`order_currency_id`) REFERENCES `system_currency` (`id`),
  CONSTRAINT `job_order_publisher_id_6b2c109b_fk_staff_id` FOREIGN KEY (`publisher_id`) REFERENCES `staff` (`id`)
) ENGINE=InnoDB DEFAULT CHARSET=utf8;
/*!40101 SET character_set_client = @saved_cs_client */;

--
-- Dumping data for table `job_order`
--

LOCK TABLES `job_order` WRITE;
/*!40000 ALTER TABLE `job_order` DISABLE KEYS */;
INSERT INTO `job_order` VALUES ('02c1dc1ccf78410cb0914941944a4545','180003','(170032) Insert head',1,700.00,0,'2018-02-21','2018-03-13','2018-03-13','日本工事番号:97591','2019-03-08 05:31:16.415111','2019-03-08 05:31:16.415181','934b0f1c099b4c07a6df75c894659048','1f3cc4b7c2154011a379f6fa1a16f530','f47679821b8545a8a873fb451f6b162d','f47679821b8545a8a873fb451f6b162d',NULL,'1f3cc4b7c2154011a379f6fa1a16f530','3e412209c1d84a728f346d0e590498ad',NULL,0.00,0.00,0.00),('03e394649b334dbd85d1733b21874665','180018','ADVICS CZECH SV',0.0090909,735000.00,0,'2018-02-26','2018-03-31','2018-03-31','日本工事番号:97587','2019-03-08 05:33:58.582147','2019-03-08 05:33:58.582208','934b0f1c099b4c07a6df75c894659048','1f3cc4b7c2154011a379f6fa1a16f530','99c3ad7a8ee849898dc0860c63702b29','130ef76db753428ba5125c82b58bce62',NULL,'1f3cc4b7c2154011a379f6fa1a16f530','d897d6292a83448b98a1d0c723b59e54',NULL,0.00,0.00,0.00),('052105f0b5f74726a05c5bbc5534e208','180082','AS18 Shortage parts',1,0.00,0,NULL,NULL,NULL,'日本工事番号:97751','2019-03-14 06:44:29.706924','2019-03-28 06:18:57.270859','934b0f1c099b4c07a6df75c894659048','1f3cc4b7c2154011a379f6fa1a16f530','99c3ad7a8ee849898dc0860c63702b29','130ef76db753428ba5125c82b58bce62',NULL,'1f3cc4b7c2154011a379f6fa1a16f530','3e412209c1d84a728f346d0e590498ad',NULL,0.00,0.00,0.00),('079cbc9f97ec4a1688a46cee04eb55d4','180013','Table Motor AL',1,1160.00,0,'2018-01-24','2018-02-21','2018-02-21','N/A','2019-03-08 05:33:52.524272','2019-03-08 05:33:52.524601','934b0f1c099b4c07a6df75c894659048','1f3cc4b7c2154011a379f6fa1a16f530','f47679821b8545a8a873fb451f6b162d','f47679821b8545a8a873fb451f6b162d',NULL,'1f3cc4b7c2154011a379f6fa1a16f530','3e412209c1d84a728f346d0e590498ad',NULL,0.00,0.00,0.00),('0836bbd45b3a42dd948d149465898245','180043','AS27 Kick off Chute',1,4540.00,0,NULL,'2018-08-06','2018-08-06','','2019-03-08 05:34:30.201347','2019-03-08 09:04:27.279487','934b0f1c099b4c07a6df75c894659048','1f3cc4b7c2154011a379f6fa1a16f530','f75707919ea645ee8b725431e30a3a52','130ef76db753428ba5125c82b58bce62',NULL,'1f3cc4b7c2154011a379f6fa1a16f530','3e412209c1d84a728f346d0e590498ad','29bdece743304b5b9916b2d1e81234a2',0.00,0.00,0.00),('0e036d7ca7a24d849ba31e0d03f405f2','180027','MItsubishi Software program',1,1580.00,0,'2018-05-22','2018-08-08','2018-08-08','N/A, Mid August','2019-03-08 05:34:09.189142','2019-03-12 23:40:47.730374','934b0f1c099b4c07a6df75c894659048','1f3cc4b7c2154011a379f6fa1a16f530','6a4b37492b354fe6b9980a132f80baf9','6a4b37492b354fe6b9980a132f80baf9',NULL,'1f3cc4b7c2154011a379f6fa1a16f530','3e412209c1d84a728f346d0e590498ad',NULL,0.00,0.00,0.00),('1481c29ba08143a291ceec7e79a042bb','180065','INSERT PUSH SHAFT',1,240.00,0,'2018-10-12','2018-11-07','2018-11-08','日本工事番号:98028','2019-03-13 00:28:22.135994','2019-03-13 00:28:22.136079','934b0f1c099b4c07a6df75c894659048','1f3cc4b7c2154011a379f6fa1a16f530','f47679821b8545a8a873fb451f6b162d','f47679821b8545a8a873fb451f6b162d',NULL,'1f3cc4b7c2154011a379f6fa1a16f530','3e412209c1d84a728f346d0e590498ad',NULL,0.00,0.00,0.00),('15645c4870354aaeaa5bfe0d5dc44719','180071','Traceability System Improvement October',1,1496.00,0,'2018-11-20','2018-10-31','2018-10-31','N/A','2019-03-13 00:28:28.763887','2019-03-13 00:28:28.763980','934b0f1c099b4c07a6df75c894659048','1f3cc4b7c2154011a379f6fa1a16f530','68bfe991ded04e63b36544b44fc81bc1','68bfe991ded04e63b36544b44fc81bc1',NULL,'1f3cc4b7c2154011a379f6fa1a16f530','3e412209c1d84a728f346d0e590498ad',NULL,0.00,0.00,0.00),('15a09ef2594748d08432e7f8cb2e2eb3','180060','180060 Oil pan upper machine trouble sv',1,880.00,0,'2018-10-01','2018-09-29','2018-09-29','N/A','2019-03-13 00:28:16.096085','2019-03-13 00:28:16.096164','934b0f1c099b4c07a6df75c894659048','1f3cc4b7c2154011a379f6fa1a16f530','03af4eba8a1440248e032cbd7735bdf5','03af4eba8a1440248e032cbd7735bdf5',NULL,'1f3cc4b7c2154011a379f6fa1a16f530','3e412209c1d84a728f346d0e590498ad',NULL,0.00,0.00,0.00),('16c06c2796364c3fa951c01c3fae3b93','180040','AS27 Tear down',1,6000.00,0,NULL,'2018-08-02','2018-08-02','日本工事番号:97867','2019-03-08 05:34:26.095255','2019-03-08 05:34:26.095314','934b0f1c099b4c07a6df75c894659048','1f3cc4b7c2154011a379f6fa1a16f530','f75707919ea645ee8b725431e30a3a52','130ef76db753428ba5125c82b58bce62',NULL,'1f3cc4b7c2154011a379f6fa1a16f530','3e412209c1d84a728f346d0e590498ad',NULL,0.00,0.00,0.00),('17fd3d0a56b04dc6841aaa86c11a2702','180029','Chain case SV fee',1,880.00,0,'2018-05-16','2018-05-16','2018-05-16','N/A','2019-03-08 05:34:11.885078','2019-03-08 05:34:11.885139','934b0f1c099b4c07a6df75c894659048','1f3cc4b7c2154011a379f6fa1a16f530','03af4eba8a1440248e032cbd7735bdf5','03af4eba8a1440248e032cbd7735bdf5',NULL,'1f3cc4b7c2154011a379f6fa1a16f530','3e412209c1d84a728f346d0e590498ad',NULL,0.00,0.00,0.00),('1dd3dc2de922406d8a220c823fd655ad','180078','Traceability improvement Usui - November',1,3168.00,0,'2018-11-27','2018-11-29','2018-11-29','N/A','2019-03-13 00:30:19.376578','2019-03-13 00:30:19.376679','934b0f1c099b4c07a6df75c894659048','1f3cc4b7c2154011a379f6fa1a16f530','68bfe991ded04e63b36544b44fc81bc1','68bfe991ded04e63b36544b44fc81bc1',NULL,'1f3cc4b7c2154011a379f6fa1a16f530','3e412209c1d84a728f346d0e590498ad',NULL,0.00,0.00,0.00),('1e24c01a2bc8408fafe4f7d0fc826be8','180059','Program improvement',1,180.00,0,'2018-10-03','2018-09-17','2018-09-17','N/A','2019-03-13 00:28:13.270989','2019-03-13 00:28:13.271385','934b0f1c099b4c07a6df75c894659048','1f3cc4b7c2154011a379f6fa1a16f530','68bfe991ded04e63b36544b44fc81bc1','68bfe991ded04e63b36544b44fc81bc1',NULL,'1f3cc4b7c2154011a379f6fa1a16f530','3e412209c1d84a728f346d0e590498ad',NULL,0.00,0.00,0.00),('1ea0f18cd154485ba32bf3d7f88d4f88','180075','INSERT HEAD HOUSING',1,920.00,0,'2018-11-07','2018-12-06','2018-12-09','日本工事番号:98080','2019-03-13 00:30:16.267324','2019-03-13 00:30:16.267426','934b0f1c099b4c07a6df75c894659048','1f3cc4b7c2154011a379f6fa1a16f530','f47679821b8545a8a873fb451f6b162d','f47679821b8545a8a873fb451f6b162d',NULL,'1f3cc4b7c2154011a379f6fa1a16f530','3e412209c1d84a728f346d0e590498ad',NULL,0.00,0.00,0.00),('203fba03b9e247c0b82171520462f11d','180077','AS27 Pallet Pin holder parts',1,1926.00,0,'2018-11-14','2018-11-29','2018-11-29','日本工事番号:98097','2019-03-13 00:30:18.171310','2019-03-13 00:30:18.171387','934b0f1c099b4c07a6df75c894659048','1f3cc4b7c2154011a379f6fa1a16f530','130ef76db753428ba5125c82b58bce62','130ef76db753428ba5125c82b58bce62',NULL,'1f3cc4b7c2154011a379f6fa1a16f530','3e412209c1d84a728f346d0e590498ad',NULL,0.00,0.00,0.00),('27abfa8770c24db8992426d1b5357cfd','180010','Yoke Cap check',1,1680.00,0,'2018-01-24','2018-01-24','2018-01-24','N/A','2019-03-08 05:33:47.172426','2019-03-08 05:33:47.172538','934b0f1c099b4c07a6df75c894659048','1f3cc4b7c2154011a379f6fa1a16f530','6a4b37492b354fe6b9980a132f80baf9','6a4b37492b354fe6b9980a132f80baf9',NULL,'1f3cc4b7c2154011a379f6fa1a16f530','3e412209c1d84a728f346d0e590498ad',NULL,0.00,0.00,0.00),('299201e16f8c4e9aa8340bf8664a9b14','180049','ELECTROMAGNETIC CONTACTOR FUJI',1,18.00,0,'2018-08-17','2018-10-01','2018-10-01','日本工事番号:97834/97863','2019-03-13 00:27:46.011538','2019-03-13 00:27:46.011601','934b0f1c099b4c07a6df75c894659048','1f3cc4b7c2154011a379f6fa1a16f530','f47679821b8545a8a873fb451f6b162d','f47679821b8545a8a873fb451f6b162d',NULL,'1f3cc4b7c2154011a379f6fa1a16f530','3e412209c1d84a728f346d0e590498ad',NULL,0.00,0.00,0.00),('2ad7e3cd151b4f9fb183a2247e43e9b9','180023','Shaft',1,210.00,0,'2018-05-01','2018-06-06','2018-06-06','日本工事番号:97714','2019-03-08 05:34:04.842396','2019-03-08 05:34:04.842465','934b0f1c099b4c07a6df75c894659048','1f3cc4b7c2154011a379f6fa1a16f530','f47679821b8545a8a873fb451f6b162d','f47679821b8545a8a873fb451f6b162d',NULL,'1f3cc4b7c2154011a379f6fa1a16f530','3e412209c1d84a728f346d0e590498ad',NULL,0.00,0.00,0.00),('2bd8d09e69e34881bf55b22930c5bd55','180008','AS27 Pad Assy',1,120000.00,0,'2018-06-06','2018-07-23','2018-07-23','日本工事番号:97660,1850096 (KSF)','2019-03-08 05:33:44.389399','2019-03-08 05:33:44.389464','934b0f1c099b4c07a6df75c894659048','1f3cc4b7c2154011a379f6fa1a16f530','f75707919ea645ee8b725431e30a3a52','130ef76db753428ba5125c82b58bce62',NULL,'1f3cc4b7c2154011a379f6fa1a16f530','3e412209c1d84a728f346d0e590498ad',NULL,0.00,0.00,0.00),('3351a0086a6c4318bf326be2b7f220c3','180076','AS27 OP370 Spare parts',1,1698.00,0,'2018-11-14',NULL,NULL,'日本工事番号:98096','2019-03-13 00:30:17.401375','2019-03-13 00:30:17.401436','934b0f1c099b4c07a6df75c894659048','1f3cc4b7c2154011a379f6fa1a16f530','130ef76db753428ba5125c82b58bce62','130ef76db753428ba5125c82b58bce62',NULL,'1f3cc4b7c2154011a379f6fa1a16f530','3e412209c1d84a728f346d0e590498ad',NULL,0.00,0.00,0.00),('350b50bda03946e2ae07b5773c51e17a','180079','Zone 61 Sub-pin assembly machine ADVICS',1,114460.00,0,NULL,NULL,NULL,'日本工事番号:98133','2019-03-13 00:30:20.379690','2019-03-13 00:30:20.379996','934b0f1c099b4c07a6df75c894659048','1f3cc4b7c2154011a379f6fa1a16f530','130ef76db753428ba5125c82b58bce62','130ef76db753428ba5125c82b58bce62',NULL,'1f3cc4b7c2154011a379f6fa1a16f530','3e412209c1d84a728f346d0e590498ad',NULL,0.00,0.00,0.00),('3a60bbc9786d4e0098dece7432f71736','180080','After Services',0.0090909,3000000.00,0,'2018-12-05','2018-12-05','2018-12-05','日本工事番号:97739/97750/97751/97703/97704','2019-03-13 00:30:21.241571','2019-03-29 05:10:27.563611','934b0f1c099b4c07a6df75c894659048','1f3cc4b7c2154011a379f6fa1a16f530','99c3ad7a8ee849898dc0860c63702b29','99c3ad7a8ee849898dc0860c63702b29',NULL,'1f3cc4b7c2154011a379f6fa1a16f530','d897d6292a83448b98a1d0c723b59e54',NULL,0.00,0.00,0.00),('3ad2b87636a048d3a541e376eccbb154','180070','AS26 BoltNut modification',1,17670.00,0,'2018-11-27',NULL,NULL,'日本工事番号:98071','2019-03-13 00:28:27.669822','2019-03-13 00:28:27.669907','934b0f1c099b4c07a6df75c894659048','1f3cc4b7c2154011a379f6fa1a16f530','130ef76db753428ba5125c82b58bce62','130ef76db753428ba5125c82b58bce62',NULL,'1f3cc4b7c2154011a379f6fa1a16f530','3e412209c1d84a728f346d0e590498ad',NULL,0.00,0.00,0.00),('3e65242381744114b8036639f407b19e','180055','ELECTROMAGNETIC CONTACTOR FUJI Mahle',1,18.00,0,'2018-09-14','2018-10-12','2018-10-15','日本工事番号:97985','2019-03-13 00:28:02.362225','2019-03-13 00:28:02.362289','934b0f1c099b4c07a6df75c894659048','1f3cc4b7c2154011a379f6fa1a16f530','f47679821b8545a8a873fb451f6b162d','f47679821b8545a8a873fb451f6b162d',NULL,'1f3cc4b7c2154011a379f6fa1a16f530','3e412209c1d84a728f346d0e590498ad',NULL,0.00,0.00,0.00),('41ab89e92141452889b3fa4d752ab8d2','180057','Chain packing',1,8451.00,0,'2018-09-24','2018-11-07','2018-11-07','日本工事番号:98000','2019-03-13 00:28:07.786051','2019-03-13 00:28:07.786113','934b0f1c099b4c07a6df75c894659048','1f3cc4b7c2154011a379f6fa1a16f530','03af4eba8a1440248e032cbd7735bdf5','03af4eba8a1440248e032cbd7735bdf5',NULL,'1f3cc4b7c2154011a379f6fa1a16f530','3e412209c1d84a728f346d0e590498ad',NULL,0.00,0.00,0.00),('44e9f470f74b4368ac0470bc926f8dc6','180024','Yamanaka remote work',0.0090909,39200.00,0,'2018-04-27','2018-04-27','2018-04-27','日本工事番号:97588/97555/97320','2019-03-08 05:34:05.913387','2019-03-08 05:34:05.913452','934b0f1c099b4c07a6df75c894659048','1f3cc4b7c2154011a379f6fa1a16f530','99c3ad7a8ee849898dc0860c63702b29','99c3ad7a8ee849898dc0860c63702b29',NULL,'1f3cc4b7c2154011a379f6fa1a16f530','d897d6292a83448b98a1d0c723b59e54',NULL,0.00,0.00,0.00),('499e956d4ee54819a29bda40e008ffd7','180032','Housing',1,195.00,0,'2018-06-11','2018-07-27','2018-07-26','','2019-03-08 05:34:15.913220','2019-03-12 23:42:01.403812','934b0f1c099b4c07a6df75c894659048','1f3cc4b7c2154011a379f6fa1a16f530','f47679821b8545a8a873fb451f6b162d','f47679821b8545a8a873fb451f6b162d',NULL,'1f3cc4b7c2154011a379f6fa1a16f530','3e412209c1d84a728f346d0e590498ad',NULL,0.00,0.00,0.00),('4b06cdb39070469ba6500ad0a4078149','180041','AS27 CHUTE',1,13880.00,0,NULL,'2018-08-02','2018-08-02','N/A','2019-03-08 05:34:27.346638','2019-03-08 05:34:27.346724','934b0f1c099b4c07a6df75c894659048','1f3cc4b7c2154011a379f6fa1a16f530','f75707919ea645ee8b725431e30a3a52','130ef76db753428ba5125c82b58bce62',NULL,'1f3cc4b7c2154011a379f6fa1a16f530','3e412209c1d84a728f346d0e590498ad',NULL,0.00,0.00,0.00),('584043ee09ff4cf6a52254db1c38f0ae','180028','Reg Hol improvement',1,4540.00,0,'2018-05-22','2018-08-18','2018-08-18','N/A, Mid August','2019-03-08 05:34:10.836823','2019-03-12 23:41:06.181958','934b0f1c099b4c07a6df75c894659048','1f3cc4b7c2154011a379f6fa1a16f530','6a4b37492b354fe6b9980a132f80baf9','6a4b37492b354fe6b9980a132f80baf9',NULL,'1f3cc4b7c2154011a379f6fa1a16f530','3e412209c1d84a728f346d0e590498ad',NULL,0.00,0.00,0.00),('595ce70df906455d96ebc19de0f8ff7f','180058','Equipment Improve SV',1,4700.00,0,'2018-09-25','2018-09-17','2018-09-17','N/A','2019-03-13 00:28:10.540611','2019-03-13 00:28:10.540671','934b0f1c099b4c07a6df75c894659048','1f3cc4b7c2154011a379f6fa1a16f530','6a4b37492b354fe6b9980a132f80baf9','6a4b37492b354fe6b9980a132f80baf9',NULL,'1f3cc4b7c2154011a379f6fa1a16f530','3e412209c1d84a728f346d0e590498ad',NULL,0.00,0.00,0.00),('5acfd7e77c814bd69c6c8f3fd04d0c06','180081','Chain Case Packing',1,8453.00,0,'2018-12-09',NULL,NULL,'日本工事番号:98164','2019-03-13 00:30:22.042792','2019-03-13 00:30:22.042855','934b0f1c099b4c07a6df75c894659048','1f3cc4b7c2154011a379f6fa1a16f530','03af4eba8a1440248e032cbd7735bdf5','03af4eba8a1440248e032cbd7735bdf5',NULL,'1f3cc4b7c2154011a379f6fa1a16f530','3e412209c1d84a728f346d0e590498ad',NULL,0.00,0.00,0.00),('5c3ce1775a2f4d4a91a8e66ac3592c4a','180031','Clamp',1,250.00,0,'2018-06-06','2018-07-30','2018-07-25','日本工事番号:97773','2019-03-08 05:34:14.534674','2019-03-08 05:34:14.534734','934b0f1c099b4c07a6df75c894659048','1f3cc4b7c2154011a379f6fa1a16f530','f47679821b8545a8a873fb451f6b162d','f47679821b8545a8a873fb451f6b162d',NULL,'1f3cc4b7c2154011a379f6fa1a16f530','3e412209c1d84a728f346d0e590498ad',NULL,0.00,0.00,0.00),('5d23270560414e619f69ca4ac391ff84','180035','Housing',1,230.00,0,'2018-07-02','2018-07-27','2018-07-26','','2019-03-08 05:34:19.901318','2019-03-12 23:43:24.958232','934b0f1c099b4c07a6df75c894659048','1f3cc4b7c2154011a379f6fa1a16f530','f47679821b8545a8a873fb451f6b162d','f47679821b8545a8a873fb451f6b162d',NULL,'1f3cc4b7c2154011a379f6fa1a16f530','3e412209c1d84a728f346d0e590498ad',NULL,0.00,0.00,0.00),('5fa5037f28534bbfbccb57792096aaf7','180047','AS18 HOUSING ASSY RETOOL',0.0090909,224000.00,0,'2018-08-08','2018-08-08','2018-08-08','日本工事番号:97551','2019-03-13 00:27:39.881618','2019-03-13 00:27:39.881699','934b0f1c099b4c07a6df75c894659048','1f3cc4b7c2154011a379f6fa1a16f530','99c3ad7a8ee849898dc0860c63702b29','99c3ad7a8ee849898dc0860c63702b29',NULL,'1f3cc4b7c2154011a379f6fa1a16f530','d897d6292a83448b98a1d0c723b59e54',NULL,0.00,0.00,0.00),('6694101bad7d4e72bb9a19ea82b12715','180001','(170030) Clamp & Bushing',1,925.00,0,'2017-12-20','2018-02-06','2018-02-06','日本工事番号:97491','2019-03-08 05:31:14.950008','2019-03-08 05:31:14.950075','934b0f1c099b4c07a6df75c894659048','1f3cc4b7c2154011a379f6fa1a16f530','f47679821b8545a8a873fb451f6b162d','f47679821b8545a8a873fb451f6b162d',NULL,'1f3cc4b7c2154011a379f6fa1a16f530','3e412209c1d84a728f346d0e590498ad',NULL,0.00,0.00,0.00),('67d26bccc282413ead8662f9e15f3aae','180022','AS23 Retool',0.0090909,770000.00,0,'2018-01-29','2018-03-16','2018-03-16','日本工事番号:97495','2019-03-08 05:34:03.819932','2019-03-08 05:34:03.819993','934b0f1c099b4c07a6df75c894659048','1f3cc4b7c2154011a379f6fa1a16f530','99c3ad7a8ee849898dc0860c63702b29','130ef76db753428ba5125c82b58bce62',NULL,'1f3cc4b7c2154011a379f6fa1a16f530','d897d6292a83448b98a1d0c723b59e54',NULL,0.00,0.00,0.00),('6861a24a71ba42b1bee14b8e1c1e3b53','180009','REG-HOL IMPROVEMENT',1,2280.00,0,'2018-05-10','2018-05-10','2018-05-10','N/A','2019-03-08 05:33:45.641651','2019-03-08 05:33:45.641716','934b0f1c099b4c07a6df75c894659048','1f3cc4b7c2154011a379f6fa1a16f530','6a4b37492b354fe6b9980a132f80baf9','6a4b37492b354fe6b9980a132f80baf9',NULL,'1f3cc4b7c2154011a379f6fa1a16f530','3e412209c1d84a728f346d0e590498ad',NULL,0.00,0.00,0.00),('6a8150f1f42b400799693cc8ee1c4189','180019','ADVICS CZECH SV',0.0090909,735000.00,0,'2018-02-22','2018-04-13','2018-04-13','日本工事番号:97588','2019-03-08 05:34:00.273226','2019-03-08 05:34:00.273286','934b0f1c099b4c07a6df75c894659048','1f3cc4b7c2154011a379f6fa1a16f530','99c3ad7a8ee849898dc0860c63702b29','130ef76db753428ba5125c82b58bce62',NULL,'1f3cc4b7c2154011a379f6fa1a16f530','d897d6292a83448b98a1d0c723b59e54',NULL,0.00,0.00,0.00),('6d042fd67d81441b9d468101172d6a1b','180044','Latches',0.0090909,37500.00,0,'2018-08-02','2018-08-06','2018-08-06','N/A','2019-03-13 00:27:33.033639','2019-03-13 00:27:33.033718','934b0f1c099b4c07a6df75c894659048','1f3cc4b7c2154011a379f6fa1a16f530','99c3ad7a8ee849898dc0860c63702b29','99c3ad7a8ee849898dc0860c63702b29',NULL,'1f3cc4b7c2154011a379f6fa1a16f530','d897d6292a83448b98a1d0c723b59e54',NULL,0.00,0.00,0.00),('79155323130b47cf9a86ee8fe66b177a','180038','Translation',1,10730.00,0,'2018-07-10','2018-07-19','2018-07-19','N/A','2019-03-08 05:34:23.710088','2019-03-08 05:34:23.710147','934b0f1c099b4c07a6df75c894659048','1f3cc4b7c2154011a379f6fa1a16f530','427d7c2a4dc040f6b9944e05d78e99d7','427d7c2a4dc040f6b9944e05d78e99d7',NULL,'1f3cc4b7c2154011a379f6fa1a16f530','3e412209c1d84a728f346d0e590498ad',NULL,0.00,0.00,0.00),('7cd11380b5794b8eb9e33f45695ecd0c','180011','AS25 Relocate',0.0090909,1120000.00,0,'2018-01-09','2018-01-17','2018-01-17','日本工事番号:97452','2019-03-08 05:33:49.281336','2019-03-08 05:33:49.281404','934b0f1c099b4c07a6df75c894659048','1f3cc4b7c2154011a379f6fa1a16f530','99c3ad7a8ee849898dc0860c63702b29','130ef76db753428ba5125c82b58bce62',NULL,'1f3cc4b7c2154011a379f6fa1a16f530','d897d6292a83448b98a1d0c723b59e54',NULL,0.00,0.00,0.00),('7e10dc0597f04e14a2af6ad8f223b068','180063','AS24 Relocate SV',0.0090909,1330000.00,0,'2018-10-12','2018-10-12','2018-10-12','日本工事番号:97873','2019-03-13 00:28:20.003038','2019-03-13 00:28:20.003106','934b0f1c099b4c07a6df75c894659048','1f3cc4b7c2154011a379f6fa1a16f530','99c3ad7a8ee849898dc0860c63702b29','130ef76db753428ba5125c82b58bce62',NULL,'1f3cc4b7c2154011a379f6fa1a16f530','d897d6292a83448b98a1d0c723b59e54',NULL,0.00,0.00,0.00),('836d6c9a9e7844739ba6a7ed38b1ab29','180050','INNER HOUSING',1,1380.00,0,'2018-08-22','2018-10-01','2018-10-01','日本工事番号:97834/97863','2019-03-13 00:27:49.084530','2019-03-13 00:27:49.084590','934b0f1c099b4c07a6df75c894659048','1f3cc4b7c2154011a379f6fa1a16f530','f47679821b8545a8a873fb451f6b162d','f47679821b8545a8a873fb451f6b162d',NULL,'1f3cc4b7c2154011a379f6fa1a16f530','3e412209c1d84a728f346d0e590498ad',NULL,0.00,0.00,0.00),('853d97bc481d452a9c02a14dc4812b07','180030','Air Cylinder',1,498.26,0,'2018-05-25','2018-07-10','2018-07-10','N/A','2019-03-08 05:34:13.130230','2019-03-08 05:34:13.130295','934b0f1c099b4c07a6df75c894659048','1f3cc4b7c2154011a379f6fa1a16f530','3ed21d4329d44d819f9c6d0e86579fbf','e6cd49b1a2d94e8f83e830f36a5c51e4',NULL,'1f3cc4b7c2154011a379f6fa1a16f530','3e412209c1d84a728f346d0e590498ad',NULL,0.00,0.00,0.00),('87f31bad3b7e416cbcf60cb20ff6d3d9','180014','AS3 After serive Bracket Assembly Machine',0.0090909,700000.00,0,'2018-02-22','2018-02-22','2018-02-22','日本工事番号:96467','2019-03-08 05:33:53.703638','2019-03-08 05:33:53.703725','934b0f1c099b4c07a6df75c894659048','1f3cc4b7c2154011a379f6fa1a16f530','99c3ad7a8ee849898dc0860c63702b29','130ef76db753428ba5125c82b58bce62',NULL,'1f3cc4b7c2154011a379f6fa1a16f530','d897d6292a83448b98a1d0c723b59e54',NULL,0.00,0.00,0.00),('8e7ecaaaaeed43eba8902ab6c0fe8363','180074','Chain Case Assy loadcell setting',1,440.00,0,'2018-11-02','2018-11-06','2018-11-06','N/A','2019-03-13 00:30:14.731932','2019-03-13 00:30:14.731996','934b0f1c099b4c07a6df75c894659048','1f3cc4b7c2154011a379f6fa1a16f530','03af4eba8a1440248e032cbd7735bdf5','03af4eba8a1440248e032cbd7735bdf5',NULL,'1f3cc4b7c2154011a379f6fa1a16f530','3e412209c1d84a728f346d0e590498ad',NULL,0.00,0.00,0.00),('8ed64ee1e8c04e9997b54b7422f14b25','180072','HC Upper Cover A Jig (1 set)',1,26750.00,0,'2018-11-02','2019-03-31',NULL,'日本工事番号:98059','2019-03-13 00:30:11.944209','2019-03-13 00:30:11.944300','934b0f1c099b4c07a6df75c894659048','1f3cc4b7c2154011a379f6fa1a16f530','3ed21d4329d44d819f9c6d0e86579fbf','f47679821b8545a8a873fb451f6b162d',NULL,'1f3cc4b7c2154011a379f6fa1a16f530','3e412209c1d84a728f346d0e590498ad',NULL,0.00,0.00,0.00),('8f1dab0cbb954223b3def3d7abb46e2a','180036','Latches',0.0090909,22500.00,0,'2018-07-02','2018-08-02','2018-07-30','','2019-03-08 05:34:21.120983','2019-03-12 23:43:51.546446','934b0f1c099b4c07a6df75c894659048','1f3cc4b7c2154011a379f6fa1a16f530','99c3ad7a8ee849898dc0860c63702b29','99c3ad7a8ee849898dc0860c63702b29',NULL,'1f3cc4b7c2154011a379f6fa1a16f530','d897d6292a83448b98a1d0c723b59e54',NULL,0.00,0.00,0.00),('9440f3271077469e87877c5d757ee7d5','180053','AS22 Relocation & Retool (図面修正)',0.0090909,48000.00,0,'2018-08-30','2018-08-28','2018-08-28','日本工事番号:97907','2019-03-13 00:27:56.832416','2019-03-13 00:27:56.832476','934b0f1c099b4c07a6df75c894659048','1f3cc4b7c2154011a379f6fa1a16f530','99c3ad7a8ee849898dc0860c63702b29','130ef76db753428ba5125c82b58bce62',NULL,'1f3cc4b7c2154011a379f6fa1a16f530','d897d6292a83448b98a1d0c723b59e54',NULL,0.00,0.00,0.00),('9750227b0342499d80d491fba7a81bda','180006','Valve Guide #11',1,17000.00,0,'2018-04-10','2019-03-11','2019-03-11','日本工事番号:97646,(2nd push out) now Nov','2019-03-08 05:31:19.399087','2019-03-12 23:39:58.635411','934b0f1c099b4c07a6df75c894659048','1f3cc4b7c2154011a379f6fa1a16f530','3ed21d4329d44d819f9c6d0e86579fbf','e6cd49b1a2d94e8f83e830f36a5c51e4',NULL,'1f3cc4b7c2154011a379f6fa1a16f530','3e412209c1d84a728f346d0e590498ad',NULL,0.00,0.00,0.00),('9bcfc02ed9ad4d989139b9110aa34f18','180048','CLAMP FINGER',1,330.00,0,'2018-08-13','2018-10-01','2018-10-01','日本工事番号:97834/97863','2019-03-13 00:27:41.613954','2019-03-13 00:27:41.614017','934b0f1c099b4c07a6df75c894659048','1f3cc4b7c2154011a379f6fa1a16f530','f47679821b8545a8a873fb451f6b162d','f47679821b8545a8a873fb451f6b162d',NULL,'1f3cc4b7c2154011a379f6fa1a16f530','3e412209c1d84a728f346d0e590498ad',NULL,0.00,0.00,0.00),('a2965cac5b5f4e8ca1159f808e294717','180069','AS25 BoltNut modification',1,18950.00,0,'2018-11-27',NULL,NULL,'日本工事番号:98070','2019-03-13 00:28:26.859883','2019-03-13 00:28:26.859968','934b0f1c099b4c07a6df75c894659048','1f3cc4b7c2154011a379f6fa1a16f530','130ef76db753428ba5125c82b58bce62','130ef76db753428ba5125c82b58bce62',NULL,'1f3cc4b7c2154011a379f6fa1a16f530','3e412209c1d84a728f346d0e590498ad',NULL,0.00,0.00,0.00),('a706ae5562ed485daff5cb9e990cc9e8','180061','AS27 Pad Assy Modification',1,8710.00,0,'2018-10-04','2018-11-20','2018-11-20','日本工事番号:98030','2019-03-13 00:28:17.900811','2019-03-13 00:28:17.900872','934b0f1c099b4c07a6df75c894659048','1f3cc4b7c2154011a379f6fa1a16f530','130ef76db753428ba5125c82b58bce62','130ef76db753428ba5125c82b58bce62',NULL,'1f3cc4b7c2154011a379f6fa1a16f530','3e412209c1d84a728f346d0e590498ad',NULL,0.00,0.00,0.00),('a92c18810e9243ebbc8aff7fb9014458','180052','AS27 Final Inspection Table',1,4810.00,0,'2018-08-29','2018-10-04','2018-10-01','日本工事番号:97948','2019-03-13 00:27:54.538763','2019-03-13 00:27:54.538827','934b0f1c099b4c07a6df75c894659048','1f3cc4b7c2154011a379f6fa1a16f530','130ef76db753428ba5125c82b58bce62','130ef76db753428ba5125c82b58bce62',NULL,'1f3cc4b7c2154011a379f6fa1a16f530','3e412209c1d84a728f346d0e590498ad',NULL,0.00,0.00,0.00),('af896135a08b471593cd2835748bb30a','180046','AS18 BRACKET ASSY RETOOL',0.0090909,77000.00,0,'2018-08-08','2018-08-08','2018-08-08','日本工事番号:97550','2019-03-13 00:27:37.510364','2019-03-13 00:27:37.510428','934b0f1c099b4c07a6df75c894659048','1f3cc4b7c2154011a379f6fa1a16f530','99c3ad7a8ee849898dc0860c63702b29','99c3ad7a8ee849898dc0860c63702b29',NULL,'1f3cc4b7c2154011a379f6fa1a16f530','d897d6292a83448b98a1d0c723b59e54',NULL,0.00,0.00,0.00),('b52f3599f0794e6bb43939126c0be091','180067','AS22 BoltNut modification',1,20000.00,0,'2018-11-27',NULL,NULL,'日本工事番号:98068','2019-03-13 00:28:24.335213','2019-03-13 00:28:24.335296','934b0f1c099b4c07a6df75c894659048','1f3cc4b7c2154011a379f6fa1a16f530','130ef76db753428ba5125c82b58bce62','130ef76db753428ba5125c82b58bce62',NULL,'1f3cc4b7c2154011a379f6fa1a16f530','3e412209c1d84a728f346d0e590498ad',NULL,0.00,0.00,0.00),('b6897e674d2342d281897f12e66e4b6c','180012','AS2 Relocate',0.0090909,1330000.00,0,'2017-12-07','2018-01-26','2018-01-26','日本工事番号:97371','2019-03-08 05:33:50.875072','2019-03-08 05:33:50.875135','934b0f1c099b4c07a6df75c894659048','1f3cc4b7c2154011a379f6fa1a16f530','99c3ad7a8ee849898dc0860c63702b29','130ef76db753428ba5125c82b58bce62',NULL,'1f3cc4b7c2154011a379f6fa1a16f530','d897d6292a83448b98a1d0c723b59e54',NULL,0.00,0.00,0.00),('bc39f566454c4a6caa14d8bb01218518','180037','Oil Pan Upper SV',1,450.00,0,'2018-06-16','2018-06-16','2018-06-16','N/A','2019-03-08 05:34:22.423510','2019-03-08 05:34:22.423640','934b0f1c099b4c07a6df75c894659048','1f3cc4b7c2154011a379f6fa1a16f530','03af4eba8a1440248e032cbd7735bdf5','03af4eba8a1440248e032cbd7735bdf5',NULL,'1f3cc4b7c2154011a379f6fa1a16f530','3e412209c1d84a728f346d0e590498ad',NULL,0.00,0.00,0.00),('c59cd8558f614f9590e03847c2628675','180005','Vallve Guide #3',1,17500.00,0,'2018-04-10','2018-05-10','2018-05-10','日本工事番号:97645','2019-03-08 05:31:18.404301','2019-03-08 05:31:18.404364','934b0f1c099b4c07a6df75c894659048','1f3cc4b7c2154011a379f6fa1a16f530','3ed21d4329d44d819f9c6d0e86579fbf','e6cd49b1a2d94e8f83e830f36a5c51e4',NULL,'1f3cc4b7c2154011a379f6fa1a16f530','3e412209c1d84a728f346d0e590498ad',NULL,0.00,0.00,0.00),('c96805bfa0c7458f9215df6e31cc13d0','180054','Leak tester adjustment',1,880.00,0,'2018-09-10','2018-09-09','2018-09-09','N/A','2019-03-13 00:27:59.669066','2019-03-13 00:27:59.669132','934b0f1c099b4c07a6df75c894659048','1f3cc4b7c2154011a379f6fa1a16f530','03af4eba8a1440248e032cbd7735bdf5','03af4eba8a1440248e032cbd7735bdf5',NULL,'1f3cc4b7c2154011a379f6fa1a16f530','3e412209c1d84a728f346d0e590498ad',NULL,0.00,0.00,0.00),('d0fd10cf1b3c4ed6ad09e5fda433dc4a','180007','Electromagnetic contactor',1,18.00,0,'2018-03-20','2018-03-13','2018-03-13','日本工事番号:97564','2019-03-08 05:31:20.540119','2019-03-08 05:31:20.540182','934b0f1c099b4c07a6df75c894659048','1f3cc4b7c2154011a379f6fa1a16f530','f47679821b8545a8a873fb451f6b162d','f47679821b8545a8a873fb451f6b162d',NULL,'1f3cc4b7c2154011a379f6fa1a16f530','3e412209c1d84a728f346d0e590498ad',NULL,0.00,0.00,0.00),('d423e6723e614529ab5049118fabe91a','180073','AS27 104510 OP220 Improvement',1,8270.00,0,'2018-11-14','2018-11-29','2018-11-29','日本工事番号:98100','2019-03-13 00:30:13.565649','2019-03-13 00:30:13.565709','934b0f1c099b4c07a6df75c894659048','1f3cc4b7c2154011a379f6fa1a16f530','130ef76db753428ba5125c82b58bce62','130ef76db753428ba5125c82b58bce62',NULL,'1f3cc4b7c2154011a379f6fa1a16f530','3e412209c1d84a728f346d0e590498ad',NULL,0.00,0.00,0.00),('d711231ece584526bf8b1fdd13bc991b','180016','AS3 After serive Final Assembly Machine',0.0090909,2300000.00,0,'2018-02-22','2018-02-22','2018-02-22','日本工事番号:96468','2019-03-08 05:33:56.378575','2019-03-08 05:33:56.378640','934b0f1c099b4c07a6df75c894659048','1f3cc4b7c2154011a379f6fa1a16f530','99c3ad7a8ee849898dc0860c63702b29','130ef76db753428ba5125c82b58bce62',NULL,'1f3cc4b7c2154011a379f6fa1a16f530','d897d6292a83448b98a1d0c723b59e54',NULL,0.00,0.00,0.00),('dba63c4c56724da4bb163eb0002b9601','180066','Upper Oil packing',1,2646.90,0,'2018-10-23','2018-11-15','2018-11-14','日本工事番号:98050','2019-03-13 00:28:23.272953','2019-03-13 00:28:23.273014','934b0f1c099b4c07a6df75c894659048','1f3cc4b7c2154011a379f6fa1a16f530','03af4eba8a1440248e032cbd7735bdf5','03af4eba8a1440248e032cbd7735bdf5',NULL,'1f3cc4b7c2154011a379f6fa1a16f530','3e412209c1d84a728f346d0e590498ad',NULL,0.00,0.00,0.00),('dd39ff871a284468929eb4e2cdb73629','180056','Traceability System',1,4570.00,0,'2018-09-20','2018-09-24','2018-10-10','N/A','2019-03-13 00:28:05.071356','2019-03-13 00:28:05.071429','934b0f1c099b4c07a6df75c894659048','1f3cc4b7c2154011a379f6fa1a16f530','3ed21d4329d44d819f9c6d0e86579fbf','68bfe991ded04e63b36544b44fc81bc1',NULL,'1f3cc4b7c2154011a379f6fa1a16f530','3e412209c1d84a728f346d0e590498ad',NULL,0.00,0.00,0.00),('df6750e7642947938448d95bc7b7d3b6','180062','PL6 Retool SV',0.0090909,280000.00,0,'2018-10-12','2018-09-28','2018-09-28','日本工事番号:97825','2019-03-13 00:28:19.092612','2019-03-13 00:28:19.092680','934b0f1c099b4c07a6df75c894659048','1f3cc4b7c2154011a379f6fa1a16f530','99c3ad7a8ee849898dc0860c63702b29','130ef76db753428ba5125c82b58bce62',NULL,'1f3cc4b7c2154011a379f6fa1a16f530','d897d6292a83448b98a1d0c723b59e54',NULL,0.00,0.00,0.00),('e13071b0ba3c40ce89d169454df3fb64','180051','Shaft',1,700.00,0,'2018-08-28','2018-10-01','2018-10-01','日本工事番号:97834/97863','2019-03-13 00:27:51.033635','2019-03-13 00:27:51.033851','934b0f1c099b4c07a6df75c894659048','1f3cc4b7c2154011a379f6fa1a16f530','f47679821b8545a8a873fb451f6b162d','f47679821b8545a8a873fb451f6b162d',NULL,'1f3cc4b7c2154011a379f6fa1a16f530','3e412209c1d84a728f346d0e590498ad',NULL,0.00,0.00,0.00),('e218633102914c379f3802fbf9b9a363','180045','#03ST&04ST Boots check program improvement',0.0090909,25000.00,0,'2018-08-03','2018-08-14','2018-08-14','日本工事番号:97900','2019-03-13 00:27:35.133564','2019-03-13 00:27:35.133626','934b0f1c099b4c07a6df75c894659048','1f3cc4b7c2154011a379f6fa1a16f530','99c3ad7a8ee849898dc0860c63702b29','130ef76db753428ba5125c82b58bce62',NULL,'1f3cc4b7c2154011a379f6fa1a16f530','d897d6292a83448b98a1d0c723b59e54',NULL,0.00,0.00,0.00),('e27352c33b6340729e85f0dacfca1792','180042','AS27 PC cover & oither missing parts',1,53500.00,0,'2018-07-18','2018-08-03','2018-08-03','','2019-03-08 05:34:28.326033','2019-03-12 23:45:15.289049','934b0f1c099b4c07a6df75c894659048','1f3cc4b7c2154011a379f6fa1a16f530','99c3ad7a8ee849898dc0860c63702b29','130ef76db753428ba5125c82b58bce62',NULL,'1f3cc4b7c2154011a379f6fa1a16f530','3e412209c1d84a728f346d0e590498ad',NULL,0.00,0.00,0.00),('e48954fadfd343758d3867f8c23d8ed7','180017','Software design',1,1540.00,0,'2018-01-18','2018-02-27','2018-02-27','N/A','2019-03-08 05:33:57.510472','2019-03-08 05:33:57.510610','934b0f1c099b4c07a6df75c894659048','1f3cc4b7c2154011a379f6fa1a16f530','6a4b37492b354fe6b9980a132f80baf9','6a4b37492b354fe6b9980a132f80baf9',NULL,'1f3cc4b7c2154011a379f6fa1a16f530','3e412209c1d84a728f346d0e590498ad',NULL,0.00,0.00,0.00),('e6fe81eff2a845ac9dfb6e282737343f','180026','Yoke Line Cap Check',1,2100.00,0,'2018-05-22','2018-05-27','2018-05-27','N/A','2019-03-08 05:34:08.084086','2019-03-08 05:34:08.084160','934b0f1c099b4c07a6df75c894659048','1f3cc4b7c2154011a379f6fa1a16f530','6a4b37492b354fe6b9980a132f80baf9','6a4b37492b354fe6b9980a132f80baf9',NULL,'1f3cc4b7c2154011a379f6fa1a16f530','3e412209c1d84a728f346d0e590498ad',NULL,0.00,0.00,0.00),('e83c9460dd0145d5a6837b958e1b2fab','180002','(170031) Housing & Shaft & Bolt',1,2398.00,0,'2018-01-23','2018-02-15','2018-02-15','日本工事番号:97564','2019-03-08 05:31:15.638051','2019-03-08 05:31:15.638115','934b0f1c099b4c07a6df75c894659048','1f3cc4b7c2154011a379f6fa1a16f530','f47679821b8545a8a873fb451f6b162d','f47679821b8545a8a873fb451f6b162d',NULL,'1f3cc4b7c2154011a379f6fa1a16f530','3e412209c1d84a728f346d0e590498ad',NULL,0.00,0.00,0.00),('eb9886069e7b4f6099879b260e710221','180033','Chain packing',1,6209.00,0,'2018-06-12','2018-06-26','2018-06-26','日本工事番号:97804','2019-03-08 05:34:17.086603','2019-03-08 05:34:17.086665','934b0f1c099b4c07a6df75c894659048','1f3cc4b7c2154011a379f6fa1a16f530','03af4eba8a1440248e032cbd7735bdf5','03af4eba8a1440248e032cbd7735bdf5',NULL,'1f3cc4b7c2154011a379f6fa1a16f530','3e412209c1d84a728f346d0e590498ad',NULL,0.00,0.00,0.00),('ee7a0a88442c469dad6195a477ecd6fb','180004','Chain packing',1,4279.00,0,'2018-03-15','2018-02-23','2018-02-23','日本工事番号:97639','2019-03-08 05:31:17.320697','2019-03-08 05:31:17.320761','934b0f1c099b4c07a6df75c894659048','1f3cc4b7c2154011a379f6fa1a16f530','03af4eba8a1440248e032cbd7735bdf5','03af4eba8a1440248e032cbd7735bdf5',NULL,'1f3cc4b7c2154011a379f6fa1a16f530','3e412209c1d84a728f346d0e590498ad',NULL,0.00,0.00,0.00),('f21fed8687b04728ac3f6ce7d31ccc1e','180034','Programing SV',1,5200.00,0,'2018-06-28','2018-06-13','2018-06-13','N/A','2019-03-08 05:34:18.495900','2019-03-08 05:34:18.495987','934b0f1c099b4c07a6df75c894659048','1f3cc4b7c2154011a379f6fa1a16f530','6a4b37492b354fe6b9980a132f80baf9','6a4b37492b354fe6b9980a132f80baf9',NULL,'1f3cc4b7c2154011a379f6fa1a16f530','3e412209c1d84a728f346d0e590498ad',NULL,0.00,0.00,0.00),('f7aa19db519443aa812383e119aee84f','180015','AS3 After serive Cylinder Assembly Machine',0.0090909,3000000.00,0,'2018-02-22','2018-02-22','2018-02-22','日本工事番号:96466','2019-03-08 05:33:54.879642','2019-03-08 05:33:54.879704','934b0f1c099b4c07a6df75c894659048','1f3cc4b7c2154011a379f6fa1a16f530','99c3ad7a8ee849898dc0860c63702b29','130ef76db753428ba5125c82b58bce62',NULL,'1f3cc4b7c2154011a379f6fa1a16f530','d897d6292a83448b98a1d0c723b59e54',NULL,0.00,0.00,0.00),('fa27334a0ffe4c9996337323ca1a424e','180039','Packing pipe sel',1,1743.50,0,'2018-07-20','2018-08-09','2018-08-08','日本工事番号:97880','2019-03-08 05:34:24.867861','2019-03-12 23:44:55.008136','934b0f1c099b4c07a6df75c894659048','1f3cc4b7c2154011a379f6fa1a16f530','03af4eba8a1440248e032cbd7735bdf5','03af4eba8a1440248e032cbd7735bdf5',NULL,'1f3cc4b7c2154011a379f6fa1a16f530','3e412209c1d84a728f346d0e590498ad',NULL,0.00,0.00,0.00),('fb420a1a21bb4c1cafa61e9676b55af1','180025','AS27 Improvement, followup',1,1220.00,0,'2018-05-14','2018-05-15','2018-05-15','N/A','2019-03-08 05:34:07.006614','2019-03-08 05:34:07.006677','934b0f1c099b4c07a6df75c894659048','1f3cc4b7c2154011a379f6fa1a16f530','130ef76db753428ba5125c82b58bce62','130ef76db753428ba5125c82b58bce62',NULL,'1f3cc4b7c2154011a379f6fa1a16f530','3e412209c1d84a728f346d0e590498ad',NULL,0.00,0.00,0.00),('fc0620029e2f4ed690156534dff58f77','180021','AS26 SV',0.0090909,1400000.00,0,'2018-01-29','2018-03-03','2018-03-03','日本工事番号:97494','2019-03-08 05:34:02.295665','2019-03-08 05:34:02.295737','934b0f1c099b4c07a6df75c894659048','1f3cc4b7c2154011a379f6fa1a16f530','99c3ad7a8ee849898dc0860c63702b29','130ef76db753428ba5125c82b58bce62',NULL,'1f3cc4b7c2154011a379f6fa1a16f530','d897d6292a83448b98a1d0c723b59e54',NULL,0.00,0.00,0.00),('fd8d74c047a14c0da104c29077b7c3f3','180064','AS22 Relocation & Retool',0.0090909,1470000.00,0,'2018-10-12','2018-10-30','2018-10-30','日本工事番号:97907','2019-03-13 00:28:21.049291','2019-03-13 00:28:21.049371','934b0f1c099b4c07a6df75c894659048','1f3cc4b7c2154011a379f6fa1a16f530','99c3ad7a8ee849898dc0860c63702b29','130ef76db753428ba5125c82b58bce62',NULL,'1f3cc4b7c2154011a379f6fa1a16f530','d897d6292a83448b98a1d0c723b59e54',NULL,0.00,0.00,0.00),('ff4ebce95afc46a590d67f482786cbcf','180020','AS26 Improvement',1,1760.00,0,'2018-02-26','2018-03-06','2018-02-27','N/A','2019-03-08 05:34:01.353101','2019-03-08 05:34:01.353184','934b0f1c099b4c07a6df75c894659048','1f3cc4b7c2154011a379f6fa1a16f530','130ef76db753428ba5125c82b58bce62','130ef76db753428ba5125c82b58bce62',NULL,'1f3cc4b7c2154011a379f6fa1a16f530','3e412209c1d84a728f346d0e590498ad',NULL,0.00,0.00,0.00),('ffdce372dd234d25bebffa59804fcede','180068','AS23 BoltNut modification',1,18250.00,0,'2018-11-27',NULL,NULL,'日本工事番号:98069','2019-03-13 00:28:25.804590','2019-03-13 00:28:25.804700','934b0f1c099b4c07a6df75c894659048','1f3cc4b7c2154011a379f6fa1a16f530','130ef76db753428ba5125c82b58bce62','130ef76db753428ba5125c82b58bce62',NULL,'1f3cc4b7c2154011a379f6fa1a16f530','3e412209c1d84a728f346d0e590498ad',NULL,0.00,0.00,0.00);
/*!40000 ALTER TABLE `job_order` ENABLE KEYS */;
UNLOCK TABLES;

--
-- Table structure for table `staff`
--

DROP TABLE IF EXISTS `staff`;
/*!40101 SET @saved_cs_client     = @@character_set_client */;
/*!40101 SET character_set_client = utf8 */;
CREATE TABLE `staff` (
  `id` char(32) NOT NULL,
  `staff_number` int(11) NOT NULL,
  `full_name` varchar(150) NOT NULL,
  `ruby` varchar(150) NOT NULL,
  `mobile` varchar(15) NOT NULL,
  `email` varchar(254) NOT NULL,
  `postal_code` varchar(20) NOT NULL,
  `address` longtext NOT NULL,
  `date_birth` date DEFAULT NULL,
  `date_joined` date DEFAULT NULL,
  `date_left` date DEFAULT NULL,
  `is_login_user` tinyint(1) NOT NULL,
  `created_at` datetime(6) NOT NULL,
  `modified_at` datetime(6) NOT NULL,
  `company_id` char(32) NOT NULL,
  PRIMARY KEY (`id`),
  UNIQUE KEY `staff_company_id_staff_number_15568b66_uniq` (`company_id`,`staff_number`),
  CONSTRAINT `staff_company_id_e7f34beb_fk_user_company_id` FOREIGN KEY (`company_id`) REFERENCES `user_company` (`id`)
) ENGINE=InnoDB DEFAULT CHARSET=utf8;
/*!40101 SET character_set_client = @saved_cs_client */;

--
-- Dumping data for table `staff`
--

LOCK TABLES `staff` WRITE;
/*!40000 ALTER TABLE `staff` DISABLE KEYS */;
INSERT INTO `staff` VALUES ('000615fcecb94400974a6781b96eabc2',1,'Administrator','Administrator','','','','',NULL,NULL,NULL,1,'2018-09-03 12:00:01.000000','2018-09-03 12:00:01.000000','000615fcecb94400974a6781b96eabc0'),('29bdece743304b5b9916b2d1e81234a2',1,'Yuji Arai','Yuji Arai','','yuji@kyotoseiko.co.jp','','','1991-03-20','2018-01-16',NULL,1,'2019-03-08 04:05:09.606092','2019-03-08 04:05:09.606137','934b0f1c099b4c07a6df75c894659048'),('2c4fa0e627f34ab998c00201bb768902',12,'Teat User 12','test user 12','','','','',NULL,NULL,NULL,1,'2018-11-15 12:00:12.000000','2018-11-15 12:00:12.000000','000615fcecb94400974a6781b96eabc0'),('366cc779a7624a19bf5f9568f38bb20a',2,'山中学','Yamanaka Manabu','','myamanaka@kyotoseiko.co.jp','','','1972-07-08','2018-02-01',NULL,1,'2019-03-08 04:51:50.639993','2019-03-08 04:51:50.640032','934b0f1c099b4c07a6df75c894659048'),('4677abe6ac6d486fb678e565184689b8',4,'Cody B Myers','Cody B Myers','','cmyers@kyotoseiko.com','','','1993-09-22','2017-01-30',NULL,1,'2019-03-08 04:52:06.401723','2019-03-08 04:52:06.401772','934b0f1c099b4c07a6df75c894659048'),('4cee68deffd740878185fcaebc1cc4f2',5,'Maki K Powell','Maki K Powell','','powell@kyotoseiko.com','','','1973-01-10','2017-04-10',NULL,1,'2019-03-08 04:52:07.156549','2019-03-08 04:52:07.156594','934b0f1c099b4c07a6df75c894659048'),('591a693a2733434b80c74c14ee316bc3',5,'Teat User 4','test user 4','','','','',NULL,NULL,NULL,1,'2018-11-15 12:00:05.000000','2018-11-15 12:00:05.000000','000615fcecb94400974a6781b96eabc0'),('6e6277adf5fe4725a5e89be7f1c283b0',3,'Teat User 2','test user 2','','','','',NULL,NULL,NULL,1,'2018-11-15 12:00:03.000000','2018-11-15 12:00:03.000000','000615fcecb94400974a6781b96eabc0'),('70933bd9190541e88d16fca7562cbf71',10,'Teat User 10','test user 10','','','','',NULL,NULL,NULL,1,'2018-11-15 12:00:10.000000','2018-11-15 12:00:10.000000','000615fcecb94400974a6781b96eabc0'),('71f993da5e624f0d964035afb3aa23cb',2,'Teat User 1','test user 1','','','','',NULL,NULL,NULL,1,'2018-11-15 12:00:02.000000','2018-11-15 12:00:02.000000','000615fcecb94400974a6781b96eabc0'),('72105ba2828a461da3467e218f2f3d79',13,'Teat User 13','test user 13','','','','',NULL,NULL,NULL,1,'2018-11-15 12:00:13.000000','2018-11-15 12:00:13.000000','000615fcecb94400974a6781b96eabc0'),('735800a45ddb48b88fd516b0a0f802f9',7,'Teat User 6','test user 6','','','','',NULL,NULL,NULL,1,'2018-11-15 12:00:07.000000','2018-11-15 12:00:07.000000','000615fcecb94400974a6781b96eabc0'),('8f3a471916574e0e83269cee7b8982e8',8,'Teat User 7','test user 7','','','','',NULL,NULL,NULL,1,'2018-11-15 12:00:08.000000','2018-11-15 12:00:08.000000','000615fcecb94400974a6781b96eabc0'),('b87e38d2c3634d14b4da9775036302f1',3,'空閑知子','Kuga Tomoko','','tkuga@kyotoseiko.com','','','1958-05-03','2016-04-01',NULL,1,'2019-03-08 04:52:05.578239','2019-03-08 04:52:05.578289','934b0f1c099b4c07a6df75c894659048'),('ba25005b14d546d4b1020401809cb240',11,'Teat User 11','test user 11','','','','',NULL,NULL,NULL,1,'2018-11-15 12:00:11.000000','2018-11-15 12:00:11.000000','000615fcecb94400974a6781b96eabc0'),('c6444984cffd4e76b4c3ec8ed90a6f8f',6,'Shawn M Shaffner','Shawn M Shaffner','','shaffnershawn@yahoo.com','','','1978-10-06','2016-11-28','2017-03-09',1,'2019-03-08 04:52:08.259956','2019-03-08 04:52:08.260016','934b0f1c099b4c07a6df75c894659048'),('c9159ab11cff4b72952982fbcece0ed6',4,'Teat User 3','test user 3','','','','',NULL,NULL,NULL,1,'2018-11-15 12:00:04.000000','2018-11-15 12:00:04.000000','000615fcecb94400974a6781b96eabc0'),('db2c3ba1a9af43faaeb28ca278dae14a',6,'Teat User 5','test user 5','','','','',NULL,NULL,NULL,1,'2018-11-15 12:00:06.000000','2018-11-15 12:00:06.000000','000615fcecb94400974a6781b96eabc0'),('f2d5ccbe3fe74cc298d855fc1499a9fd',9,'Teat User 8','test user 8','','','','',NULL,NULL,NULL,1,'2018-11-15 12:00:09.000000','2018-11-15 12:00:09.000000','000615fcecb94400974a6781b96eabc0');
/*!40000 ALTER TABLE `staff` ENABLE KEYS */;
UNLOCK TABLES;

--
-- Table structure for table `system_country`
--

DROP TABLE IF EXISTS `system_country`;
/*!40101 SET @saved_cs_client     = @@character_set_client */;
/*!40101 SET character_set_client = utf8 */;
CREATE TABLE `system_country` (
  `id` char(32) NOT NULL,
  `name` varchar(50) NOT NULL,
  `code` varchar(2) NOT NULL,
  `created_at` datetime(6) NOT NULL,
  `modified_at` datetime(6) NOT NULL,
  PRIMARY KEY (`id`),
  UNIQUE KEY `name` (`name`),
  UNIQUE KEY `code` (`code`)
) ENGINE=InnoDB DEFAULT CHARSET=utf8;
/*!40101 SET character_set_client = @saved_cs_client */;

--
-- Dumping data for table `system_country`
--

LOCK TABLES `system_country` WRITE;
/*!40000 ALTER TABLE `system_country` DISABLE KEYS */;
INSERT INTO `system_country` VALUES ('103391e2d93449168a0bdcc1bb808b97','Japan','JP','2018-09-01 12:00:01.000000','2018-09-01 12:00:01.000000'),('7a3dfa9a8ee14db4b8a4bdd36fe47c69','United States of America','US','2018-09-01 12:00:02.000000','2018-09-01 12:00:02.000000'),('c03beed21cf34547b88896e44eb9ef72','Indonesia','ID','2018-09-01 12:00:03.000000','2018-09-01 12:00:03.000000');
/*!40000 ALTER TABLE `system_country` ENABLE KEYS */;
UNLOCK TABLES;

--
-- Table structure for table `system_currency`
--

DROP TABLE IF EXISTS `system_currency`;
/*!40101 SET @saved_cs_client     = @@character_set_client */;
/*!40101 SET character_set_client = utf8 */;
CREATE TABLE `system_currency` (
  `id` char(32) NOT NULL,
  `name` varchar(50) NOT NULL,
  `code` varchar(3) NOT NULL,
  `display` varchar(10) NOT NULL,
  `decimal_point` int(11) NOT NULL,
  `created_at` datetime(6) NOT NULL,
  `modified_at` datetime(6) NOT NULL,
  PRIMARY KEY (`id`),
  UNIQUE KEY `name` (`name`),
  UNIQUE KEY `code` (`code`),
  UNIQUE KEY `display` (`display`)
) ENGINE=InnoDB DEFAULT CHARSET=utf8;
/*!40101 SET character_set_client = @saved_cs_client */;

--
-- Dumping data for table `system_currency`
--

LOCK TABLES `system_currency` WRITE;
/*!40000 ALTER TABLE `system_currency` DISABLE KEYS */;
INSERT INTO `system_currency` VALUES ('3e412209c1d84a728f346d0e590498ad','United States Dollar','USD','$',2,'2018-09-01 12:00:05.000000','2018-09-01 12:00:05.000000'),('3fc80130b99340f08b1f79c081a70d2e','Rupiah','IDR','Rp',0,'2018-09-01 12:00:06.000000','2018-09-01 12:00:06.000000'),('d897d6292a83448b98a1d0c723b59e54','Japanese yen','JPY','¥',0,'2018-09-01 12:00:04.000000','2018-09-01 12:00:04.000000');
/*!40000 ALTER TABLE `system_currency` ENABLE KEYS */;
UNLOCK TABLES;

--
-- Table structure for table `system_expense_categories`
--

DROP TABLE IF EXISTS `system_expense_categories`;
/*!40101 SET @saved_cs_client     = @@character_set_client */;
/*!40101 SET character_set_client = utf8 */;
CREATE TABLE `system_expense_categories` (
  `id` char(32) NOT NULL,
  `category_number` int(11) NOT NULL,
  `category_name` varchar(150) NOT NULL,
  `is_processed_parts` tinyint(1) NOT NULL,
  `is_active` tinyint(1) NOT NULL,
  `created_at` datetime(6) NOT NULL,
  `modified_at` datetime(6) NOT NULL,
  PRIMARY KEY (`id`),
  UNIQUE KEY `category_number` (`category_number`)
) ENGINE=InnoDB DEFAULT CHARSET=utf8;
/*!40101 SET character_set_client = @saved_cs_client */;

--
-- Dumping data for table `system_expense_categories`
--

LOCK TABLES `system_expense_categories` WRITE;
/*!40000 ALTER TABLE `system_expense_categories` DISABLE KEYS */;
INSERT INTO `system_expense_categories` VALUES ('13efcd86fc164d0e8ae88cd5dca9fa4f',2,'Electrical Parts',0,1,'2019-03-14 23:31:24.666234','2019-03-14 23:31:24.666291'),('19d0566f4dbc4b4a93ab2ebf417c63d9',1,'Commercial Parts',0,1,'2019-03-14 23:31:10.926455','2019-03-14 23:31:10.926506'),('2035b69318344939a06ac9558e935ef5',3,'Processed Parts',1,1,'2019-03-14 23:31:38.928537','2019-03-15 02:20:48.554557');
/*!40000 ALTER TABLE `system_expense_categories` ENABLE KEYS */;
UNLOCK TABLES;

--
-- Table structure for table `system_failure_category`
--

DROP TABLE IF EXISTS `system_failure_category`;
/*!40101 SET @saved_cs_client     = @@character_set_client */;
/*!40101 SET character_set_client = utf8 */;
CREATE TABLE `system_failure_category` (
  `id` char(32) NOT NULL,
  `category_number` int(11) NOT NULL,
  `category_name` varchar(150) NOT NULL,
  `is_active` tinyint(1) NOT NULL,
  `created_at` datetime(6) NOT NULL,
  `modified_at` datetime(6) NOT NULL,
  PRIMARY KEY (`id`),
  UNIQUE KEY `category_number` (`category_number`)
) ENGINE=InnoDB DEFAULT CHARSET=utf8;
/*!40101 SET character_set_client = @saved_cs_client */;

--
-- Dumping data for table `system_failure_category`
--

LOCK TABLES `system_failure_category` WRITE;
/*!40000 ALTER TABLE `system_failure_category` DISABLE KEYS */;
INSERT INTO `system_failure_category` VALUES ('81742a0178024461af3685d434a9f8a3',0,'Other',1,'2019-03-15 22:04:23.485834','2019-03-15 22:04:23.485885'),('afa625f0e4d14b68a59e04b2c5f240e5',2,'Purchase',1,'2019-03-15 22:04:51.904357','2019-03-15 22:04:51.904416'),('fe6cd1b1bb5447b78294c0295e60fe8f',3,'Assemble',1,'2019-03-15 22:05:03.171724','2019-03-15 22:05:03.171778'),('ff47dd4b5a9140bdbe878c39f8f24e86',1,'Design',1,'2019-03-15 22:04:31.555061','2019-03-15 22:04:31.555118');
/*!40000 ALTER TABLE `system_failure_category` ENABLE KEYS */;
UNLOCK TABLES;

--
-- Table structure for table `system_unit_type`
--

DROP TABLE IF EXISTS `system_unit_type`;
/*!40101 SET @saved_cs_client     = @@character_set_client */;
/*!40101 SET character_set_client = utf8 */;
CREATE TABLE `system_unit_type` (
  `id` char(32) NOT NULL,
  `name` varchar(50) NOT NULL,
  `display` varchar(50) NOT NULL,
  `created_at` datetime(6) NOT NULL,
  `modified_at` datetime(6) NOT NULL,
  `number` int(11) NOT NULL,
  PRIMARY KEY (`id`),
  UNIQUE KEY `name` (`name`),
  UNIQUE KEY `display` (`display`),
  UNIQUE KEY `number` (`number`)
) ENGINE=InnoDB DEFAULT CHARSET=utf8;
/*!40101 SET character_set_client = @saved_cs_client */;

--
-- Dumping data for table `system_unit_type`
--

LOCK TABLES `system_unit_type` WRITE;
/*!40000 ALTER TABLE `system_unit_type` DISABLE KEYS */;
INSERT INTO `system_unit_type` VALUES ('261294ead5994cc0a8e728cd2e39b7e7','Liter','ℓ','2019-03-10 04:34:18.215768','2019-03-10 04:34:18.215820',5),('36364563fd7c4f20a37bce8f66da3b96','Box','box','2019-03-10 04:32:06.355457','2019-03-10 04:32:06.355526',2),('3f2463b939aa4c538c4842f76f257c43','Set','set','2019-03-10 04:32:15.711233','2019-03-10 04:32:15.711280',3),('466f895b13b144d4b1be868bd6cc7674','Quantity','qty','2019-03-10 04:23:24.030713','2019-03-10 04:23:24.030755',0),('8943d2a0c38b4c46b4170a5f94f1945f','Meter','m','2019-03-10 04:32:46.573820','2019-03-10 04:32:46.573867',4),('cb770cfdd1814cf7b850006ff960330a','Bag','bag','2019-03-10 04:30:30.721267','2019-03-10 04:30:30.721318',1),('e61ada6be4ea42ba8273da6680dc2acd','Kilogram','kg','2019-03-10 04:34:49.296699','2019-03-10 04:34:49.296740',6);
/*!40000 ALTER TABLE `system_unit_type` ENABLE KEYS */;
UNLOCK TABLES;

--
-- Table structure for table `user`
--

DROP TABLE IF EXISTS `user`;
/*!40101 SET @saved_cs_client     = @@character_set_client */;
/*!40101 SET character_set_client = utf8 */;
CREATE TABLE `user` (
  `password` varchar(128) NOT NULL,
  `last_login` datetime(6) DEFAULT NULL,
  `is_superuser` tinyint(1) NOT NULL,
  `id` char(32) NOT NULL,
  `username` varchar(20) NOT NULL,
  `is_staff` tinyint(1) NOT NULL,
  `is_active` tinyint(1) NOT NULL,
  `created_at` datetime(6) NOT NULL,
  `modified_at` datetime(6) NOT NULL,
  `staff_id` char(32) NOT NULL,
  PRIMARY KEY (`id`),
  UNIQUE KEY `username` (`username`),
  UNIQUE KEY `staff_id` (`staff_id`),
  CONSTRAINT `user_staff_id_397d4c24_fk_staff_id` FOREIGN KEY (`staff_id`) REFERENCES `staff` (`id`)
) ENGINE=InnoDB DEFAULT CHARSET=utf8;
/*!40101 SET character_set_client = @saved_cs_client */;

--
-- Dumping data for table `user`
--

LOCK TABLES `user` WRITE;
/*!40000 ALTER TABLE `user` DISABLE KEYS */;
INSERT INTO `user` VALUES ('pbkdf2_sha256$120000$JmWywVlVfweW$52tMALRhQ4V5ng/CDNWpnKjVUrGhrBWv3RHfsB9++WI=','2019-03-08 04:07:39.469217',1,'1ceeb8375ae443d5823be060d730bb6e','admin',1,1,'2019-03-08 03:58:24.081481','2019-03-08 03:58:24.088595','000615fcecb94400974a6781b96eabc2'),('pbkdf2_sha256$120000$PLFMQRcvHvkU$BV2Cr5P4rvP+jdr1JBgIYb2Yk+RFgK3hJS9zoRUvtQk=','2019-03-28 02:22:00.049685',1,'1f3cc4b7c2154011a379f6fa1a16f530','yujiksa',1,1,'2019-03-08 04:05:34.522932','2019-03-08 04:07:50.447211','29bdece743304b5b9916b2d1e81234a2');
/*!40000 ALTER TABLE `user` ENABLE KEYS */;
UNLOCK TABLES;

--
-- Table structure for table `user_company`
--

DROP TABLE IF EXISTS `user_company`;
/*!40101 SET @saved_cs_client     = @@character_set_client */;
/*!40101 SET character_set_client = utf8 */;
CREATE TABLE `user_company` (
  `id` char(32) NOT NULL,
  `name` varchar(255) NOT NULL,
  `postal_code` varchar(20) NOT NULL,
  `address` longtext NOT NULL,
  `phone` varchar(20) NOT NULL,
  `fax` varchar(20) NOT NULL,
  `created_at` datetime(6) NOT NULL,
  `modified_at` datetime(6) NOT NULL,
  `country_id` char(32) NOT NULL,
  `default_currency_id` char(32) NOT NULL,
  PRIMARY KEY (`id`),
  UNIQUE KEY `name` (`name`),
  KEY `user_company_default_currency_id_1c266bcb_fk_system_currency_id` (`default_currency_id`),
  KEY `user_company_country_id_f6790569_fk_system_country_id` (`country_id`),
  CONSTRAINT `user_company_country_id_f6790569_fk_system_country_id` FOREIGN KEY (`country_id`) REFERENCES `system_country` (`id`),
  CONSTRAINT `user_company_default_currency_id_1c266bcb_fk_system_currency_id` FOREIGN KEY (`default_currency_id`) REFERENCES `system_currency` (`id`)
) ENGINE=InnoDB DEFAULT CHARSET=utf8;
/*!40101 SET character_set_client = @saved_cs_client */;

--
-- Dumping data for table `user_company`
--

LOCK TABLES `user_company` WRITE;
/*!40000 ALTER TABLE `user_company` DISABLE KEYS */;
INSERT INTO `user_company` VALUES ('000615fcecb94400974a6781b96eabc0','Admin company','123-4567','Test, Admin, Address','1234-56-7890','','2018-09-03 12:00:01.000000','2018-09-03 12:00:01.000000','103391e2d93449168a0bdcc1bb808b97','d897d6292a83448b98a1d0c723b59e54'),('934b0f1c099b4c07a6df75c894659048','Kyotoseiko America Inc.','45069','9824 Windisch Rd, West Chester, Ohio','513-847-4070','','2018-11-26 14:43:23.521196','2018-11-26 14:43:23.521278','7a3dfa9a8ee14db4b8a4bdd36fe47c69','3e412209c1d84a728f346d0e590498ad'),('c70a086b9b8c42f79c84560434131caa','京都精工株式会社','611-0041','京都府宇治市槇島町千足19-8','0774-22-1071','','2018-11-26 14:42:34.754779','2018-11-26 14:42:34.754831','103391e2d93449168a0bdcc1bb808b97','d897d6292a83448b98a1d0c723b59e54'),('d93be677cabc4c89b16263c39983b242','PT Kyotoseiko Indonesia','17550','Jl. Samsung 2 C Blick C 2 S UKM Center Kota Jababeka, Cikarang, Bekasi','021-2909-4282','','2018-11-26 14:44:11.422710','2018-11-26 14:44:11.422807','c03beed21cf34547b88896e44eb9ef72','3fc80130b99340f08b1f79c081a70d2e');
/*!40000 ALTER TABLE `user_company` ENABLE KEYS */;
UNLOCK TABLES;

--
-- Table structure for table `user_groups`
--

DROP TABLE IF EXISTS `user_groups`;
/*!40101 SET @saved_cs_client     = @@character_set_client */;
/*!40101 SET character_set_client = utf8 */;
CREATE TABLE `user_groups` (
  `id` int(11) NOT NULL AUTO_INCREMENT,
  `user_id` char(32) NOT NULL,
  `group_id` int(11) NOT NULL,
  PRIMARY KEY (`id`),
  UNIQUE KEY `user_groups_user_id_group_id_40beef00_uniq` (`user_id`,`group_id`),
  KEY `user_groups_group_id_b76f8aba_fk_auth_group_id` (`group_id`),
  CONSTRAINT `user_groups_group_id_b76f8aba_fk_auth_group_id` FOREIGN KEY (`group_id`) REFERENCES `auth_group` (`id`),
  CONSTRAINT `user_groups_user_id_abaea130_fk_user_id` FOREIGN KEY (`user_id`) REFERENCES `user` (`id`)
) ENGINE=InnoDB DEFAULT CHARSET=utf8;
/*!40101 SET character_set_client = @saved_cs_client */;

--
-- Dumping data for table `user_groups`
--

LOCK TABLES `user_groups` WRITE;
/*!40000 ALTER TABLE `user_groups` DISABLE KEYS */;
/*!40000 ALTER TABLE `user_groups` ENABLE KEYS */;
UNLOCK TABLES;

--
-- Table structure for table `user_user_permissions`
--

DROP TABLE IF EXISTS `user_user_permissions`;
/*!40101 SET @saved_cs_client     = @@character_set_client */;
/*!40101 SET character_set_client = utf8 */;
CREATE TABLE `user_user_permissions` (
  `id` int(11) NOT NULL AUTO_INCREMENT,
  `user_id` char(32) NOT NULL,
  `permission_id` int(11) NOT NULL,
  PRIMARY KEY (`id`),
  UNIQUE KEY `user_user_permissions_user_id_permission_id_7dc6e2e0_uniq` (`user_id`,`permission_id`),
  KEY `user_user_permission_permission_id_9deb68a3_fk_auth_perm` (`permission_id`),
  CONSTRAINT `user_user_permission_permission_id_9deb68a3_fk_auth_perm` FOREIGN KEY (`permission_id`) REFERENCES `auth_permission` (`id`),
  CONSTRAINT `user_user_permissions_user_id_ed4a47ea_fk_user_id` FOREIGN KEY (`user_id`) REFERENCES `user` (`id`)
) ENGINE=InnoDB DEFAULT CHARSET=utf8;
/*!40101 SET character_set_client = @saved_cs_client */;

--
-- Dumping data for table `user_user_permissions`
--

LOCK TABLES `user_user_permissions` WRITE;
/*!40000 ALTER TABLE `user_user_permissions` DISABLE KEYS */;
/*!40000 ALTER TABLE `user_user_permissions` ENABLE KEYS */;
UNLOCK TABLES;
/*!40103 SET TIME_ZONE=@OLD_TIME_ZONE */;

/*!40101 SET SQL_MODE=@OLD_SQL_MODE */;
/*!40014 SET FOREIGN_KEY_CHECKS=@OLD_FOREIGN_KEY_CHECKS */;
/*!40014 SET UNIQUE_CHECKS=@OLD_UNIQUE_CHECKS */;
/*!40101 SET CHARACTER_SET_CLIENT=@OLD_CHARACTER_SET_CLIENT */;
/*!40101 SET CHARACTER_SET_RESULTS=@OLD_CHARACTER_SET_RESULTS */;
/*!40101 SET COLLATION_CONNECTION=@OLD_COLLATION_CONNECTION */;
/*!40111 SET SQL_NOTES=@OLD_SQL_NOTES */;

-- Dump completed on 2019-04-03 21:26:32
